nft_id,trade_price,floor_price,Accessories,Background,Body,Eyes,Hat,Mouth,Accessories_Background_freq,Accessories_Body_freq,Accessories_Eyes_freq,Accessories_Hat_freq,Accessories_Mouth_freq,Background_Body_freq,Background_Eyes_freq,Background_Hat_freq,Background_Mouth_freq,Body_Eyes_freq,Body_Hat_freq,Body_Mouth_freq,Eyes_Hat_freq,Eyes_Mouth_freq,Hat_Mouth_freq,Mouth_freq,Accessories_freq,Background_freq,Body_freq,Eyes_freq,Hat_freq
1088,4.0,4.0,Tie,Midnight Sapphire Blue,Lilac,White Round Shades,No Hat,Sad,0.0073,0.0053,0.0047,0.024,0.0087,0.0053,0.0127,0.0367,0.0153,0.006,0.016,0.0073,0.0327,0.012,0.0387,0.118,0.0627,0.1167,0.0433,0.0987,0.3147
1088,5.16,5.16,Tie,Midnight Sapphire Blue,Lilac,White Round Shades,No Hat,Sad,0.0073,0.0053,0.0047,0.024,0.0087,0.0053,0.0127,0.0367,0.0153,0.006,0.016,0.0073,0.0327,0.012,0.0387,0.118,0.0627,0.1167,0.0433,0.0987,0.3147
1088,8.15,8.15,Tie,Midnight Sapphire Blue,Lilac,White Round Shades,No Hat,Sad,0.0073,0.0053,0.0047,0.024,0.0087,0.0053,0.0127,0.0367,0.0153,0.006,0.016,0.0073,0.0327,0.012,0.0387,0.118,0.0627,0.1167,0.0433,0.0987,0.3147
1088,4.14,4.14,Tie,Midnight Sapphire Blue,Lilac,White Round Shades,No Hat,Sad,0.0073,0.0053,0.0047,0.024,0.0087,0.0053,0.0127,0.0367,0.0153,0.006,0.016,0.0073,0.0327,0.012,0.0387,0.118,0.0627,0.1167,0.0433,0.0987,0.3147
1065,4.0,4.0,nan,Spiced Orange,Tan,White Shades,Headphones,Toothy,0.0527,0.066,0.066,0.022,0.074,0.0207,0.0147,0.0053,0.02,0.0207,0.0087,0.032,0.0087,0.03,0.0087,0.1853,0.4247,0.118,0.1553,0.148,0.05
1026,4.0,4.0,Red Bandana,Rose Quartz Pink,Black,Eye Patch,No Hat,Mustache,0.0113,0.0253,0.012,0.0307,0.0087,0.032,0.014,0.0407,0.0093,0.018,0.0727,0.0213,0.0267,0.0067,0.022,0.0767,0.092,0.116,0.2333,0.08,0.3147
1026,4.61,4.61,Red Bandana,Rose Quartz Pink,Black,Eye Patch,No Hat,Mustache,0.0113,0.0253,0.012,0.0307,0.0087,0.032,0.014,0.0407,0.0093,0.018,0.0727,0.0213,0.0267,0.0067,0.022,0.0767,0.092,0.116,0.2333,0.08,0.3147
1099,4.0,4.0,nan,Forest Moss Green,Tan - Overweight,Normal,No Hat,Surprised,0.0467,0.0313,0.102,0.132,0.056,0.0067,0.034,0.0447,0.0147,0.016,0.016,0.0067,0.0747,0.03,0.0407,0.1187,0.4247,0.1247,0.0727,0.2567,0.3147
1099,6.79,6.79,nan,Forest Moss Green,Tan - Overweight,Normal,No Hat,Surprised,0.0467,0.0313,0.102,0.132,0.056,0.0067,0.034,0.0447,0.0147,0.016,0.016,0.0067,0.0747,0.03,0.0407,0.1187,0.4247,0.1247,0.0727,0.2567,0.3147
1099,4.75,4.75,nan,Forest Moss Green,Tan - Overweight,Normal,No Hat,Surprised,0.0467,0.0313,0.102,0.132,0.056,0.0067,0.034,0.0447,0.0147,0.016,0.016,0.0067,0.0747,0.03,0.0407,0.1187,0.4247,0.1247,0.0727,0.2567,0.3147
325,4.0,4.0,nan,Stormcloud Grey,Tan,White Round Shades,Headband,Happy,0.0467,0.066,0.0427,0.016,0.0967,0.0167,0.016,0.0047,0.022,0.0207,0.012,0.028,0.004,0.0207,0.0113,0.226,0.4247,0.1187,0.1553,0.0987,0.0447
325,9.15,9.15,nan,Stormcloud Grey,Tan,White Round Shades,Headband,Happy,0.0467,0.066,0.0427,0.016,0.0967,0.0167,0.016,0.0047,0.022,0.0207,0.012,0.028,0.004,0.0207,0.0113,0.226,0.4247,0.1187,0.1553,0.0987,0.0447
860,4.02,4.02,nan,Rose Quartz Pink,Cream,White Shades,No Hat,Happy,0.048,0.0327,0.066,0.132,0.0967,0.0093,0.0207,0.0407,0.0247,0.01,0.0347,0.018,0.0487,0.034,0.0707,0.226,0.4247,0.116,0.0787,0.148,0.3147
838,4.13,4.02,Scarf,Sunlit Gold,Tan,White Shades,Headband,Happy,0.0193,0.0227,0.0187,0.0113,0.0353,0.0267,0.026,0.0093,0.04,0.0207,0.012,0.028,0.0087,0.034,0.0113,0.226,0.1393,0.15,0.1553,0.148,0.0447
838,6.85,6.85,Scarf,Sunlit Gold,Tan,White Shades,Headband,Happy,0.0193,0.0227,0.0187,0.0113,0.0353,0.0267,0.026,0.0093,0.04,0.0207,0.012,0.028,0.0087,0.034,0.0113,0.226,0.1393,0.15,0.1553,0.148,0.0447
837,7.13,4.02,nan,Sunlit Gold,Tan,Drowsy Laser Eyes,No Hat,Happy,0.0673,0.066,0.0047,0.132,0.0967,0.0267,0.0013,0.044,0.04,0.0027,0.048,0.028,0.0033,0.0027,0.0707,0.226,0.4247,0.15,0.1553,0.0087,0.3147
837,11.49,6.77,nan,Sunlit Gold,Tan,Drowsy Laser Eyes,No Hat,Happy,0.0673,0.066,0.0047,0.132,0.0967,0.0267,0.0013,0.044,0.04,0.0027,0.048,0.028,0.0033,0.0027,0.0707,0.226,0.4247,0.15,0.1553,0.0087,0.3147
837,5.34,2.85,nan,Sunlit Gold,Tan,Drowsy Laser Eyes,No Hat,Happy,0.0673,0.066,0.0047,0.132,0.0967,0.0267,0.0013,0.044,0.04,0.0027,0.048,0.028,0.0033,0.0027,0.0707,0.226,0.4247,0.15,0.1553,0.0087,0.3147
643,6.2,4.07,Samurai Sword,Spiced Orange,Black - Overweight,Drowsy,Elvis,Mustache,0.0027,0.0027,0.0013,0.0027,0.0033,0.018,0.004,0.0093,0.0067,0.01,0.0127,0.0127,0.004,0.002,0.0047,0.0767,0.0187,0.118,0.1773,0.0407,0.07
643,7.13,5.36,Samurai Sword,Spiced Orange,Black - Overweight,Drowsy,Elvis,Mustache,0.0027,0.0027,0.0013,0.0027,0.0033,0.018,0.004,0.0093,0.0067,0.01,0.0127,0.0127,0.004,0.002,0.0047,0.0767,0.0187,0.118,0.1773,0.0407,0.07
643,4.24,3.44,Samurai Sword,Spiced Orange,Black - Overweight,Drowsy,Elvis,Mustache,0.0027,0.0027,0.0013,0.0027,0.0033,0.018,0.004,0.0093,0.0067,0.01,0.0127,0.0127,0.004,0.002,0.0047,0.0767,0.0187,0.118,0.1773,0.0407,0.07
1483,5.17,4.07,Red Bandana,Sunlit Gold,Black - Overweight,Laser Eyes,Cowboy,Happy,0.0147,0.018,0.0027,0.002,0.0267,0.032,0.0027,0.01,0.04,0.0053,0.0147,0.042,0.0007,0.004,0.0127,0.226,0.092,0.15,0.1773,0.0167,0.058
1483,6.05,5.96,Red Bandana,Sunlit Gold,Black - Overweight,Laser Eyes,Cowboy,Happy,0.0147,0.018,0.0027,0.002,0.0267,0.032,0.0027,0.01,0.04,0.0053,0.0147,0.042,0.0007,0.004,0.0127,0.226,0.092,0.15,0.1773,0.0167,0.058
1483,7.59,7.59,Red Bandana,Sunlit Gold,Black - Overweight,Laser Eyes,Cowboy,Happy,0.0147,0.018,0.0027,0.002,0.0267,0.032,0.0027,0.01,0.04,0.0053,0.0147,0.042,0.0007,0.004,0.0127,0.226,0.092,0.15,0.1773,0.0167,0.058
1483,10.22,8.52,Red Bandana,Sunlit Gold,Black - Overweight,Laser Eyes,Cowboy,Happy,0.0147,0.018,0.0027,0.002,0.0267,0.032,0.0027,0.01,0.04,0.0053,0.0147,0.042,0.0007,0.004,0.0127,0.226,0.092,0.15,0.1773,0.0167,0.058
1483,5.45,4.31,Red Bandana,Sunlit Gold,Black - Overweight,Laser Eyes,Cowboy,Happy,0.0147,0.018,0.0027,0.002,0.0267,0.032,0.0027,0.01,0.04,0.0053,0.0147,0.042,0.0007,0.004,0.0127,0.226,0.092,0.15,0.1773,0.0167,0.058
1483,1.69,1.64,Red Bandana,Sunlit Gold,Black - Overweight,Laser Eyes,Cowboy,Happy,0.0147,0.018,0.0027,0.002,0.0267,0.032,0.0027,0.01,0.04,0.0053,0.0147,0.042,0.0007,0.004,0.0127,0.226,0.092,0.15,0.1773,0.0167,0.058
1095,4.07,4.07,Tie,Lavender Dusk Purple,Blue,Nouns Glasses,Headband,Toothy,0.0087,0.0027,0.004,0.0027,0.0107,0.0073,0.0033,0.0047,0.022,0.0033,0.004,0.0113,0.002,0.0067,0.0107,0.1853,0.0627,0.1187,0.0633,0.0393,0.0447
1095,6.74,6.74,Tie,Lavender Dusk Purple,Blue,Nouns Glasses,Headband,Toothy,0.0087,0.0027,0.004,0.0027,0.0107,0.0073,0.0033,0.0047,0.022,0.0033,0.004,0.0113,0.002,0.0067,0.0107,0.1853,0.0627,0.1187,0.0633,0.0393,0.0447
1095,7.18,7.18,Tie,Lavender Dusk Purple,Blue,Nouns Glasses,Headband,Toothy,0.0087,0.0027,0.004,0.0027,0.0107,0.0073,0.0033,0.0047,0.022,0.0033,0.004,0.0113,0.002,0.0067,0.0107,0.1853,0.0627,0.1187,0.0633,0.0393,0.0447
1095,8.21,8.21,Tie,Lavender Dusk Purple,Blue,Nouns Glasses,Headband,Toothy,0.0087,0.0027,0.004,0.0027,0.0107,0.0073,0.0033,0.0047,0.022,0.0033,0.004,0.0113,0.002,0.0067,0.0107,0.1853,0.0627,0.1187,0.0633,0.0393,0.0447
1095,8.56,8.56,Tie,Lavender Dusk Purple,Blue,Nouns Glasses,Headband,Toothy,0.0087,0.0027,0.004,0.0027,0.0107,0.0073,0.0033,0.0047,0.022,0.0033,0.004,0.0113,0.002,0.0067,0.0107,0.1853,0.0627,0.1187,0.0633,0.0393,0.0447
420,4.07,4.07,Bow Tie,Spiced Orange,Blue,Gold Shades,No Hat,Happy,0.0133,0.008,0.004,0.0307,0.0207,0.006,0.0033,0.032,0.0307,0.0027,0.0207,0.012,0.004,0.0067,0.0707,0.226,0.0933,0.118,0.0633,0.02,0.3147
420,8.92,8.92,Bow Tie,Spiced Orange,Blue,Gold Shades,No Hat,Happy,0.0133,0.008,0.004,0.0307,0.0207,0.006,0.0033,0.032,0.0307,0.0027,0.0207,0.012,0.004,0.0067,0.0707,0.226,0.0933,0.118,0.0633,0.02,0.3147
420,4.37,4.37,Bow Tie,Spiced Orange,Blue,Gold Shades,No Hat,Happy,0.0133,0.008,0.004,0.0307,0.0207,0.006,0.0033,0.032,0.0307,0.0027,0.0207,0.012,0.004,0.0067,0.0707,0.226,0.0933,0.118,0.0633,0.02,0.3147
178,4.57,4.07,Red Bandana,Midnight Sapphire Blue,Lilac,White Round Shades,No Hat,Feral,0.0113,0.004,0.008,0.0307,0.0047,0.0053,0.0127,0.0367,0.0053,0.006,0.016,0.0033,0.0327,0.0073,0.0153,0.048,0.092,0.1167,0.0433,0.0987,0.3147
178,4.07,4.07,Red Bandana,Midnight Sapphire Blue,Lilac,White Round Shades,No Hat,Feral,0.0113,0.004,0.008,0.0307,0.0047,0.0053,0.0127,0.0367,0.0053,0.006,0.016,0.0033,0.0327,0.0073,0.0153,0.048,0.092,0.1167,0.0433,0.0987,0.3147
178,7.05,7.05,Red Bandana,Midnight Sapphire Blue,Lilac,White Round Shades,No Hat,Feral,0.0113,0.004,0.008,0.0307,0.0047,0.0053,0.0127,0.0367,0.0053,0.006,0.016,0.0033,0.0327,0.0073,0.0153,0.048,0.092,0.1167,0.0433,0.0987,0.3147
178,9.01,9.01,Red Bandana,Midnight Sapphire Blue,Lilac,White Round Shades,No Hat,Feral,0.0113,0.004,0.008,0.0307,0.0047,0.0053,0.0127,0.0367,0.0053,0.006,0.016,0.0033,0.0327,0.0073,0.0153,0.048,0.092,0.1167,0.0433,0.0987,0.3147
178,8.44,8.44,Red Bandana,Midnight Sapphire Blue,Lilac,White Round Shades,No Hat,Feral,0.0113,0.004,0.008,0.0307,0.0047,0.0053,0.0127,0.0367,0.0053,0.006,0.016,0.0033,0.0327,0.0073,0.0153,0.048,0.092,0.1167,0.0433,0.0987,0.3147
178,4.61,4.61,Red Bandana,Midnight Sapphire Blue,Lilac,White Round Shades,No Hat,Feral,0.0113,0.004,0.008,0.0307,0.0047,0.0053,0.0127,0.0367,0.0053,0.006,0.016,0.0033,0.0327,0.0073,0.0153,0.048,0.092,0.1167,0.0433,0.0987,0.3147
1244,4.07,4.07,nan,Sunlit Gold,Chocolate,Goggles,Party Hat,Toothy,0.0673,0.0173,0.0267,0.0247,0.074,0.004,0.0087,0.008,0.0293,0.0013,0.004,0.0087,0.0033,0.012,0.0073,0.1853,0.4247,0.15,0.0433,0.0573,0.05
1244,8.95,8.95,nan,Sunlit Gold,Chocolate,Goggles,Party Hat,Toothy,0.0673,0.0173,0.0267,0.0247,0.074,0.004,0.0087,0.008,0.0293,0.0013,0.004,0.0087,0.0033,0.012,0.0073,0.1853,0.4247,0.15,0.0433,0.0573,0.05
1244,3.64,3.64,nan,Sunlit Gold,Chocolate,Goggles,Party Hat,Toothy,0.0673,0.0173,0.0267,0.0247,0.074,0.004,0.0087,0.008,0.0293,0.0013,0.004,0.0087,0.0033,0.012,0.0073,0.1853,0.4247,0.15,0.0433,0.0573,0.05
678,8.46,4.07,Cape,Forest Moss Green,Black - Overweight,Red Shades,No Hat,Drooling,0.0007,0.0033,0.002,0.0027,0.0013,0.026,0.01,0.0447,0.008,0.012,0.0607,0.0133,0.0213,0.0033,0.0253,0.07,0.01,0.1247,0.1773,0.0687,0.3147
678,5.9,3.38,Cape,Forest Moss Green,Black - Overweight,Red Shades,No Hat,Drooling,0.0007,0.0033,0.002,0.0027,0.0013,0.026,0.01,0.0447,0.008,0.012,0.0607,0.0133,0.0213,0.0033,0.0253,0.07,0.01,0.1247,0.1773,0.0687,0.3147
307,4.07,4.07,Tie,Rose Quartz Pink,Black,Goggles,Cylinder,Drooling,0.0087,0.0167,0.0027,0.0047,0.0053,0.032,0.006,0.004,0.0087,0.016,0.008,0.02,0.0013,0.0047,0.0027,0.07,0.0627,0.116,0.2333,0.0573,0.0493
307,6.8,6.8,Tie,Rose Quartz Pink,Black,Goggles,Cylinder,Drooling,0.0087,0.0167,0.0027,0.0047,0.0053,0.032,0.006,0.004,0.0087,0.016,0.008,0.02,0.0013,0.0047,0.0027,0.07,0.0627,0.116,0.2333,0.0573,0.0493
307,8.39,8.39,Tie,Rose Quartz Pink,Black,Goggles,Cylinder,Drooling,0.0087,0.0167,0.0027,0.0047,0.0053,0.032,0.006,0.004,0.0087,0.016,0.008,0.02,0.0013,0.0047,0.0027,0.07,0.0627,0.116,0.2333,0.0573,0.0493
423,4.07,4.07,nan,Lavender Dusk Purple,Black,Eye Patch,Pirate,Happy,0.0507,0.0873,0.0313,0.03,0.0967,0.03,0.0093,0.0107,0.0213,0.018,0.0147,0.0613,0.006,0.0173,0.014,0.226,0.4247,0.1187,0.2333,0.08,0.06
423,7.03,7.03,nan,Lavender Dusk Purple,Black,Eye Patch,Pirate,Happy,0.0507,0.0873,0.0313,0.03,0.0967,0.03,0.0093,0.0107,0.0213,0.018,0.0147,0.0613,0.006,0.0173,0.014,0.226,0.4247,0.1187,0.2333,0.08,0.06
423,8.39,8.39,nan,Lavender Dusk Purple,Black,Eye Patch,Pirate,Happy,0.0507,0.0873,0.0313,0.03,0.0967,0.03,0.0093,0.0107,0.0213,0.018,0.0147,0.0613,0.006,0.0173,0.014,0.226,0.4247,0.1187,0.2333,0.08,0.06
687,4.68,4.07,nan,Midnight Sapphire Blue,Black,Gold Shades,Afro,Happy,0.0567,0.0873,0.006,0.034,0.0967,0.0233,0.002,0.0107,0.0253,0.0047,0.0193,0.0613,0.002,0.0067,0.0113,0.226,0.4247,0.1167,0.2333,0.02,0.07
1355,4.07,4.07,nan,Sunlit Gold,Black,Normal,Afro,Toothy,0.0673,0.0873,0.102,0.034,0.074,0.0313,0.0427,0.0133,0.0293,0.0613,0.0193,0.0347,0.0173,0.0513,0.0153,0.1853,0.4247,0.15,0.2333,0.2567,0.07
1355,8.19,8.19,nan,Sunlit Gold,Black,Normal,Afro,Toothy,0.0673,0.0873,0.102,0.034,0.074,0.0313,0.0427,0.0133,0.0293,0.0613,0.0193,0.0347,0.0173,0.0513,0.0153,0.1853,0.4247,0.15,0.2333,0.2567,0.07
1355,3.85,3.85,nan,Sunlit Gold,Black,Normal,Afro,Toothy,0.0673,0.0873,0.102,0.034,0.074,0.0313,0.0427,0.0133,0.0293,0.0613,0.0193,0.0347,0.0173,0.0513,0.0153,0.1853,0.4247,0.15,0.2333,0.2567,0.07
823,4.05,4.05,Neck Tattoo,Seashell Pink,Black,White Round Shades,No Hat,Panting,0.0047,0.0087,0.004,0.0067,0.0027,0.0253,0.01,0.0373,0.004,0.024,0.0727,0.0127,0.0327,0.004,0.0173,0.048,0.03,0.118,0.2333,0.0987,0.3147
823,5.01,5.01,Neck Tattoo,Seashell Pink,Black,White Round Shades,No Hat,Panting,0.0047,0.0087,0.004,0.0067,0.0027,0.0253,0.01,0.0373,0.004,0.024,0.0727,0.0127,0.0327,0.004,0.0173,0.048,0.03,0.118,0.2333,0.0987,0.3147
823,7.59,7.59,Neck Tattoo,Seashell Pink,Black,White Round Shades,No Hat,Panting,0.0047,0.0087,0.004,0.0067,0.0027,0.0253,0.01,0.0373,0.004,0.024,0.0727,0.0127,0.0327,0.004,0.0173,0.048,0.03,0.118,0.2333,0.0987,0.3147
823,1.54,1.54,Neck Tattoo,Seashell Pink,Black,White Round Shades,No Hat,Panting,0.0047,0.0087,0.004,0.0067,0.0027,0.0253,0.01,0.0373,0.004,0.024,0.0727,0.0127,0.0327,0.004,0.0173,0.048,0.03,0.118,0.2333,0.0987,0.3147
1014,4.05,4.05,Red Bandana,Spiced Orange,Tan - Overweight,White Shades,No Hat,Vampire,0.0087,0.006,0.0133,0.0307,0.006,0.0053,0.0147,0.032,0.0067,0.0153,0.016,0.0047,0.0487,0.0107,0.0207,0.0593,0.092,0.118,0.0727,0.148,0.3147
1014,3.67,3.67,Red Bandana,Spiced Orange,Tan - Overweight,White Shades,No Hat,Vampire,0.0087,0.006,0.0133,0.0307,0.006,0.0053,0.0147,0.032,0.0067,0.0153,0.016,0.0047,0.0487,0.0107,0.0207,0.0593,0.092,0.118,0.0727,0.148,0.3147
799,4.09,4.09,nan,Midnight Sapphire Blue,Black,Normal,Elvis,Happy,0.0567,0.0873,0.102,0.0273,0.0967,0.0233,0.03,0.008,0.0253,0.0613,0.018,0.0613,0.0167,0.0553,0.0207,0.226,0.4247,0.1167,0.2333,0.2567,0.07
799,7.03,7.03,nan,Midnight Sapphire Blue,Black,Normal,Elvis,Happy,0.0567,0.0873,0.102,0.0273,0.0967,0.0233,0.03,0.008,0.0253,0.0613,0.018,0.0613,0.0167,0.0553,0.0207,0.226,0.4247,0.1167,0.2333,0.2567,0.07
878,4.09,4.09,Bow Tie,Forest Moss Green,Cream,Nouns Glasses,No Hat,Bubble Gum,0.0147,0.008,0.0033,0.0307,0.004,0.0087,0.0067,0.0447,0.0093,0.004,0.0347,0.0053,0.012,0.0013,0.0107,0.05,0.0933,0.1247,0.0787,0.0393,0.3147
878,5.3,5.3,Bow Tie,Forest Moss Green,Cream,Nouns Glasses,No Hat,Bubble Gum,0.0147,0.008,0.0033,0.0307,0.004,0.0087,0.0067,0.0447,0.0093,0.004,0.0347,0.0053,0.012,0.0013,0.0107,0.05,0.0933,0.1247,0.0787,0.0393,0.3147
878,8.15,8.15,Bow Tie,Forest Moss Green,Cream,Nouns Glasses,No Hat,Bubble Gum,0.0147,0.008,0.0033,0.0307,0.004,0.0087,0.0067,0.0447,0.0093,0.004,0.0347,0.0053,0.012,0.0013,0.0107,0.05,0.0933,0.1247,0.0787,0.0393,0.3147
343,4.12,4.12,nan,Forest Moss Green,Black,Nouns Glasses,Sobrero,Happy,0.0467,0.0873,0.018,0.02,0.0967,0.032,0.0067,0.006,0.0267,0.0087,0.018,0.0613,0.0027,0.008,0.0173,0.226,0.4247,0.1247,0.2333,0.0393,0.06
343,7.03,7.03,nan,Forest Moss Green,Black,Nouns Glasses,Sobrero,Happy,0.0467,0.0873,0.018,0.02,0.0967,0.032,0.0067,0.006,0.0267,0.0087,0.018,0.0613,0.0027,0.008,0.0173,0.226,0.4247,0.1247,0.2333,0.0393,0.06
1000,4.86,4.12,Scarf,Sunlit Gold,Lilac,Normal,No Hat,Sad,0.0193,0.0047,0.0467,0.0473,0.0187,0.0087,0.0427,0.044,0.014,0.0133,0.016,0.0073,0.0747,0.0293,0.0387,0.118,0.1393,0.15,0.0433,0.2567,0.3147
1000,5.49,5.49,Scarf,Sunlit Gold,Lilac,Normal,No Hat,Sad,0.0193,0.0047,0.0467,0.0473,0.0187,0.0087,0.0427,0.044,0.014,0.0133,0.016,0.0073,0.0747,0.0293,0.0387,0.118,0.1393,0.15,0.0433,0.2567,0.3147
1000,8.14,8.14,Scarf,Sunlit Gold,Lilac,Normal,No Hat,Sad,0.0193,0.0047,0.0467,0.0473,0.0187,0.0087,0.0427,0.044,0.014,0.0133,0.016,0.0073,0.0747,0.0293,0.0387,0.118,0.1393,0.15,0.0433,0.2567,0.3147
925,4.12,4.12,Gold Chain,Rose Quartz Pink,Tan,Eye Patch,Cowboy,Mustache,0.01,0.0113,0.0073,0.0087,0.008,0.018,0.014,0.0067,0.0093,0.0113,0.0047,0.012,0.0047,0.0067,0.0047,0.0767,0.09,0.116,0.1553,0.08,0.058
1156,4.12,4.12,Gold Chain,Stormcloud Grey,Sable,Nouns Glasses,Elvis,Mustache,0.0153,0.01,0.0033,0.012,0.008,0.006,0.0047,0.01,0.0087,0.002,0.0067,0.0073,0.0027,0.0067,0.0047,0.0767,0.09,0.1187,0.0633,0.0393,0.07
1156,4.52,4.52,Gold Chain,Stormcloud Grey,Sable,Nouns Glasses,Elvis,Mustache,0.0153,0.01,0.0033,0.012,0.008,0.006,0.0047,0.01,0.0087,0.002,0.0067,0.0073,0.0027,0.0067,0.0047,0.0767,0.09,0.1187,0.0633,0.0393,0.07
948,7.75,4.12,nan,Stormcloud Grey,Zombie,Goggles,Sobrero,Toothy,0.0467,0.0047,0.0267,0.02,0.074,0.0013,0.0073,0.0093,0.0193,0.002,0.0007,0.0007,0.0033,0.012,0.0133,0.1853,0.4247,0.1187,0.01,0.0573,0.06
948,13.41,8.03,nan,Stormcloud Grey,Zombie,Goggles,Sobrero,Toothy,0.0467,0.0047,0.0267,0.02,0.074,0.0013,0.0073,0.0093,0.0193,0.002,0.0007,0.0007,0.0033,0.012,0.0133,0.1853,0.4247,0.1187,0.01,0.0573,0.06
948,19.51,8.95,nan,Stormcloud Grey,Zombie,Goggles,Sobrero,Toothy,0.0467,0.0047,0.0267,0.02,0.074,0.0013,0.0073,0.0093,0.0193,0.002,0.0007,0.0007,0.0033,0.012,0.0133,0.1853,0.4247,0.1187,0.01,0.0573,0.06
948,17.46,8.99,nan,Stormcloud Grey,Zombie,Goggles,Sobrero,Toothy,0.0467,0.0047,0.0267,0.02,0.074,0.0013,0.0073,0.0093,0.0193,0.002,0.0007,0.0007,0.0033,0.012,0.0133,0.1853,0.4247,0.1187,0.01,0.0573,0.06
948,18.44,7.59,nan,Stormcloud Grey,Zombie,Goggles,Sobrero,Toothy,0.0467,0.0047,0.0267,0.02,0.074,0.0013,0.0073,0.0093,0.0193,0.002,0.0007,0.0007,0.0033,0.012,0.0133,0.1853,0.4247,0.1187,0.01,0.0573,0.06
948,9.07,4.75,nan,Stormcloud Grey,Zombie,Goggles,Sobrero,Toothy,0.0467,0.0047,0.0267,0.02,0.074,0.0013,0.0073,0.0093,0.0193,0.002,0.0007,0.0007,0.0033,0.012,0.0133,0.1853,0.4247,0.1187,0.01,0.0573,0.06
655,4.12,4.12,nan,Stormcloud Grey,Blue,Red Shades,Party Hat,Sad,0.0467,0.03,0.0293,0.0247,0.0447,0.0067,0.008,0.0053,0.016,0.0053,0.004,0.0073,0.0033,0.0093,0.0053,0.118,0.4247,0.1187,0.0633,0.0687,0.05
507,4.12,4.12,Red Bandana,Sunlit Gold,Black - Overweight,Goggles,No Hat,Panting,0.0147,0.018,0.004,0.0307,0.0073,0.032,0.0087,0.044,0.0047,0.0067,0.0607,0.0053,0.0167,0.0027,0.0173,0.048,0.092,0.15,0.1773,0.0573,0.3147
507,7.05,7.05,Red Bandana,Sunlit Gold,Black - Overweight,Goggles,No Hat,Panting,0.0147,0.018,0.004,0.0307,0.0073,0.032,0.0087,0.044,0.0047,0.0067,0.0607,0.0053,0.0167,0.0027,0.0173,0.048,0.092,0.15,0.1773,0.0573,0.3147
507,4.17,4.17,Red Bandana,Sunlit Gold,Black - Overweight,Goggles,No Hat,Panting,0.0147,0.018,0.004,0.0307,0.0073,0.032,0.0087,0.044,0.0047,0.0067,0.0607,0.0053,0.0167,0.0027,0.0173,0.048,0.092,0.15,0.1773,0.0573,0.3147
1142,4.19,4.19,Scarf,Forest Moss Green,Lilac,Normal,Cylinder,Happy,0.0233,0.0047,0.0467,0.0087,0.0353,0.0047,0.034,0.01,0.0267,0.0133,0.0013,0.0133,0.012,0.0553,0.0087,0.226,0.1393,0.1247,0.0433,0.2567,0.0493
1142,3.82,3.82,Scarf,Forest Moss Green,Lilac,Normal,Cylinder,Happy,0.0233,0.0047,0.0467,0.0087,0.0353,0.0047,0.034,0.01,0.0267,0.0133,0.0013,0.0133,0.012,0.0553,0.0087,0.226,0.1393,0.1247,0.0433,0.2567,0.0493
1007,4.19,4.19,Red Bandana,Spiced Orange,Black - Overweight,Normal,Slickback,Happy,0.0087,0.018,0.02,0.0053,0.0267,0.018,0.0253,0.0073,0.0307,0.0393,0.0067,0.042,0.018,0.0553,0.0073,0.226,0.092,0.118,0.1773,0.2567,0.0493
1007,4.96,4.27,Red Bandana,Spiced Orange,Black - Overweight,Normal,Slickback,Happy,0.0087,0.018,0.02,0.0053,0.0267,0.018,0.0253,0.0073,0.0307,0.0393,0.0067,0.042,0.018,0.0553,0.0073,0.226,0.092,0.118,0.1773,0.2567,0.0493
1007,6.93,6.93,Red Bandana,Spiced Orange,Black - Overweight,Normal,Slickback,Happy,0.0087,0.018,0.02,0.0053,0.0267,0.018,0.0253,0.0073,0.0307,0.0393,0.0067,0.042,0.018,0.0553,0.0073,0.226,0.092,0.118,0.1773,0.2567,0.0493
1007,5.02,5.02,Red Bandana,Spiced Orange,Black - Overweight,Normal,Slickback,Happy,0.0087,0.018,0.02,0.0053,0.0267,0.018,0.0253,0.0073,0.0307,0.0393,0.0067,0.042,0.018,0.0553,0.0073,0.226,0.092,0.118,0.1773,0.2567,0.0493
1007,4.14,4.14,Red Bandana,Spiced Orange,Black - Overweight,Normal,Slickback,Happy,0.0087,0.018,0.02,0.0053,0.0267,0.018,0.0253,0.0073,0.0307,0.0393,0.0067,0.042,0.018,0.0553,0.0073,0.226,0.092,0.118,0.1773,0.2567,0.0493
81,4.19,4.19,nan,Midnight Sapphire Blue,Black - Overweight,Nouns Glasses,Party Hat,Toothy,0.0567,0.08,0.018,0.0247,0.074,0.0173,0.0047,0.0073,0.0207,0.0047,0.008,0.0373,0.0033,0.0067,0.0073,0.1853,0.4247,0.1167,0.1773,0.0393,0.05
81,5.47,5.47,nan,Midnight Sapphire Blue,Black - Overweight,Nouns Glasses,Party Hat,Toothy,0.0567,0.08,0.018,0.0247,0.074,0.0173,0.0047,0.0073,0.0207,0.0047,0.008,0.0373,0.0033,0.0067,0.0073,0.1853,0.4247,0.1167,0.1773,0.0393,0.05
81,6.31,6.31,nan,Midnight Sapphire Blue,Black - Overweight,Nouns Glasses,Party Hat,Toothy,0.0567,0.08,0.018,0.0247,0.074,0.0173,0.0047,0.0073,0.0207,0.0047,0.008,0.0373,0.0033,0.0067,0.0073,0.1853,0.4247,0.1167,0.1773,0.0393,0.05
81,4.29,4.29,nan,Midnight Sapphire Blue,Black - Overweight,Nouns Glasses,Party Hat,Toothy,0.0567,0.08,0.018,0.0247,0.074,0.0173,0.0047,0.0073,0.0207,0.0047,0.008,0.0373,0.0033,0.0067,0.0073,0.1853,0.4247,0.1167,0.1773,0.0393,0.05
539,4.19,4.19,nan,Spiced Orange,Lilac,Red Round Shades,Cowboy,Toothy,0.0527,0.018,0.0233,0.0253,0.074,0.0073,0.008,0.0093,0.02,0.0027,0.0047,0.006,0.002,0.0127,0.0093,0.1853,0.4247,0.118,0.0433,0.0587,0.058
539,4.74,4.74,nan,Spiced Orange,Lilac,Red Round Shades,Cowboy,Toothy,0.0527,0.018,0.0233,0.0253,0.074,0.0073,0.008,0.0093,0.02,0.0027,0.0047,0.006,0.002,0.0127,0.0093,0.1853,0.4247,0.118,0.0433,0.0587,0.058
539,9.06,9.06,nan,Spiced Orange,Lilac,Red Round Shades,Cowboy,Toothy,0.0527,0.018,0.0233,0.0253,0.074,0.0073,0.008,0.0093,0.02,0.0027,0.0047,0.006,0.002,0.0127,0.0093,0.1853,0.4247,0.118,0.0433,0.0587,0.058
214,4.16,4.16,Tie,Sunlit Gold,Black - Overweight,Normal,Elvis,Feral,0.006,0.0127,0.0187,0.004,0.0047,0.032,0.0427,0.0073,0.0053,0.0393,0.0127,0.0093,0.0167,0.0147,0.0053,0.048,0.0627,0.15,0.1773,0.2567,0.07
214,3.83,3.83,Tie,Sunlit Gold,Black - Overweight,Normal,Elvis,Feral,0.006,0.0127,0.0187,0.004,0.0047,0.032,0.0427,0.0073,0.0053,0.0393,0.0127,0.0093,0.0167,0.0147,0.0053,0.048,0.0627,0.15,0.1773,0.2567,0.07
214,2.37,2.37,Tie,Sunlit Gold,Black - Overweight,Normal,Elvis,Feral,0.006,0.0127,0.0187,0.004,0.0047,0.032,0.0427,0.0073,0.0053,0.0393,0.0127,0.0093,0.0167,0.0147,0.0053,0.048,0.0627,0.15,0.1773,0.2567,0.07
239,5.03,4.16,nan,"Red, White, and Blue",Cream,Normal,Cylinder,Toothy,0.0047,0.0327,0.102,0.0193,0.074,0.0013,0.0013,0.0013,0.0013,0.0227,0.004,0.018,0.012,0.0513,0.0107,0.1853,0.4247,0.01,0.0787,0.2567,0.0493
239,6.45,5.07,nan,"Red, White, and Blue",Cream,Normal,Cylinder,Toothy,0.0047,0.0327,0.102,0.0193,0.074,0.0013,0.0013,0.0013,0.0013,0.0227,0.004,0.018,0.012,0.0513,0.0107,0.1853,0.4247,0.01,0.0787,0.2567,0.0493
224,9.8,4.16,Tie,Sunlit Gold,Tan,Goggles,Beret,Happy,0.006,0.01,0.0027,0.0007,0.01,0.0267,0.0087,0.0027,0.04,0.008,0.002,0.028,0.0013,0.0113,0.0027,0.226,0.0627,0.15,0.1553,0.0573,0.0093
224,17.03,7.05,Tie,Sunlit Gold,Tan,Goggles,Beret,Happy,0.006,0.01,0.0027,0.0007,0.01,0.0267,0.0087,0.0027,0.04,0.008,0.002,0.028,0.0013,0.0113,0.0027,0.226,0.0627,0.15,0.1553,0.0573,0.0093
224,23.89,8.57,Tie,Sunlit Gold,Tan,Goggles,Beret,Happy,0.006,0.01,0.0027,0.0007,0.01,0.0267,0.0087,0.0027,0.04,0.008,0.002,0.028,0.0013,0.0113,0.0027,0.226,0.0627,0.15,0.1553,0.0573,0.0093
224,7.19,3.41,Tie,Sunlit Gold,Tan,Goggles,Beret,Happy,0.006,0.01,0.0027,0.0007,0.01,0.0267,0.0087,0.0027,0.04,0.008,0.002,0.028,0.0013,0.0113,0.0027,0.226,0.0627,0.15,0.1553,0.0573,0.0093
224,12.15,4.43,Tie,Sunlit Gold,Tan,Goggles,Beret,Happy,0.006,0.01,0.0027,0.0007,0.01,0.0267,0.0087,0.0027,0.04,0.008,0.002,0.028,0.0013,0.0113,0.0027,0.226,0.0627,0.15,0.1553,0.0573,0.0093
448,4.16,4.16,Gold Chain,Spiced Orange,Black,Normal,No Hat,Surprised,0.0107,0.0267,0.0233,0.0273,0.014,0.0267,0.0253,0.032,0.0153,0.0613,0.0727,0.0267,0.0747,0.03,0.0407,0.1187,0.09,0.118,0.2333,0.2567,0.3147
448,8.44,8.44,Gold Chain,Spiced Orange,Black,Normal,No Hat,Surprised,0.0107,0.0267,0.0233,0.0273,0.014,0.0267,0.0253,0.032,0.0153,0.0613,0.0727,0.0267,0.0747,0.03,0.0407,0.1187,0.09,0.118,0.2333,0.2567,0.3147
448,7.03,7.03,Gold Chain,Spiced Orange,Black,Normal,No Hat,Surprised,0.0107,0.0267,0.0233,0.0273,0.014,0.0267,0.0253,0.032,0.0153,0.0613,0.0727,0.0267,0.0747,0.03,0.0407,0.1187,0.09,0.118,0.2333,0.2567,0.3147
151,4.16,4.16,nan,Sunlit Gold,Black,Normal,Headband,Mustache,0.0673,0.0873,0.102,0.016,0.0347,0.0313,0.0427,0.0093,0.0113,0.0613,0.0087,0.0213,0.0127,0.022,0.004,0.0767,0.4247,0.15,0.2333,0.2567,0.0447
151,3.41,3.41,nan,Sunlit Gold,Black,Normal,Headband,Mustache,0.0673,0.0873,0.102,0.016,0.0347,0.0313,0.0427,0.0093,0.0113,0.0613,0.0087,0.0213,0.0127,0.022,0.004,0.0767,0.4247,0.15,0.2333,0.2567,0.0447
922,4.19,4.19,nan,Midnight Sapphire Blue,Blue,Normal,No Hat,Happy,0.0567,0.03,0.102,0.132,0.0967,0.0093,0.03,0.0367,0.0253,0.0133,0.0207,0.012,0.0747,0.0553,0.0707,0.226,0.4247,0.1167,0.0633,0.2567,0.3147
922,5.71,5.71,nan,Midnight Sapphire Blue,Blue,Normal,No Hat,Happy,0.0567,0.03,0.102,0.132,0.0967,0.0093,0.03,0.0367,0.0253,0.0133,0.0207,0.012,0.0747,0.0553,0.0707,0.226,0.4247,0.1167,0.0633,0.2567,0.3147
922,5.33,5.33,nan,Midnight Sapphire Blue,Blue,Normal,No Hat,Happy,0.0567,0.03,0.102,0.132,0.0967,0.0093,0.03,0.0367,0.0253,0.0133,0.0207,0.012,0.0747,0.0553,0.0707,0.226,0.4247,0.1167,0.0633,0.2567,0.3147
1085,4.19,4.19,Bow Tie,Seashell Pink,Lilac,White Shades,Sobrero,Happy,0.0127,0.0033,0.0153,0.0047,0.0207,0.006,0.02,0.006,0.0307,0.0067,0.004,0.0133,0.01,0.034,0.0173,0.226,0.0933,0.118,0.0433,0.148,0.06
1085,7.18,7.18,Bow Tie,Seashell Pink,Lilac,White Shades,Sobrero,Happy,0.0127,0.0033,0.0153,0.0047,0.0207,0.006,0.02,0.006,0.0307,0.0067,0.004,0.0133,0.01,0.034,0.0173,0.226,0.0933,0.118,0.0433,0.148,0.06
46,4.19,4.19,Scarf,Spiced Orange,White,Normal,Headphones,Mustache,0.014,0.0087,0.0467,0.0067,0.008,0.0053,0.0253,0.0053,0.0067,0.0207,0.0027,0.0013,0.0153,0.022,0.0053,0.0767,0.1393,0.118,0.0593,0.2567,0.05
46,6.77,6.77,Scarf,Spiced Orange,White,Normal,Headphones,Mustache,0.014,0.0087,0.0467,0.0067,0.008,0.0053,0.0253,0.0053,0.0067,0.0207,0.0027,0.0013,0.0153,0.022,0.0053,0.0767,0.1393,0.118,0.0593,0.2567,0.05
843,4.2,4.2,Scarf,Forest Moss Green,Black,Normal,Sobrero,Mustache,0.0233,0.0347,0.0467,0.0067,0.008,0.032,0.034,0.006,0.008,0.0613,0.018,0.0213,0.016,0.022,0.0047,0.0767,0.1393,0.1247,0.2333,0.2567,0.06
843,4.14,4.14,Scarf,Forest Moss Green,Black,Normal,Sobrero,Mustache,0.0233,0.0347,0.0467,0.0067,0.008,0.032,0.034,0.006,0.008,0.0613,0.018,0.0213,0.016,0.022,0.0047,0.0767,0.1393,0.1247,0.2333,0.2567,0.06
843,4.43,4.43,Scarf,Forest Moss Green,Black,Normal,Sobrero,Mustache,0.0233,0.0347,0.0467,0.0067,0.008,0.032,0.034,0.006,0.008,0.0613,0.018,0.0213,0.016,0.022,0.0047,0.0767,0.1393,0.1247,0.2333,0.2567,0.06
886,4.2,4.2,nan,Rose Quartz Pink,Black - Overweight,Eye Patch,No Hat,Vampire,0.048,0.08,0.0313,0.132,0.026,0.0187,0.014,0.0407,0.0067,0.018,0.0607,0.0073,0.0267,0.0053,0.0207,0.0593,0.4247,0.116,0.1773,0.08,0.3147
886,6.95,6.8,nan,Rose Quartz Pink,Black - Overweight,Eye Patch,No Hat,Vampire,0.048,0.08,0.0313,0.132,0.026,0.0187,0.014,0.0407,0.0067,0.018,0.0607,0.0073,0.0267,0.0053,0.0207,0.0593,0.4247,0.116,0.1773,0.08,0.3147
886,5.39,5.32,nan,Rose Quartz Pink,Black - Overweight,Eye Patch,No Hat,Vampire,0.048,0.08,0.0313,0.132,0.026,0.0187,0.014,0.0407,0.0067,0.018,0.0607,0.0073,0.0267,0.0053,0.0207,0.0593,0.4247,0.116,0.1773,0.08,0.3147
886,5.07,5.07,nan,Rose Quartz Pink,Black - Overweight,Eye Patch,No Hat,Vampire,0.048,0.08,0.0313,0.132,0.026,0.0187,0.014,0.0407,0.0067,0.018,0.0607,0.0073,0.0267,0.0053,0.0207,0.0593,0.4247,0.116,0.1773,0.08,0.3147
886,3.2,3.2,nan,Rose Quartz Pink,Black - Overweight,Eye Patch,No Hat,Vampire,0.048,0.08,0.0313,0.132,0.026,0.0187,0.014,0.0407,0.0067,0.018,0.0607,0.0073,0.0267,0.0053,0.0207,0.0593,0.4247,0.116,0.1773,0.08,0.3147
781,4.28,4.2,nan,Lavender Dusk Purple,Black,VR Headset,Afro,Happy,0.0507,0.0873,0.01,0.034,0.0967,0.03,0.0033,0.006,0.0213,0.0047,0.0193,0.0613,0.002,0.006,0.0113,0.226,0.4247,0.1187,0.2333,0.0193,0.07
781,7.0,7.0,nan,Lavender Dusk Purple,Black,VR Headset,Afro,Happy,0.0507,0.0873,0.01,0.034,0.0967,0.03,0.0033,0.006,0.0213,0.0047,0.0193,0.0613,0.002,0.006,0.0113,0.226,0.4247,0.1187,0.2333,0.0193,0.07
781,3.72,3.72,nan,Lavender Dusk Purple,Black,VR Headset,Afro,Happy,0.0507,0.0873,0.01,0.034,0.0967,0.03,0.0033,0.006,0.0213,0.0047,0.0193,0.0613,0.002,0.006,0.0113,0.226,0.4247,0.1187,0.2333,0.0193,0.07
781,3.2,3.2,nan,Lavender Dusk Purple,Black,VR Headset,Afro,Happy,0.0507,0.0873,0.01,0.034,0.0967,0.03,0.0033,0.006,0.0213,0.0047,0.0193,0.0613,0.002,0.006,0.0113,0.226,0.4247,0.1187,0.2333,0.0193,0.07
950,4.22,4.2,nan,Sunlit Gold,Chocolate,3-D Glasses,Slickback,Drooling,0.0673,0.0173,0.012,0.016,0.032,0.004,0.0047,0.0087,0.0107,0.002,0.0047,0.0027,0.0007,0.0027,0.004,0.07,0.4247,0.15,0.0433,0.0293,0.0493
950,3.53,3.1,nan,Sunlit Gold,Chocolate,3-D Glasses,Slickback,Drooling,0.0673,0.0173,0.012,0.016,0.032,0.004,0.0047,0.0087,0.0107,0.002,0.0047,0.0027,0.0007,0.0027,0.004,0.07,0.4247,0.15,0.0433,0.0293,0.0493
950,0.94,0.94,nan,Sunlit Gold,Chocolate,3-D Glasses,Slickback,Drooling,0.0673,0.0173,0.012,0.016,0.032,0.004,0.0047,0.0087,0.0107,0.002,0.0047,0.0027,0.0007,0.0027,0.004,0.07,0.4247,0.15,0.0433,0.0293,0.0493
589,4.2,4.2,nan,Stormcloud Grey,Tan - Overweight,White Shades,Elvis,Toothy,0.0467,0.0313,0.066,0.0273,0.074,0.0127,0.02,0.01,0.0193,0.0153,0.0053,0.0147,0.0113,0.03,0.0113,0.1853,0.4247,0.1187,0.0727,0.148,0.07
589,5.23,5.23,nan,Stormcloud Grey,Tan - Overweight,White Shades,Elvis,Toothy,0.0467,0.0313,0.066,0.0273,0.074,0.0127,0.02,0.01,0.0193,0.0153,0.0053,0.0147,0.0113,0.03,0.0113,0.1853,0.4247,0.1187,0.0727,0.148,0.07
436,14.2,4.2,Tie,Lavender Dusk Purple,Zombie,Laser Eyes,No Hat,Vampire,0.0087,0.0007,0.0007,0.024,0.0047,0.002,0.0033,0.0367,0.0073,0.0007,0.002,0.0027,0.006,0.002,0.0207,0.0593,0.0627,0.1187,0.01,0.0167,0.3147
436,15.79,4.39,Tie,Lavender Dusk Purple,Zombie,Laser Eyes,No Hat,Vampire,0.0087,0.0007,0.0007,0.024,0.0047,0.002,0.0033,0.0367,0.0073,0.0007,0.002,0.0027,0.006,0.002,0.0207,0.0593,0.0627,0.1187,0.01,0.0167,0.3147
436,25.21,6.37,Tie,Lavender Dusk Purple,Zombie,Laser Eyes,No Hat,Vampire,0.0087,0.0007,0.0007,0.024,0.0047,0.002,0.0033,0.0367,0.0073,0.0007,0.002,0.0027,0.006,0.002,0.0207,0.0593,0.0627,0.1187,0.01,0.0167,0.3147
436,34.01,9.15,Tie,Lavender Dusk Purple,Zombie,Laser Eyes,No Hat,Vampire,0.0087,0.0007,0.0007,0.024,0.0047,0.002,0.0033,0.0367,0.0073,0.0007,0.002,0.0027,0.006,0.002,0.0207,0.0593,0.0627,0.1187,0.01,0.0167,0.3147
436,7.3,1.76,Tie,Lavender Dusk Purple,Zombie,Laser Eyes,No Hat,Vampire,0.0087,0.0007,0.0007,0.024,0.0047,0.002,0.0033,0.0367,0.0073,0.0007,0.002,0.0027,0.006,0.002,0.0207,0.0593,0.0627,0.1187,0.01,0.0167,0.3147
313,4.2,4.2,Scarf,Forest Moss Green,Black,Normal,Slickback,Drooling,0.0233,0.0347,0.0467,0.0093,0.006,0.032,0.034,0.0053,0.008,0.0613,0.0147,0.02,0.018,0.0173,0.004,0.07,0.1393,0.1247,0.2333,0.2567,0.0493
313,5.3,5.3,Scarf,Forest Moss Green,Black,Normal,Slickback,Drooling,0.0233,0.0347,0.0467,0.0093,0.006,0.032,0.034,0.0053,0.008,0.0613,0.0147,0.02,0.018,0.0173,0.004,0.07,0.1393,0.1247,0.2333,0.2567,0.0493
87,4.2,4.2,Wings,Stormcloud Grey,White,White Round Shades,No Hat,Happy,0.002,0.0007,0.0027,0.004,0.0067,0.0107,0.016,0.0367,0.022,0.0053,0.0187,0.0113,0.0327,0.0207,0.0707,0.226,0.0193,0.1187,0.0593,0.0987,0.3147
1311,4.27,4.27,Scarf,Stormcloud Grey,Black,White Shades,Dreads,Vampire,0.01,0.0347,0.0187,0.0047,0.004,0.0287,0.02,0.0053,0.0093,0.0327,0.0047,0.0127,0.0027,0.0107,0.002,0.0593,0.1393,0.1187,0.2333,0.148,0.018
1311,4.44,4.44,Scarf,Stormcloud Grey,Black,White Shades,Dreads,Vampire,0.01,0.0347,0.0187,0.0047,0.004,0.0287,0.02,0.0053,0.0093,0.0327,0.0047,0.0127,0.0027,0.0107,0.002,0.0593,0.1393,0.1187,0.2333,0.148,0.018
1311,7.03,7.03,Scarf,Stormcloud Grey,Black,White Shades,Dreads,Vampire,0.01,0.0347,0.0187,0.0047,0.004,0.0287,0.02,0.0053,0.0093,0.0327,0.0047,0.0127,0.0027,0.0107,0.002,0.0593,0.1393,0.1187,0.2333,0.148,0.018
988,4.27,4.27,Scarf,Lavender Dusk Purple,Tan,Drowsy,No Hat,Happy,0.0173,0.0227,0.0073,0.0473,0.0353,0.018,0.0047,0.0367,0.0213,0.008,0.048,0.028,0.012,0.01,0.0707,0.226,0.1393,0.1187,0.1553,0.0407,0.3147
988,9.16,9.16,Scarf,Lavender Dusk Purple,Tan,Drowsy,No Hat,Happy,0.0173,0.0227,0.0073,0.0473,0.0353,0.018,0.0047,0.0367,0.0213,0.008,0.048,0.028,0.012,0.01,0.0707,0.226,0.1393,0.1187,0.1553,0.0407,0.3147
835,4.27,4.27,Gold Chain,Stormcloud Grey,Sable,White Shades,Pirate,Mustache,0.0153,0.01,0.0133,0.0073,0.008,0.006,0.02,0.0053,0.0087,0.01,0.006,0.0073,0.008,0.01,0.0047,0.0767,0.09,0.1187,0.0633,0.148,0.06
835,8.83,8.83,Gold Chain,Stormcloud Grey,Sable,White Shades,Pirate,Mustache,0.0153,0.01,0.0133,0.0073,0.008,0.006,0.02,0.0053,0.0087,0.01,0.006,0.0073,0.008,0.01,0.0047,0.0767,0.09,0.1187,0.0633,0.148,0.06
583,4.27,4.27,nan,Seashell Pink,Black - Overweight,Concerned,No Hat,Happy,0.046,0.08,0.0127,0.132,0.0967,0.0253,0.002,0.0373,0.0307,0.008,0.0607,0.042,0.008,0.0073,0.0707,0.226,0.4247,0.118,0.1773,0.0293,0.3147
1291,4.27,4.27,Scarf,Sunlit Gold,Black,Normal,Pirate,Toothy,0.0193,0.0347,0.0467,0.0053,0.0367,0.0313,0.0427,0.0073,0.0293,0.0613,0.0147,0.0347,0.0153,0.0513,0.01,0.1853,0.1393,0.15,0.2333,0.2567,0.06
1131,4.27,4.27,Gold Chain,Rose Quartz Pink,Black,White Shades,No Hat,Happy,0.01,0.0267,0.0133,0.0273,0.0147,0.032,0.0207,0.0407,0.0247,0.0327,0.0727,0.0613,0.0487,0.034,0.0707,0.226,0.09,0.116,0.2333,0.148,0.3147
1131,9.77,8.73,Gold Chain,Rose Quartz Pink,Black,White Shades,No Hat,Happy,0.01,0.0267,0.0133,0.0273,0.0147,0.032,0.0207,0.0407,0.0247,0.0327,0.0727,0.0613,0.0487,0.034,0.0707,0.226,0.09,0.116,0.2333,0.148,0.3147
579,4.27,4.27,Red Bandana,Sunlit Gold,Black,3-D Glasses,Cylinder,Mustache,0.0147,0.0253,0.0047,0.0067,0.0087,0.0313,0.0047,0.0067,0.0113,0.0067,0.008,0.0213,0.0033,0.0027,0.0047,0.0767,0.092,0.15,0.2333,0.0293,0.0493
628,4.27,4.27,Scarf,Rose Quartz Pink,Black - Overweight,White Shades,Sobrero,Mustache,0.0167,0.0273,0.0187,0.0067,0.008,0.0187,0.0207,0.0067,0.0093,0.0347,0.0093,0.0127,0.01,0.01,0.0047,0.0767,0.1393,0.116,0.1773,0.148,0.06
628,8.17,8.17,Scarf,Rose Quartz Pink,Black - Overweight,White Shades,Sobrero,Mustache,0.0167,0.0273,0.0187,0.0067,0.008,0.0187,0.0207,0.0067,0.0093,0.0347,0.0093,0.0127,0.01,0.01,0.0047,0.0767,0.1393,0.116,0.1773,0.148,0.06
355,4.27,4.27,nan,Spiced Orange,Sable,Red Shades,Elvis,Surprised,0.0527,0.0293,0.0293,0.0273,0.056,0.0113,0.008,0.0093,0.0153,0.0047,0.0067,0.0047,0.0053,0.0093,0.0067,0.1187,0.4247,0.118,0.0633,0.0687,0.07
69,4.39,4.39,Scarf,Forest Moss Green,Blue,White Round Shades,Afro,Happy,0.0233,0.006,0.012,0.0087,0.0353,0.0093,0.0093,0.006,0.0267,0.0107,0.0073,0.012,0.0073,0.0207,0.0113,0.226,0.1393,0.1247,0.0633,0.0987,0.07
69,6.41,6.41,Scarf,Forest Moss Green,Blue,White Round Shades,Afro,Happy,0.0233,0.006,0.012,0.0087,0.0353,0.0093,0.0093,0.006,0.0267,0.0107,0.0073,0.012,0.0073,0.0207,0.0113,0.226,0.1393,0.1247,0.0633,0.0987,0.07
803,4.39,4.39,nan,Stormcloud Grey,Black,Normal,Party Hat,Feral,0.0467,0.0873,0.102,0.0247,0.0187,0.0287,0.0287,0.0053,0.006,0.0613,0.014,0.0073,0.0127,0.0147,0.004,0.048,0.4247,0.1187,0.2333,0.2567,0.05
803,8.83,8.83,nan,Stormcloud Grey,Black,Normal,Party Hat,Feral,0.0467,0.0873,0.102,0.0247,0.0187,0.0287,0.0287,0.0053,0.006,0.0613,0.014,0.0073,0.0127,0.0147,0.004,0.048,0.4247,0.1187,0.2333,0.2567,0.05
803,1.8,1.8,nan,Stormcloud Grey,Black,Normal,Party Hat,Feral,0.0467,0.0873,0.102,0.0247,0.0187,0.0287,0.0287,0.0053,0.006,0.0613,0.014,0.0073,0.0127,0.0147,0.004,0.048,0.4247,0.1187,0.2333,0.2567,0.05
540,4.39,4.39,nan,Stormcloud Grey,Black,Red Round Shades,No Hat,Surprised,0.0467,0.0873,0.0233,0.132,0.056,0.0287,0.0053,0.0367,0.0127,0.0107,0.0727,0.0267,0.0247,0.0087,0.0407,0.1187,0.4247,0.1187,0.2333,0.0587,0.3147
540,9.02,9.02,nan,Stormcloud Grey,Black,Red Round Shades,No Hat,Surprised,0.0467,0.0873,0.0233,0.132,0.056,0.0287,0.0053,0.0367,0.0127,0.0107,0.0727,0.0267,0.0247,0.0087,0.0407,0.1187,0.4247,0.1187,0.2333,0.0587,0.3147
540,8.67,8.39,nan,Stormcloud Grey,Black,Red Round Shades,No Hat,Surprised,0.0467,0.0873,0.0233,0.132,0.056,0.0287,0.0053,0.0367,0.0127,0.0107,0.0727,0.0267,0.0247,0.0087,0.0407,0.1187,0.4247,0.1187,0.2333,0.0587,0.3147
540,5.36,5.36,nan,Stormcloud Grey,Black,Red Round Shades,No Hat,Surprised,0.0467,0.0873,0.0233,0.132,0.056,0.0287,0.0053,0.0367,0.0127,0.0107,0.0727,0.0267,0.0247,0.0087,0.0407,0.1187,0.4247,0.1187,0.2333,0.0587,0.3147
712,25.16,4.39,nan,Sunlit Gold,Zombie,Gold Shades,Napoleon,Surprised,0.0673,0.0047,0.006,0.0053,0.056,0.0013,0.0027,0.0027,0.018,0.0007,0.0013,0.0013,0.0013,0.004,0.0007,0.1187,0.4247,0.15,0.01,0.02,0.0093
712,45.49,7.91,nan,Sunlit Gold,Zombie,Gold Shades,Napoleon,Surprised,0.0673,0.0047,0.006,0.0053,0.056,0.0013,0.0027,0.0027,0.018,0.0007,0.0013,0.0013,0.0013,0.004,0.0007,0.1187,0.4247,0.15,0.01,0.02,0.0093
712,28.14,5.36,nan,Sunlit Gold,Zombie,Gold Shades,Napoleon,Surprised,0.0673,0.0047,0.006,0.0053,0.056,0.0013,0.0027,0.0027,0.018,0.0007,0.0013,0.0013,0.0013,0.004,0.0007,0.1187,0.4247,0.15,0.01,0.02,0.0093
1078,4.43,4.43,nan,Sunlit Gold,Lilac,Eye Patch,Slickback,Surprised,0.0673,0.018,0.0313,0.016,0.056,0.0087,0.0107,0.0087,0.018,0.0013,0.0007,0.004,0.0053,0.0093,0.0053,0.1187,0.4247,0.15,0.0433,0.08,0.0493
1078,7.56,7.56,nan,Sunlit Gold,Lilac,Eye Patch,Slickback,Surprised,0.0673,0.018,0.0313,0.016,0.056,0.0087,0.0107,0.0087,0.018,0.0013,0.0007,0.004,0.0053,0.0093,0.0053,0.1187,0.4247,0.15,0.0433,0.08,0.0493
1078,7.96,7.96,nan,Sunlit Gold,Lilac,Eye Patch,Slickback,Surprised,0.0673,0.018,0.0313,0.016,0.056,0.0087,0.0107,0.0087,0.018,0.0013,0.0007,0.004,0.0053,0.0093,0.0053,0.1187,0.4247,0.15,0.0433,0.08,0.0493
1078,8.99,8.99,nan,Sunlit Gold,Lilac,Eye Patch,Slickback,Surprised,0.0673,0.018,0.0313,0.016,0.056,0.0087,0.0107,0.0087,0.018,0.0013,0.0007,0.004,0.0053,0.0093,0.0053,0.1187,0.4247,0.15,0.0433,0.08,0.0493
1178,4.44,4.44,nan,Rose Quartz Pink,Black,White Shades,Wizard,Surprised,0.048,0.0873,0.066,0.0093,0.056,0.032,0.0207,0.0013,0.0173,0.0327,0.0033,0.0267,0.0027,0.0167,0.0027,0.1187,0.4247,0.116,0.2333,0.148,0.02
1178,4.52,4.52,nan,Rose Quartz Pink,Black,White Shades,Wizard,Surprised,0.048,0.0873,0.066,0.0093,0.056,0.032,0.0207,0.0013,0.0173,0.0327,0.0033,0.0267,0.0027,0.0167,0.0027,0.1187,0.4247,0.116,0.2333,0.148,0.02
465,14.13,4.44,Neck Tattoo,Forest Moss Green,Blue,Drowsy Cyclop,No Hat,Bubble Gum,0.004,0.0013,0.0007,0.0067,0.004,0.0093,0.002,0.0447,0.0093,0.002,0.0207,0.0053,0.004,0.0013,0.0107,0.05,0.03,0.1247,0.0633,0.01,0.3147
465,13.39,4.8,Neck Tattoo,Forest Moss Green,Blue,Drowsy Cyclop,No Hat,Bubble Gum,0.004,0.0013,0.0007,0.0067,0.004,0.0093,0.002,0.0447,0.0093,0.002,0.0207,0.0053,0.004,0.0013,0.0107,0.05,0.03,0.1247,0.0633,0.01,0.3147
465,16.95,5.41,Neck Tattoo,Forest Moss Green,Blue,Drowsy Cyclop,No Hat,Bubble Gum,0.004,0.0013,0.0007,0.0067,0.004,0.0093,0.002,0.0447,0.0093,0.002,0.0207,0.0053,0.004,0.0013,0.0107,0.05,0.03,0.1247,0.0633,0.01,0.3147
465,16.46,5.47,Neck Tattoo,Forest Moss Green,Blue,Drowsy Cyclop,No Hat,Bubble Gum,0.004,0.0013,0.0007,0.0067,0.004,0.0093,0.002,0.0447,0.0093,0.002,0.0207,0.0053,0.004,0.0013,0.0107,0.05,0.03,0.1247,0.0633,0.01,0.3147
465,15.06,4.29,Neck Tattoo,Forest Moss Green,Blue,Drowsy Cyclop,No Hat,Bubble Gum,0.004,0.0013,0.0007,0.0067,0.004,0.0093,0.002,0.0447,0.0093,0.002,0.0207,0.0053,0.004,0.0013,0.0107,0.05,0.03,0.1247,0.0633,0.01,0.3147
1197,4.44,4.44,Bow Tie,Lavender Dusk Purple,Black,Normal,Sobrero,Happy,0.01,0.022,0.02,0.0047,0.0207,0.03,0.0353,0.0067,0.0213,0.0613,0.018,0.0613,0.016,0.0553,0.0173,0.226,0.0933,0.1187,0.2333,0.2567,0.06
366,4.44,4.44,nan,Seashell Pink,Tan,Goggles,Sobrero,Mustache,0.046,0.066,0.0267,0.02,0.0347,0.0193,0.0053,0.006,0.0073,0.008,0.0067,0.012,0.0033,0.0033,0.0047,0.0767,0.4247,0.118,0.1553,0.0573,0.06
366,1.54,1.54,nan,Seashell Pink,Tan,Goggles,Sobrero,Mustache,0.046,0.066,0.0267,0.02,0.0347,0.0193,0.0053,0.006,0.0073,0.008,0.0067,0.012,0.0033,0.0033,0.0047,0.0767,0.4247,0.118,0.1553,0.0573,0.06
110,5.82,4.44,Tie,Seashell Pink,Black - Overweight,Gold Shades,Headphones,Happy,0.0067,0.0127,0.0027,0.0033,0.01,0.0253,0.0033,0.0073,0.0307,0.0033,0.01,0.042,0.0013,0.0067,0.0107,0.226,0.0627,0.118,0.1773,0.02,0.05
131,4.44,4.44,nan,Sunlit Gold,Black,White Round Shades,No Hat,Surprised,0.0673,0.0873,0.0427,0.132,0.056,0.0313,0.0147,0.044,0.018,0.024,0.0727,0.0267,0.0327,0.014,0.0407,0.1187,0.4247,0.15,0.2333,0.0987,0.3147
131,4.3,3.85,nan,Sunlit Gold,Black,White Round Shades,No Hat,Surprised,0.0673,0.0873,0.0427,0.132,0.056,0.0313,0.0147,0.044,0.018,0.024,0.0727,0.0267,0.0327,0.014,0.0407,0.1187,0.4247,0.15,0.2333,0.0987,0.3147
131,4.11,3.97,nan,Sunlit Gold,Black,White Round Shades,No Hat,Surprised,0.0673,0.0873,0.0427,0.132,0.056,0.0313,0.0147,0.044,0.018,0.024,0.0727,0.0267,0.0327,0.014,0.0407,0.1187,0.4247,0.15,0.2333,0.0987,0.3147
809,4.47,4.47,nan,Seashell Pink,Cream,Drowsy,Headphones,Toothy,0.046,0.0327,0.0233,0.022,0.074,0.008,0.0087,0.0073,0.0247,0.0013,0.0027,0.018,0.0027,0.008,0.0087,0.1853,0.4247,0.118,0.0787,0.0407,0.05
1193,4.47,4.47,nan,Sunlit Gold,Cream,White Round Shades,No Hat,Mustache,0.0673,0.0327,0.0427,0.132,0.0347,0.0127,0.0147,0.044,0.0113,0.0053,0.0347,0.0047,0.0327,0.0073,0.022,0.0767,0.4247,0.15,0.0787,0.0987,0.3147
1193,7.75,7.75,nan,Sunlit Gold,Cream,White Round Shades,No Hat,Mustache,0.0673,0.0327,0.0427,0.132,0.0347,0.0127,0.0147,0.044,0.0113,0.0053,0.0347,0.0047,0.0327,0.0073,0.022,0.0767,0.4247,0.15,0.0787,0.0987,0.3147
1193,3.82,3.82,nan,Sunlit Gold,Cream,White Round Shades,No Hat,Mustache,0.0673,0.0327,0.0427,0.132,0.0347,0.0127,0.0147,0.044,0.0113,0.0053,0.0347,0.0047,0.0327,0.0073,0.022,0.0767,0.4247,0.15,0.0787,0.0987,0.3147
1193,1.6,1.6,nan,Sunlit Gold,Cream,White Round Shades,No Hat,Mustache,0.0673,0.0327,0.0427,0.132,0.0347,0.0127,0.0147,0.044,0.0113,0.0053,0.0347,0.0047,0.0327,0.0073,0.022,0.0767,0.4247,0.15,0.0787,0.0987,0.3147
73,4.47,4.47,Red Bandana,Forest Moss Green,Black,Concerned,Headphones,Happy,0.0167,0.0253,0.0033,0.006,0.0267,0.032,0.0087,0.0073,0.0267,0.0047,0.01,0.0613,0.0013,0.0073,0.0107,0.226,0.092,0.1247,0.2333,0.0293,0.05
73,6.77,6.77,Red Bandana,Forest Moss Green,Black,Concerned,Headphones,Happy,0.0167,0.0253,0.0033,0.006,0.0267,0.032,0.0087,0.0073,0.0267,0.0047,0.01,0.0613,0.0013,0.0073,0.0107,0.226,0.092,0.1247,0.2333,0.0293,0.05
73,9.81,9.15,Red Bandana,Forest Moss Green,Black,Concerned,Headphones,Happy,0.0167,0.0253,0.0033,0.006,0.0267,0.032,0.0087,0.0073,0.0267,0.0047,0.01,0.0613,0.0013,0.0073,0.0107,0.226,0.092,0.1247,0.2333,0.0293,0.05
73,9.45,9.45,Red Bandana,Forest Moss Green,Black,Concerned,Headphones,Happy,0.0167,0.0253,0.0033,0.006,0.0267,0.032,0.0087,0.0073,0.0267,0.0047,0.01,0.0613,0.0013,0.0073,0.0107,0.226,0.092,0.1247,0.2333,0.0293,0.05
73,4.1,3.75,Red Bandana,Forest Moss Green,Black,Concerned,Headphones,Happy,0.0167,0.0253,0.0033,0.006,0.0267,0.032,0.0087,0.0073,0.0267,0.0047,0.01,0.0613,0.0013,0.0073,0.0107,0.226,0.092,0.1247,0.2333,0.0293,0.05
902,4.72,4.49,nan,Lavender Dusk Purple,Tan,White Shades,No Hat,Sad,0.0507,0.066,0.066,0.132,0.0447,0.018,0.014,0.0367,0.0147,0.0207,0.048,0.0167,0.0487,0.0147,0.0387,0.118,0.4247,0.1187,0.1553,0.148,0.3147
606,7.07,4.49,Gold Chain,Outer Space,Black,Concerned,No Hat,Drooling,0.0007,0.0267,0.004,0.0273,0.0073,0.002,0.0007,0.0047,0.0013,0.0047,0.0727,0.02,0.008,0.0027,0.0253,0.07,0.09,0.0093,0.2333,0.0293,0.3147
606,8.34,5.36,Gold Chain,Outer Space,Black,Concerned,No Hat,Drooling,0.0007,0.0267,0.004,0.0273,0.0073,0.002,0.0007,0.0047,0.0013,0.0047,0.0727,0.02,0.008,0.0027,0.0253,0.07,0.09,0.0093,0.2333,0.0293,0.3147
1253,4.49,4.49,nan,Stormcloud Grey,White,Normal,Afro,Happy,0.0467,0.028,0.102,0.034,0.0967,0.0107,0.0287,0.0087,0.022,0.0207,0.0047,0.0113,0.0173,0.0553,0.0113,0.226,0.4247,0.1187,0.0593,0.2567,0.07
1253,8.58,8.58,nan,Stormcloud Grey,White,Normal,Afro,Happy,0.0467,0.028,0.102,0.034,0.0967,0.0107,0.0287,0.0087,0.022,0.0207,0.0047,0.0113,0.0173,0.0553,0.0113,0.226,0.4247,0.1187,0.0593,0.2567,0.07
432,10.13,4.49,Bow Tie,Seashell Pink,Blue,Red Shades,Angel Halo,Sad,0.0127,0.008,0.0073,0.002,0.0127,0.008,0.0067,0.0027,0.0147,0.0053,0.0013,0.0073,0.0013,0.0093,0.002,0.118,0.0933,0.118,0.0633,0.0687,0.01
432,20.4,8.52,Bow Tie,Seashell Pink,Blue,Red Shades,Angel Halo,Sad,0.0127,0.008,0.0073,0.002,0.0127,0.008,0.0067,0.0027,0.0147,0.0053,0.0013,0.0073,0.0013,0.0093,0.002,0.118,0.0933,0.118,0.0633,0.0687,0.01
695,4.49,4.49,Scarf,Midnight Sapphire Blue,Black - Overweight,White Shades,Cowboy,Surprised,0.0133,0.0273,0.0187,0.0073,0.0133,0.0173,0.0147,0.01,0.0133,0.0347,0.0147,0.0213,0.0073,0.0167,0.008,0.1187,0.1393,0.1167,0.1773,0.148,0.058
695,5.58,5.58,Scarf,Midnight Sapphire Blue,Black - Overweight,White Shades,Cowboy,Surprised,0.0133,0.0273,0.0187,0.0073,0.0133,0.0173,0.0147,0.01,0.0133,0.0347,0.0147,0.0213,0.0073,0.0167,0.008,0.1187,0.1393,0.1167,0.1773,0.148,0.058
695,8.14,8.14,Scarf,Midnight Sapphire Blue,Black - Overweight,White Shades,Cowboy,Surprised,0.0133,0.0273,0.0187,0.0073,0.0133,0.0173,0.0147,0.01,0.0133,0.0347,0.0147,0.0213,0.0073,0.0167,0.008,0.1187,0.1393,0.1167,0.1773,0.148,0.058
824,4.52,4.52,nan,Stormcloud Grey,Lilac,White Round Shades,Party Hat,Panting,0.0467,0.018,0.0427,0.0247,0.0193,0.0033,0.016,0.0053,0.01,0.006,0.0027,0.0027,0.004,0.004,0.0027,0.048,0.4247,0.1187,0.0433,0.0987,0.05
824,7.22,7.22,nan,Stormcloud Grey,Lilac,White Round Shades,Party Hat,Panting,0.0467,0.018,0.0427,0.0247,0.0193,0.0033,0.016,0.0053,0.01,0.006,0.0027,0.0027,0.004,0.004,0.0027,0.048,0.4247,0.1187,0.0433,0.0987,0.05
824,1.54,1.54,nan,Stormcloud Grey,Lilac,White Round Shades,Party Hat,Panting,0.0467,0.018,0.0427,0.0247,0.0193,0.0033,0.016,0.0053,0.01,0.006,0.0027,0.0027,0.004,0.004,0.0027,0.048,0.4247,0.1187,0.0433,0.0987,0.05
1466,4.52,4.52,Gold Chain,Midnight Sapphire Blue,Sable,White Shades,Cowboy,Feral,0.0127,0.01,0.0133,0.0087,0.0047,0.0073,0.0147,0.01,0.0053,0.01,0.002,0.0053,0.0073,0.008,0.0033,0.048,0.09,0.1167,0.0633,0.148,0.058
1466,5.01,5.01,Gold Chain,Midnight Sapphire Blue,Sable,White Shades,Cowboy,Feral,0.0127,0.01,0.0133,0.0087,0.0047,0.0073,0.0147,0.01,0.0053,0.01,0.002,0.0053,0.0073,0.008,0.0033,0.048,0.09,0.1167,0.0633,0.148,0.058
1466,7.97,7.97,Gold Chain,Midnight Sapphire Blue,Sable,White Shades,Cowboy,Feral,0.0127,0.01,0.0133,0.0087,0.0047,0.0073,0.0147,0.01,0.0053,0.01,0.002,0.0053,0.0073,0.008,0.0033,0.048,0.09,0.1167,0.0633,0.148,0.058
1466,9.0,9.0,Gold Chain,Midnight Sapphire Blue,Sable,White Shades,Cowboy,Feral,0.0127,0.01,0.0133,0.0087,0.0047,0.0073,0.0147,0.01,0.0053,0.01,0.002,0.0053,0.0073,0.008,0.0033,0.048,0.09,0.1167,0.0633,0.148,0.058
444,4.52,4.52,Tie,Rose Quartz Pink,Black,Red Round Shades,No Hat,Panting,0.0087,0.0167,0.006,0.024,0.0013,0.032,0.0107,0.0407,0.0053,0.0107,0.0727,0.0127,0.0247,0.008,0.0173,0.048,0.0627,0.116,0.2333,0.0587,0.3147
444,6.34,6.34,Tie,Rose Quartz Pink,Black,Red Round Shades,No Hat,Panting,0.0087,0.0167,0.006,0.024,0.0013,0.032,0.0107,0.0407,0.0053,0.0107,0.0727,0.0127,0.0247,0.008,0.0173,0.048,0.0627,0.116,0.2333,0.0587,0.3147
444,7.97,7.97,Tie,Rose Quartz Pink,Black,Red Round Shades,No Hat,Panting,0.0087,0.0167,0.006,0.024,0.0013,0.032,0.0107,0.0407,0.0053,0.0107,0.0727,0.0127,0.0247,0.008,0.0173,0.048,0.0627,0.116,0.2333,0.0587,0.3147
1309,5.01,4.52,nan,Seashell Pink,Black - Overweight,White Round Shades,No Hat,Happy,0.046,0.08,0.0427,0.132,0.0967,0.0253,0.01,0.0373,0.0307,0.012,0.0607,0.042,0.0327,0.0207,0.0707,0.226,0.4247,0.118,0.1773,0.0987,0.3147
1309,8.83,8.83,nan,Seashell Pink,Black - Overweight,White Round Shades,No Hat,Happy,0.046,0.08,0.0427,0.132,0.0967,0.0253,0.01,0.0373,0.0307,0.012,0.0607,0.042,0.0327,0.0207,0.0707,0.226,0.4247,0.118,0.1773,0.0987,0.3147
1309,8.54,8.54,nan,Seashell Pink,Black - Overweight,White Round Shades,No Hat,Happy,0.046,0.08,0.0427,0.132,0.0967,0.0253,0.01,0.0373,0.0307,0.012,0.0607,0.042,0.0327,0.0207,0.0707,0.226,0.4247,0.118,0.1773,0.0987,0.3147
1309,3.82,3.82,nan,Seashell Pink,Black - Overweight,White Round Shades,No Hat,Happy,0.046,0.08,0.0427,0.132,0.0967,0.0253,0.01,0.0373,0.0307,0.012,0.0607,0.042,0.0327,0.0207,0.0707,0.226,0.4247,0.118,0.1773,0.0987,0.3147
1309,3.26,3.1,nan,Seashell Pink,Black - Overweight,White Round Shades,No Hat,Happy,0.046,0.08,0.0427,0.132,0.0967,0.0253,0.01,0.0373,0.0307,0.012,0.0607,0.042,0.0327,0.0207,0.0707,0.226,0.4247,0.118,0.1773,0.0987,0.3147
1430,4.52,4.52,nan,Seashell Pink,Blue,Nouns Glasses,Party Hat,Toothy,0.046,0.03,0.018,0.0247,0.074,0.008,0.004,0.0053,0.0247,0.0033,0.004,0.0113,0.0033,0.0067,0.0073,0.1853,0.4247,0.118,0.0633,0.0393,0.05
1430,4.48,4.48,nan,Seashell Pink,Blue,Nouns Glasses,Party Hat,Toothy,0.046,0.03,0.018,0.0247,0.074,0.008,0.004,0.0053,0.0247,0.0033,0.004,0.0113,0.0033,0.0067,0.0073,0.1853,0.4247,0.118,0.0633,0.0393,0.05
272,4.52,4.52,nan,Stormcloud Grey,Tan - Overweight,Normal,Headphones,Happy,0.0467,0.0313,0.102,0.022,0.0967,0.0127,0.0287,0.006,0.022,0.016,0.004,0.016,0.0153,0.0553,0.0107,0.226,0.4247,0.1187,0.0727,0.2567,0.05
272,8.25,6.75,nan,Stormcloud Grey,Tan - Overweight,Normal,Headphones,Happy,0.0467,0.0313,0.102,0.022,0.0967,0.0127,0.0287,0.006,0.022,0.016,0.004,0.016,0.0153,0.0553,0.0107,0.226,0.4247,0.1187,0.0727,0.2567,0.05
272,5.36,5.36,nan,Stormcloud Grey,Tan - Overweight,Normal,Headphones,Happy,0.0467,0.0313,0.102,0.022,0.0967,0.0127,0.0287,0.006,0.022,0.016,0.004,0.016,0.0153,0.0553,0.0107,0.226,0.4247,0.1187,0.0727,0.2567,0.05
691,4.52,4.52,nan,Lavender Dusk Purple,Black - Overweight,Drowsy,No Hat,Happy,0.0507,0.08,0.0233,0.132,0.0967,0.0187,0.0047,0.0367,0.0213,0.01,0.0607,0.042,0.012,0.01,0.0707,0.226,0.4247,0.1187,0.1773,0.0407,0.3147
691,2.07,2.07,nan,Lavender Dusk Purple,Black - Overweight,Drowsy,No Hat,Happy,0.0507,0.08,0.0233,0.132,0.0967,0.0187,0.0047,0.0367,0.0213,0.01,0.0607,0.042,0.012,0.01,0.0707,0.226,0.4247,0.1187,0.1773,0.0407,0.3147
691,1.5,1.5,nan,Lavender Dusk Purple,Black - Overweight,Drowsy,No Hat,Happy,0.0507,0.08,0.0233,0.132,0.0967,0.0187,0.0047,0.0367,0.0213,0.01,0.0607,0.042,0.012,0.01,0.0707,0.226,0.4247,0.1187,0.1773,0.0407,0.3147
676,4.52,4.52,nan,Stormcloud Grey,Black,Goggles,Pirate,Feral,0.0467,0.0873,0.0267,0.03,0.0187,0.0287,0.0073,0.0053,0.006,0.016,0.0147,0.0073,0.0033,0.0033,0.0033,0.048,0.4247,0.1187,0.2333,0.0573,0.06
676,6.94,6.55,nan,Stormcloud Grey,Black,Goggles,Pirate,Feral,0.0467,0.0873,0.0267,0.03,0.0187,0.0287,0.0073,0.0053,0.006,0.016,0.0147,0.0073,0.0033,0.0033,0.0033,0.048,0.4247,0.1187,0.2333,0.0573,0.06
676,4.29,4.29,nan,Stormcloud Grey,Black,Goggles,Pirate,Feral,0.0467,0.0873,0.0267,0.03,0.0187,0.0287,0.0073,0.0053,0.006,0.016,0.0147,0.0073,0.0033,0.0033,0.0033,0.048,0.4247,0.1187,0.2333,0.0573,0.06
244,4.52,4.52,Gold Chain,Sunlit Gold,Sable,Drowsy,Elvis,Drooling,0.0133,0.01,0.0027,0.012,0.0073,0.0087,0.0047,0.0073,0.0107,0.002,0.0067,0.0067,0.004,0.0053,0.0053,0.07,0.09,0.15,0.0633,0.0407,0.07
244,3.44,3.44,Gold Chain,Sunlit Gold,Sable,Drowsy,Elvis,Drooling,0.0133,0.01,0.0027,0.012,0.0073,0.0087,0.0047,0.0073,0.0107,0.002,0.0067,0.0067,0.004,0.0053,0.0053,0.07,0.09,0.15,0.0633,0.0407,0.07
244,3.85,3.85,Gold Chain,Sunlit Gold,Sable,Drowsy,Elvis,Drooling,0.0133,0.01,0.0027,0.012,0.0073,0.0087,0.0047,0.0073,0.0107,0.002,0.0067,0.0067,0.004,0.0053,0.0053,0.07,0.09,0.15,0.0633,0.0407,0.07
1215,4.52,4.52,Red Bandana,Seashell Pink,Black,Red Round Shades,Elvis,Sad,0.008,0.0253,0.006,0.0067,0.0107,0.0253,0.0087,0.0093,0.0147,0.0107,0.018,0.0247,0.0033,0.0067,0.008,0.118,0.092,0.118,0.2333,0.0587,0.07
1215,2.78,2.78,Red Bandana,Seashell Pink,Black,Red Round Shades,Elvis,Sad,0.008,0.0253,0.006,0.0067,0.0107,0.0253,0.0087,0.0093,0.0147,0.0107,0.018,0.0247,0.0033,0.0067,0.008,0.118,0.092,0.118,0.2333,0.0587,0.07
467,4.52,4.52,Tie,Rose Quartz Pink,Black,White Shades,No Hat,Surprised,0.0087,0.0167,0.0087,0.024,0.008,0.032,0.0207,0.0407,0.0173,0.0327,0.0727,0.0267,0.0487,0.0167,0.0407,0.1187,0.0627,0.116,0.2333,0.148,0.3147
467,8.57,8.57,Tie,Rose Quartz Pink,Black,White Shades,No Hat,Surprised,0.0087,0.0167,0.0087,0.024,0.008,0.032,0.0207,0.0407,0.0173,0.0327,0.0727,0.0267,0.0487,0.0167,0.0407,0.1187,0.0627,0.116,0.2333,0.148,0.3147
467,8.44,8.44,Tie,Rose Quartz Pink,Black,White Shades,No Hat,Surprised,0.0087,0.0167,0.0087,0.024,0.008,0.032,0.0207,0.0407,0.0173,0.0327,0.0727,0.0267,0.0487,0.0167,0.0407,0.1187,0.0627,0.116,0.2333,0.148,0.3147
467,3.64,3.64,Tie,Rose Quartz Pink,Black,White Shades,No Hat,Surprised,0.0087,0.0167,0.0087,0.024,0.008,0.032,0.0207,0.0407,0.0173,0.0327,0.0727,0.0267,0.0487,0.0167,0.0407,0.1187,0.0627,0.116,0.2333,0.148,0.3147
1106,4.59,4.59,nan,Rose Quartz Pink,White,VR Headset,No Hat,Happy,0.048,0.028,0.01,0.132,0.0967,0.004,0.002,0.0407,0.0247,0.0013,0.0187,0.0113,0.006,0.006,0.0707,0.226,0.4247,0.116,0.0593,0.0193,0.3147
1484,4.59,4.59,nan,Sunlit Gold,Tan,Drowsy,Elvis,Toothy,0.0673,0.066,0.0233,0.0273,0.074,0.0267,0.0047,0.0073,0.0293,0.008,0.0073,0.032,0.004,0.008,0.0113,0.1853,0.4247,0.15,0.1553,0.0407,0.07
1484,2.78,2.78,nan,Sunlit Gold,Tan,Drowsy,Elvis,Toothy,0.0673,0.066,0.0233,0.0273,0.074,0.0267,0.0047,0.0073,0.0293,0.008,0.0073,0.032,0.004,0.008,0.0113,0.1853,0.4247,0.15,0.1553,0.0407,0.07
1484,0.91,0.91,nan,Sunlit Gold,Tan,Drowsy,Elvis,Toothy,0.0673,0.066,0.0233,0.0273,0.074,0.0267,0.0047,0.0073,0.0293,0.008,0.0073,0.032,0.004,0.008,0.0113,0.1853,0.4247,0.15,0.1553,0.0407,0.07
279,5.61,4.59,Bow Tie,Forest Moss Green,Cream,Gold Shades,Headphones,Surprised,0.0147,0.008,0.004,0.0047,0.0107,0.0087,0.002,0.0073,0.0147,0.002,0.0027,0.0133,0.0013,0.004,0.0033,0.1187,0.0933,0.1247,0.0787,0.02,0.05
279,8.24,8.24,Bow Tie,Forest Moss Green,Cream,Gold Shades,Headphones,Surprised,0.0147,0.008,0.004,0.0047,0.0107,0.0087,0.002,0.0073,0.0147,0.002,0.0027,0.0133,0.0013,0.004,0.0033,0.1187,0.0933,0.1247,0.0787,0.02,0.05
587,4.59,4.59,nan,Spiced Orange,Tan - Overweight,Red Round Shades,No Hat,Toothy,0.0527,0.0313,0.0233,0.132,0.074,0.0053,0.008,0.032,0.02,0.0033,0.016,0.0147,0.0247,0.0127,0.0533,0.1853,0.4247,0.118,0.0727,0.0587,0.3147
587,5.01,5.01,nan,Spiced Orange,Tan - Overweight,Red Round Shades,No Hat,Toothy,0.0527,0.0313,0.0233,0.132,0.074,0.0053,0.008,0.032,0.02,0.0033,0.016,0.0147,0.0247,0.0127,0.0533,0.1853,0.4247,0.118,0.0727,0.0587,0.3147
587,8.99,8.99,nan,Spiced Orange,Tan - Overweight,Red Round Shades,No Hat,Toothy,0.0527,0.0313,0.0233,0.132,0.074,0.0053,0.008,0.032,0.02,0.0033,0.016,0.0147,0.0247,0.0127,0.0533,0.1853,0.4247,0.118,0.0727,0.0587,0.3147
287,4.59,4.59,Scarf,Lavender Dusk Purple,Black - Overweight,White Shades,Headphones,Happy,0.0173,0.0273,0.0187,0.0067,0.0353,0.0187,0.014,0.0067,0.0213,0.0347,0.01,0.042,0.0087,0.034,0.0107,0.226,0.1393,0.1187,0.1773,0.148,0.05
287,9.0,9.0,Scarf,Lavender Dusk Purple,Black - Overweight,White Shades,Headphones,Happy,0.0173,0.0273,0.0187,0.0067,0.0353,0.0187,0.014,0.0067,0.0213,0.0347,0.01,0.042,0.0087,0.034,0.0107,0.226,0.1393,0.1187,0.1773,0.148,0.05
287,7.89,7.89,Scarf,Lavender Dusk Purple,Black - Overweight,White Shades,Headphones,Happy,0.0173,0.0273,0.0187,0.0067,0.0353,0.0187,0.014,0.0067,0.0213,0.0347,0.01,0.042,0.0087,0.034,0.0107,0.226,0.1393,0.1187,0.1773,0.148,0.05
287,4.31,4.31,Scarf,Lavender Dusk Purple,Black - Overweight,White Shades,Headphones,Happy,0.0173,0.0273,0.0187,0.0067,0.0353,0.0187,0.014,0.0067,0.0213,0.0347,0.01,0.042,0.0087,0.034,0.0107,0.226,0.1393,0.1187,0.1773,0.148,0.05
287,3.38,3.38,Scarf,Lavender Dusk Purple,Black - Overweight,White Shades,Headphones,Happy,0.0173,0.0273,0.0187,0.0067,0.0353,0.0187,0.014,0.0067,0.0213,0.0347,0.01,0.042,0.0087,0.034,0.0107,0.226,0.1393,0.1187,0.1773,0.148,0.05
1162,4.59,4.59,Bow Tie,Sunlit Gold,Black - Overweight,White Shades,Elvis,Happy,0.0133,0.014,0.0153,0.0047,0.0207,0.032,0.026,0.0073,0.04,0.0347,0.0127,0.042,0.0113,0.034,0.0207,0.226,0.0933,0.15,0.1773,0.148,0.07
1162,5.71,5.71,Bow Tie,Sunlit Gold,Black - Overweight,White Shades,Elvis,Happy,0.0133,0.014,0.0153,0.0047,0.0207,0.032,0.026,0.0073,0.04,0.0347,0.0127,0.042,0.0113,0.034,0.0207,0.226,0.0933,0.15,0.1773,0.148,0.07
1162,7.7,7.7,Bow Tie,Sunlit Gold,Black - Overweight,White Shades,Elvis,Happy,0.0133,0.014,0.0153,0.0047,0.0207,0.032,0.026,0.0073,0.04,0.0347,0.0127,0.042,0.0113,0.034,0.0207,0.226,0.0933,0.15,0.1773,0.148,0.07
1162,3.65,3.65,Bow Tie,Sunlit Gold,Black - Overweight,White Shades,Elvis,Happy,0.0133,0.014,0.0153,0.0047,0.0207,0.032,0.026,0.0073,0.04,0.0347,0.0127,0.042,0.0113,0.034,0.0207,0.226,0.0933,0.15,0.1773,0.148,0.07
1162,2.37,2.37,Bow Tie,Sunlit Gold,Black - Overweight,White Shades,Elvis,Happy,0.0133,0.014,0.0153,0.0047,0.0207,0.032,0.026,0.0073,0.04,0.0347,0.0127,0.042,0.0113,0.034,0.0207,0.226,0.0933,0.15,0.1773,0.148,0.07
592,4.74,4.74,nan,Rose Quartz Pink,Black - Overweight,Eye Patch,Pirate,Mustache,0.048,0.08,0.0313,0.03,0.0347,0.0187,0.014,0.006,0.0093,0.018,0.008,0.0127,0.006,0.0067,0.0047,0.0767,0.4247,0.116,0.1773,0.08,0.06
594,4.74,4.74,Gold Chain,Lavender Dusk Purple,Lilac,Normal,Sobrero,Surprised,0.0093,0.0027,0.0233,0.0053,0.014,0.0053,0.0353,0.0067,0.0127,0.0133,0.004,0.004,0.016,0.03,0.0053,0.1187,0.09,0.1187,0.0433,0.2567,0.06
594,6.13,6.13,Gold Chain,Lavender Dusk Purple,Lilac,Normal,Sobrero,Surprised,0.0093,0.0027,0.0233,0.0053,0.014,0.0053,0.0353,0.0067,0.0127,0.0133,0.004,0.004,0.016,0.03,0.0053,0.1187,0.09,0.1187,0.0433,0.2567,0.06
594,2.07,2.07,Gold Chain,Lavender Dusk Purple,Lilac,Normal,Sobrero,Surprised,0.0093,0.0027,0.0233,0.0053,0.014,0.0053,0.0353,0.0067,0.0127,0.0133,0.004,0.004,0.016,0.03,0.0053,0.1187,0.09,0.1187,0.0433,0.2567,0.06
527,8.87,4.74,Scarf,Seashell Pink,Tan,Normal,Baseball Cap,Toothy,0.022,0.0227,0.0467,0.0013,0.0367,0.0193,0.0307,0.0013,0.0247,0.038,0.0007,0.032,0.002,0.0513,0.0033,0.1853,0.1393,0.118,0.1553,0.2567,0.0093
527,12.07,6.96,Scarf,Seashell Pink,Tan,Normal,Baseball Cap,Toothy,0.022,0.0227,0.0467,0.0013,0.0367,0.0193,0.0307,0.0013,0.0247,0.038,0.0007,0.032,0.002,0.0513,0.0033,0.1853,0.1393,0.118,0.1553,0.2567,0.0093
527,11.45,8.56,Scarf,Seashell Pink,Tan,Normal,Baseball Cap,Toothy,0.022,0.0227,0.0467,0.0013,0.0367,0.0193,0.0307,0.0013,0.0247,0.038,0.0007,0.032,0.002,0.0513,0.0033,0.1853,0.1393,0.118,0.1553,0.2567,0.0093
1274,4.74,4.74,nan,Forest Moss Green,Cream,Concerned,Elvis,Happy,0.0467,0.0327,0.0127,0.0273,0.0967,0.0087,0.0087,0.0107,0.0267,0.004,0.004,0.018,0.0013,0.0073,0.0207,0.226,0.4247,0.1247,0.0787,0.0293,0.07
1274,7.03,7.03,nan,Forest Moss Green,Cream,Concerned,Elvis,Happy,0.0467,0.0327,0.0127,0.0273,0.0967,0.0087,0.0087,0.0107,0.0267,0.004,0.004,0.018,0.0013,0.0073,0.0207,0.226,0.4247,0.1247,0.0787,0.0293,0.07
821,4.74,4.74,nan,Spiced Orange,Blue,White Round Shades,Cowboy,Surprised,0.0527,0.03,0.0427,0.0253,0.056,0.006,0.018,0.0093,0.0153,0.0107,0.004,0.0087,0.0053,0.014,0.008,0.1187,0.4247,0.118,0.0633,0.0987,0.058
422,4.74,4.74,Bow Tie,Stormcloud Grey,Tan,Normal,No Hat,Vampire,0.012,0.018,0.02,0.0307,0.0073,0.0167,0.0287,0.0367,0.0093,0.038,0.048,0.012,0.0747,0.018,0.0207,0.0593,0.0933,0.1187,0.1553,0.2567,0.3147
927,7.45,4.74,nan,Lavender Dusk Purple,Black - Overweight,White Shades,Beret,Surprised,0.0507,0.08,0.066,0.0047,0.056,0.0187,0.014,0.0027,0.0127,0.0347,0.002,0.0213,0.0013,0.0167,0.004,0.1187,0.4247,0.1187,0.1773,0.148,0.0093
927,1.3,0.94,nan,Lavender Dusk Purple,Black - Overweight,White Shades,Beret,Surprised,0.0507,0.08,0.066,0.0047,0.056,0.0187,0.014,0.0027,0.0127,0.0347,0.002,0.0213,0.0013,0.0167,0.004,0.1187,0.4247,0.1187,0.1773,0.148,0.0093
104,4.85,4.74,Bow Tie,Lavender Dusk Purple,White,White Round Shades,Sobrero,Happy,0.01,0.0047,0.0113,0.0047,0.0207,0.008,0.01,0.0067,0.0213,0.0053,0.0047,0.0113,0.0073,0.0207,0.0173,0.226,0.0933,0.1187,0.0593,0.0987,0.06
104,5.89,5.89,Bow Tie,Lavender Dusk Purple,White,White Round Shades,Sobrero,Happy,0.01,0.0047,0.0113,0.0047,0.0207,0.008,0.01,0.0067,0.0213,0.0053,0.0047,0.0113,0.0073,0.0207,0.0173,0.226,0.0933,0.1187,0.0593,0.0987,0.06
104,8.03,8.03,Bow Tie,Lavender Dusk Purple,White,White Round Shades,Sobrero,Happy,0.01,0.0047,0.0113,0.0047,0.0207,0.008,0.01,0.0067,0.0213,0.0053,0.0047,0.0113,0.0073,0.0207,0.0173,0.226,0.0933,0.1187,0.0593,0.0987,0.06
1006,6.86,4.74,Scarf,Sunlit Gold,Sable,Red Round Shades,Dreads,Panting,0.0193,0.0073,0.0087,0.0047,0.004,0.0087,0.0053,0.0013,0.0047,0.0033,0.002,0.002,0.0013,0.008,0.0007,0.048,0.1393,0.15,0.0633,0.0587,0.018
1006,4.69,3.44,Scarf,Sunlit Gold,Sable,Red Round Shades,Dreads,Panting,0.0193,0.0073,0.0087,0.0047,0.004,0.0087,0.0053,0.0013,0.0047,0.0033,0.002,0.002,0.0013,0.008,0.0007,0.048,0.1393,0.15,0.0633,0.0587,0.018
707,4.74,4.74,nan,Rose Quartz Pink,Sable,White Shades,Elvis,Sad,0.048,0.0293,0.066,0.0273,0.0447,0.008,0.0207,0.0067,0.012,0.01,0.0067,0.0073,0.0113,0.0147,0.008,0.118,0.4247,0.116,0.0633,0.148,0.07
707,1.5,1.5,nan,Rose Quartz Pink,Sable,White Shades,Elvis,Sad,0.048,0.0293,0.066,0.0273,0.0447,0.008,0.0207,0.0067,0.012,0.01,0.0067,0.0073,0.0113,0.0147,0.008,0.118,0.4247,0.116,0.0633,0.148,0.07
137,4.74,4.74,Scarf,Midnight Sapphire Blue,White,Nouns Glasses,No Hat,Happy,0.0133,0.0087,0.004,0.0473,0.0353,0.008,0.0047,0.0367,0.0253,0.002,0.0187,0.0113,0.012,0.008,0.0707,0.226,0.1393,0.1167,0.0593,0.0393,0.3147
137,8.44,8.44,Scarf,Midnight Sapphire Blue,White,Nouns Glasses,No Hat,Happy,0.0133,0.0087,0.004,0.0473,0.0353,0.008,0.0047,0.0367,0.0253,0.002,0.0187,0.0113,0.012,0.008,0.0707,0.226,0.1393,0.1167,0.0593,0.0393,0.3147
1400,5.95,4.82,nan,Spiced Orange,Black,Concerned,Headband,Drooling,0.0527,0.0873,0.0127,0.016,0.032,0.0267,0.0033,0.006,0.008,0.0047,0.0087,0.02,0.0033,0.0027,0.002,0.07,0.4247,0.118,0.2333,0.0293,0.0447
1400,8.22,8.22,nan,Spiced Orange,Black,Concerned,Headband,Drooling,0.0527,0.0873,0.0127,0.016,0.032,0.0267,0.0033,0.006,0.008,0.0047,0.0087,0.02,0.0033,0.0027,0.002,0.07,0.4247,0.118,0.2333,0.0293,0.0447
1400,4.61,4.61,nan,Spiced Orange,Black,Concerned,Headband,Drooling,0.0527,0.0873,0.0127,0.016,0.032,0.0267,0.0033,0.006,0.008,0.0047,0.0087,0.02,0.0033,0.0027,0.002,0.07,0.4247,0.118,0.2333,0.0293,0.0447
335,4.82,4.82,Tie,Spiced Orange,Black,Cyclop,No Hat,Happy,0.004,0.0167,0.0013,0.024,0.01,0.0267,0.0027,0.032,0.0307,0.0087,0.0727,0.0613,0.006,0.0047,0.0707,0.226,0.0627,0.118,0.2333,0.0187,0.3147
335,5.58,5.58,Tie,Spiced Orange,Black,Cyclop,No Hat,Happy,0.004,0.0167,0.0013,0.024,0.01,0.0267,0.0027,0.032,0.0307,0.0087,0.0727,0.0613,0.006,0.0047,0.0707,0.226,0.0627,0.118,0.2333,0.0187,0.3147
335,5.89,5.89,Tie,Spiced Orange,Black,Cyclop,No Hat,Happy,0.004,0.0167,0.0013,0.024,0.01,0.0267,0.0027,0.032,0.0307,0.0087,0.0727,0.0613,0.006,0.0047,0.0707,0.226,0.0627,0.118,0.2333,0.0187,0.3147
335,3.55,3.55,Tie,Spiced Orange,Black,Cyclop,No Hat,Happy,0.004,0.0167,0.0013,0.024,0.01,0.0267,0.0027,0.032,0.0307,0.0087,0.0727,0.0613,0.006,0.0047,0.0707,0.226,0.0627,0.118,0.2333,0.0187,0.3147
374,4.8,4.8,nan,Midnight Sapphire Blue,Sable,Eye Patch,Party Hat,Toothy,0.0567,0.0293,0.0313,0.0247,0.074,0.0073,0.0107,0.0073,0.0207,0.0053,0.0033,0.0127,0.0027,0.0167,0.0073,0.1853,0.4247,0.1167,0.0633,0.08,0.05
374,8.73,8.73,nan,Midnight Sapphire Blue,Sable,Eye Patch,Party Hat,Toothy,0.0567,0.0293,0.0313,0.0247,0.074,0.0073,0.0107,0.0073,0.0207,0.0053,0.0033,0.0127,0.0027,0.0167,0.0073,0.1853,0.4247,0.1167,0.0633,0.08,0.05
538,4.8,4.8,Gold Chain,Rose Quartz Pink,Black,White Round Shades,Sobrero,Drooling,0.01,0.0267,0.0073,0.0053,0.0073,0.032,0.008,0.0067,0.0087,0.024,0.018,0.02,0.0073,0.0073,0.002,0.07,0.09,0.116,0.2333,0.0987,0.06
82,4.82,4.82,nan,Midnight Sapphire Blue,Black,VR Headset,Afro,Happy,0.0567,0.0873,0.01,0.034,0.0967,0.0233,0.0033,0.0107,0.0253,0.0047,0.0193,0.0613,0.002,0.006,0.0113,0.226,0.4247,0.1167,0.2333,0.0193,0.07
82,7.18,7.18,nan,Midnight Sapphire Blue,Black,VR Headset,Afro,Happy,0.0567,0.0873,0.01,0.034,0.0967,0.0233,0.0033,0.0107,0.0253,0.0047,0.0193,0.0613,0.002,0.006,0.0113,0.226,0.4247,0.1167,0.2333,0.0193,0.07
82,7.03,7.03,nan,Midnight Sapphire Blue,Black,VR Headset,Afro,Happy,0.0567,0.0873,0.01,0.034,0.0967,0.0233,0.0033,0.0107,0.0253,0.0047,0.0193,0.0613,0.002,0.006,0.0113,0.226,0.4247,0.1167,0.2333,0.0193,0.07
82,8.32,7.89,nan,Midnight Sapphire Blue,Black,VR Headset,Afro,Happy,0.0567,0.0873,0.01,0.034,0.0967,0.0233,0.0033,0.0107,0.0253,0.0047,0.0193,0.0613,0.002,0.006,0.0113,0.226,0.4247,0.1167,0.2333,0.0193,0.07
82,3.55,3.55,nan,Midnight Sapphire Blue,Black,VR Headset,Afro,Happy,0.0567,0.0873,0.01,0.034,0.0967,0.0233,0.0033,0.0107,0.0253,0.0047,0.0193,0.0613,0.002,0.006,0.0113,0.226,0.4247,0.1167,0.2333,0.0193,0.07
82,3.2,3.2,nan,Midnight Sapphire Blue,Black,VR Headset,Afro,Happy,0.0567,0.0873,0.01,0.034,0.0967,0.0233,0.0033,0.0107,0.0253,0.0047,0.0193,0.0613,0.002,0.006,0.0113,0.226,0.4247,0.1167,0.2333,0.0193,0.07
672,9.31,4.82,Red Bandana,Midnight Sapphire Blue,Zombie,Eye Patch,Afro,Mustache,0.0113,0.002,0.012,0.0067,0.0087,0.0027,0.0107,0.0107,0.0133,0.0007,0.0007,0.0007,0.006,0.0067,0.01,0.0767,0.092,0.1167,0.01,0.08,0.07
672,19.72,8.99,Red Bandana,Midnight Sapphire Blue,Zombie,Eye Patch,Afro,Mustache,0.0113,0.002,0.012,0.0067,0.0087,0.0027,0.0107,0.0107,0.0133,0.0007,0.0007,0.0007,0.006,0.0067,0.01,0.0767,0.092,0.1167,0.01,0.08,0.07
672,20.0,8.15,Red Bandana,Midnight Sapphire Blue,Zombie,Eye Patch,Afro,Mustache,0.0113,0.002,0.012,0.0067,0.0087,0.0027,0.0107,0.0107,0.0133,0.0007,0.0007,0.0007,0.006,0.0067,0.01,0.0767,0.092,0.1167,0.01,0.08,0.07
672,9.78,4.33,Red Bandana,Midnight Sapphire Blue,Zombie,Eye Patch,Afro,Mustache,0.0113,0.002,0.012,0.0067,0.0087,0.0027,0.0107,0.0107,0.0133,0.0007,0.0007,0.0007,0.006,0.0067,0.01,0.0767,0.092,0.1167,0.01,0.08,0.07
672,3.82,1.69,Red Bandana,Midnight Sapphire Blue,Zombie,Eye Patch,Afro,Mustache,0.0113,0.002,0.012,0.0067,0.0087,0.0027,0.0107,0.0107,0.0133,0.0007,0.0007,0.0007,0.006,0.0067,0.01,0.0767,0.092,0.1167,0.01,0.08,0.07
1279,12.96,4.82,Wings,Stormcloud Grey,Tan - Overweight,Cyclop,Party Hat,Happy,0.002,0.0013,0.0013,0.0013,0.0067,0.0127,0.002,0.0053,0.022,0.002,0.0033,0.016,0.0007,0.0047,0.012,0.226,0.0193,0.1187,0.0727,0.0187,0.05
280,4.82,4.82,Scarf,Seashell Pink,Black,Gold Shades,Afro,Surprised,0.022,0.0347,0.0007,0.0087,0.0133,0.0253,0.0033,0.008,0.0113,0.0047,0.0193,0.0267,0.002,0.004,0.008,0.1187,0.1393,0.118,0.2333,0.02,0.07
280,5.58,5.58,Scarf,Seashell Pink,Black,Gold Shades,Afro,Surprised,0.022,0.0347,0.0007,0.0087,0.0133,0.0253,0.0033,0.008,0.0113,0.0047,0.0193,0.0267,0.002,0.004,0.008,0.1187,0.1393,0.118,0.2333,0.02,0.07
280,8.39,8.39,Scarf,Seashell Pink,Black,Gold Shades,Afro,Surprised,0.022,0.0347,0.0007,0.0087,0.0133,0.0253,0.0033,0.008,0.0113,0.0047,0.0193,0.0267,0.002,0.004,0.008,0.1187,0.1393,0.118,0.2333,0.02,0.07
280,9.15,9.15,Scarf,Seashell Pink,Black,Gold Shades,Afro,Surprised,0.022,0.0347,0.0007,0.0087,0.0133,0.0253,0.0033,0.008,0.0113,0.0047,0.0193,0.0267,0.002,0.004,0.008,0.1187,0.1393,0.118,0.2333,0.02,0.07
1020,4.82,4.82,Tie,Seashell Pink,Lilac,White Shades,No Hat,Sad,0.0067,0.0053,0.0087,0.024,0.0087,0.006,0.02,0.0373,0.0147,0.0067,0.016,0.0073,0.0487,0.0147,0.0387,0.118,0.0627,0.118,0.0433,0.148,0.3147
1020,5.23,5.23,Tie,Seashell Pink,Lilac,White Shades,No Hat,Sad,0.0067,0.0053,0.0087,0.024,0.0087,0.006,0.02,0.0373,0.0147,0.0067,0.016,0.0073,0.0487,0.0147,0.0387,0.118,0.0627,0.118,0.0433,0.148,0.3147
514,4.82,4.82,nan,Forest Moss Green,White,Eye Patch,Headphones,Happy,0.0467,0.028,0.0313,0.022,0.0967,0.008,0.0107,0.0073,0.0267,0.0093,0.0027,0.0113,0.0067,0.0173,0.0107,0.226,0.4247,0.1247,0.0593,0.08,0.05
514,7.7,7.7,nan,Forest Moss Green,White,Eye Patch,Headphones,Happy,0.0467,0.028,0.0313,0.022,0.0967,0.008,0.0107,0.0073,0.0267,0.0093,0.0027,0.0113,0.0067,0.0173,0.0107,0.226,0.4247,0.1247,0.0593,0.08,0.05
1119,4.82,4.82,Red Bandana,Forest Moss Green,Tan,White Round Shades,Afro,Toothy,0.0167,0.0127,0.008,0.0067,0.0133,0.0173,0.0093,0.006,0.0253,0.0207,0.014,0.032,0.0073,0.0147,0.0153,0.1853,0.092,0.1247,0.1553,0.0987,0.07
1119,7.59,7.59,Red Bandana,Forest Moss Green,Tan,White Round Shades,Afro,Toothy,0.0167,0.0127,0.008,0.0067,0.0133,0.0173,0.0093,0.006,0.0253,0.0207,0.014,0.032,0.0073,0.0147,0.0153,0.1853,0.092,0.1247,0.1553,0.0987,0.07
1119,8.57,8.57,Red Bandana,Forest Moss Green,Tan,White Round Shades,Afro,Toothy,0.0167,0.0127,0.008,0.0067,0.0133,0.0173,0.0093,0.006,0.0253,0.0207,0.014,0.032,0.0073,0.0147,0.0153,0.1853,0.092,0.1247,0.1553,0.0987,0.07
1167,4.98,4.98,Scarf,Midnight Sapphire Blue,Lilac,Nouns Glasses,Sobrero,Happy,0.0133,0.0047,0.004,0.0067,0.0353,0.0053,0.0047,0.0107,0.0253,0.002,0.004,0.0133,0.0027,0.008,0.0173,0.226,0.1393,0.1167,0.0433,0.0393,0.06
1167,5.01,5.01,Scarf,Midnight Sapphire Blue,Lilac,Nouns Glasses,Sobrero,Happy,0.0133,0.0047,0.004,0.0067,0.0353,0.0053,0.0047,0.0107,0.0253,0.002,0.004,0.0133,0.0027,0.008,0.0173,0.226,0.1393,0.1167,0.0433,0.0393,0.06
1167,9.41,8.44,Scarf,Midnight Sapphire Blue,Lilac,Nouns Glasses,Sobrero,Happy,0.0133,0.0047,0.004,0.0067,0.0353,0.0053,0.0047,0.0107,0.0253,0.002,0.004,0.0133,0.0027,0.008,0.0173,0.226,0.1393,0.1167,0.0433,0.0393,0.06
1167,2.37,2.37,Scarf,Midnight Sapphire Blue,Lilac,Nouns Glasses,Sobrero,Happy,0.0133,0.0047,0.004,0.0067,0.0353,0.0053,0.0047,0.0107,0.0253,0.002,0.004,0.0133,0.0027,0.008,0.0173,0.226,0.1393,0.1167,0.0433,0.0393,0.06
141,9.56,4.96,nan,Spiced Orange,Black - Overweight,White Round Shades,Bone,Surprised,0.0527,0.08,0.0427,0.0053,0.056,0.018,0.018,0.004,0.0153,0.012,0.0013,0.0213,0.0033,0.014,0.0027,0.1187,0.4247,0.118,0.1773,0.0987,0.0093
141,9.58,5.96,nan,Spiced Orange,Black - Overweight,White Round Shades,Bone,Surprised,0.0527,0.08,0.0427,0.0053,0.056,0.018,0.018,0.004,0.0153,0.012,0.0013,0.0213,0.0033,0.014,0.0027,0.1187,0.4247,0.118,0.1773,0.0987,0.0093
145,18.14,4.97,Scarf,Lavender Dusk Purple,Black,Drowsy Laser Eyes,Dreads,Sad,0.0173,0.0347,0.0013,0.0047,0.0187,0.03,0.002,0.002,0.0147,0.0033,0.0047,0.0247,0.0007,0.0007,0.0033,0.118,0.1393,0.1187,0.2333,0.0087,0.018
145,18.59,5.76,Scarf,Lavender Dusk Purple,Black,Drowsy Laser Eyes,Dreads,Sad,0.0173,0.0347,0.0013,0.0047,0.0187,0.03,0.002,0.002,0.0147,0.0033,0.0047,0.0247,0.0007,0.0007,0.0033,0.118,0.1393,0.1187,0.2333,0.0087,0.018
145,23.45,6.28,Scarf,Lavender Dusk Purple,Black,Drowsy Laser Eyes,Dreads,Sad,0.0173,0.0347,0.0013,0.0047,0.0187,0.03,0.002,0.002,0.0147,0.0033,0.0047,0.0247,0.0007,0.0007,0.0033,0.118,0.1393,0.1187,0.2333,0.0087,0.018
145,13.77,4.15,Scarf,Lavender Dusk Purple,Black,Drowsy Laser Eyes,Dreads,Sad,0.0173,0.0347,0.0013,0.0047,0.0187,0.03,0.002,0.002,0.0147,0.0033,0.0047,0.0247,0.0007,0.0007,0.0033,0.118,0.1393,0.1187,0.2333,0.0087,0.018
145,12.69,3.85,Scarf,Lavender Dusk Purple,Black,Drowsy Laser Eyes,Dreads,Sad,0.0173,0.0347,0.0013,0.0047,0.0187,0.03,0.002,0.002,0.0147,0.0033,0.0047,0.0247,0.0007,0.0007,0.0033,0.118,0.1393,0.1187,0.2333,0.0087,0.018
651,9.32,4.97,Red Bandana,Stormcloud Grey,Tan,White Round Shades,Napoleon,Happy,0.01,0.0127,0.008,0.0007,0.0267,0.0167,0.016,0.0013,0.022,0.0207,0.002,0.028,0.0007,0.0207,0.0027,0.226,0.092,0.1187,0.1553,0.0987,0.0093
437,5.01,5.01,nan,Midnight Sapphire Blue,Tan,White Shades,Wizard,Happy,0.0567,0.066,0.066,0.0093,0.0967,0.0167,0.0147,0.0007,0.0253,0.0207,0.0033,0.028,0.0027,0.034,0.006,0.226,0.4247,0.1167,0.1553,0.148,0.02
437,8.05,8.05,nan,Midnight Sapphire Blue,Tan,White Shades,Wizard,Happy,0.0567,0.066,0.066,0.0093,0.0967,0.0167,0.0147,0.0007,0.0253,0.0207,0.0033,0.028,0.0027,0.034,0.006,0.226,0.4247,0.1167,0.1553,0.148,0.02
10,7.0,5.01,Scarf,Rose Quartz Pink,White,Normal,Bone,Toothy,0.0167,0.0087,0.0467,0.0007,0.0367,0.004,0.0273,0.0013,0.022,0.0207,0.0013,0.0093,0.0027,0.0513,0.002,0.1853,0.1393,0.116,0.0593,0.2567,0.0093
10,20.75,8.24,Scarf,Rose Quartz Pink,White,Normal,Bone,Toothy,0.0167,0.0087,0.0467,0.0007,0.0367,0.004,0.0273,0.0013,0.022,0.0207,0.0013,0.0093,0.0027,0.0513,0.002,0.1853,0.1393,0.116,0.0593,0.2567,0.0093
10,10.48,5.07,Scarf,Rose Quartz Pink,White,Normal,Bone,Toothy,0.0167,0.0087,0.0467,0.0007,0.0367,0.004,0.0273,0.0013,0.022,0.0207,0.0013,0.0093,0.0027,0.0513,0.002,0.1853,0.1393,0.116,0.0593,0.2567,0.0093
10,7.61,3.73,Scarf,Rose Quartz Pink,White,Normal,Bone,Toothy,0.0167,0.0087,0.0467,0.0007,0.0367,0.004,0.0273,0.0013,0.022,0.0207,0.0013,0.0093,0.0027,0.0513,0.002,0.1853,0.1393,0.116,0.0593,0.2567,0.0093
10,5.51,2.78,Scarf,Rose Quartz Pink,White,Normal,Bone,Toothy,0.0167,0.0087,0.0467,0.0007,0.0367,0.004,0.0273,0.0013,0.022,0.0207,0.0013,0.0093,0.0027,0.0513,0.002,0.1853,0.1393,0.116,0.0593,0.2567,0.0093
10,3.46,1.54,Scarf,Rose Quartz Pink,White,Normal,Bone,Toothy,0.0167,0.0087,0.0467,0.0007,0.0367,0.004,0.0273,0.0013,0.022,0.0207,0.0013,0.0093,0.0027,0.0513,0.002,0.1853,0.1393,0.116,0.0593,0.2567,0.0093
184,5.37,5.01,nan,Midnight Sapphire Blue,Tan,Laser Eyes,Party Hat,Panting,0.0567,0.066,0.0067,0.0247,0.0193,0.0167,0.0027,0.0073,0.0053,0.0027,0.006,0.012,0.0013,0.0013,0.0027,0.048,0.4247,0.1167,0.1553,0.0167,0.05
184,5.22,3.97,nan,Midnight Sapphire Blue,Tan,Laser Eyes,Party Hat,Panting,0.0567,0.066,0.0067,0.0247,0.0193,0.0167,0.0027,0.0073,0.0053,0.0027,0.006,0.012,0.0013,0.0013,0.0027,0.048,0.4247,0.1167,0.1553,0.0167,0.05
351,5.01,5.01,Scarf,Rose Quartz Pink,Black,Normal,No Hat,Toothy,0.0167,0.0347,0.0467,0.0473,0.0367,0.032,0.0273,0.0407,0.022,0.0613,0.0727,0.0347,0.0747,0.0513,0.0533,0.1853,0.1393,0.116,0.2333,0.2567,0.3147
351,9.1,8.99,Scarf,Rose Quartz Pink,Black,Normal,No Hat,Toothy,0.0167,0.0347,0.0467,0.0473,0.0367,0.032,0.0273,0.0407,0.022,0.0613,0.0727,0.0347,0.0747,0.0513,0.0533,0.1853,0.1393,0.116,0.2333,0.2567,0.3147
351,8.99,8.99,Scarf,Rose Quartz Pink,Black,Normal,No Hat,Toothy,0.0167,0.0347,0.0467,0.0473,0.0367,0.032,0.0273,0.0407,0.022,0.0613,0.0727,0.0347,0.0747,0.0513,0.0533,0.1853,0.1393,0.116,0.2333,0.2567,0.3147
690,8.44,5.01,Scarf,Stormcloud Grey,Cream,Drowsy Cyclop,No Hat,Sad,0.01,0.014,0.0027,0.0473,0.0187,0.0107,0.0007,0.0367,0.016,0.0007,0.0347,0.0093,0.004,0.0013,0.0387,0.118,0.1393,0.1187,0.0787,0.01,0.3147
690,12.57,6.75,Scarf,Stormcloud Grey,Cream,Drowsy Cyclop,No Hat,Sad,0.01,0.014,0.0027,0.0473,0.0187,0.0107,0.0007,0.0367,0.016,0.0007,0.0347,0.0093,0.004,0.0013,0.0387,0.118,0.1393,0.1187,0.0787,0.01,0.3147
690,13.08,8.21,Scarf,Stormcloud Grey,Cream,Drowsy Cyclop,No Hat,Sad,0.01,0.014,0.0027,0.0473,0.0187,0.0107,0.0007,0.0367,0.016,0.0007,0.0347,0.0093,0.004,0.0013,0.0387,0.118,0.1393,0.1187,0.0787,0.01,0.3147
690,12.79,8.99,Scarf,Stormcloud Grey,Cream,Drowsy Cyclop,No Hat,Sad,0.01,0.014,0.0027,0.0473,0.0187,0.0107,0.0007,0.0367,0.016,0.0007,0.0347,0.0093,0.004,0.0013,0.0387,0.118,0.1393,0.1187,0.0787,0.01,0.3147
690,8.66,5.03,Scarf,Stormcloud Grey,Cream,Drowsy Cyclop,No Hat,Sad,0.01,0.014,0.0027,0.0473,0.0187,0.0107,0.0007,0.0367,0.016,0.0007,0.0347,0.0093,0.004,0.0013,0.0387,0.118,0.1393,0.1187,0.0787,0.01,0.3147
690,5.19,3.53,Scarf,Stormcloud Grey,Cream,Drowsy Cyclop,No Hat,Sad,0.01,0.014,0.0027,0.0473,0.0187,0.0107,0.0007,0.0367,0.016,0.0007,0.0347,0.0093,0.004,0.0013,0.0387,0.118,0.1393,0.1187,0.0787,0.01,0.3147
138,5.01,5.01,nan,Midnight Sapphire Blue,Tan,White Round Shades,Pirate,Toothy,0.0567,0.066,0.0427,0.03,0.074,0.0167,0.0127,0.0093,0.0207,0.0207,0.008,0.032,0.0053,0.0147,0.01,0.1853,0.4247,0.1167,0.1553,0.0987,0.06
138,8.82,8.82,nan,Midnight Sapphire Blue,Tan,White Round Shades,Pirate,Toothy,0.0567,0.066,0.0427,0.03,0.074,0.0167,0.0127,0.0093,0.0207,0.0207,0.008,0.032,0.0053,0.0147,0.01,0.1853,0.4247,0.1167,0.1553,0.0987,0.06
1377,5.01,5.01,Scarf,Seashell Pink,Tan,Red Round Shades,Headband,Surprised,0.022,0.0227,0.0087,0.0113,0.0133,0.0193,0.0087,0.0047,0.0113,0.014,0.012,0.02,0.0027,0.0087,0.0053,0.1187,0.1393,0.118,0.1553,0.0587,0.0447
1377,5.58,5.58,Scarf,Seashell Pink,Tan,Red Round Shades,Headband,Surprised,0.022,0.0227,0.0087,0.0113,0.0133,0.0193,0.0087,0.0047,0.0113,0.014,0.012,0.02,0.0027,0.0087,0.0053,0.1187,0.1393,0.118,0.1553,0.0587,0.0447
1377,8.59,8.59,Scarf,Seashell Pink,Tan,Red Round Shades,Headband,Surprised,0.022,0.0227,0.0087,0.0113,0.0133,0.0193,0.0087,0.0047,0.0113,0.014,0.012,0.02,0.0027,0.0087,0.0053,0.1187,0.1393,0.118,0.1553,0.0587,0.0447
1377,8.44,8.44,Scarf,Seashell Pink,Tan,Red Round Shades,Headband,Surprised,0.022,0.0227,0.0087,0.0113,0.0133,0.0193,0.0087,0.0047,0.0113,0.014,0.012,0.02,0.0027,0.0087,0.0053,0.1187,0.1393,0.118,0.1553,0.0587,0.0447
1377,0.91,0.91,Scarf,Seashell Pink,Tan,Red Round Shades,Headband,Surprised,0.022,0.0227,0.0087,0.0113,0.0133,0.0193,0.0087,0.0047,0.0113,0.014,0.012,0.02,0.0027,0.0087,0.0053,0.1187,0.1393,0.118,0.1553,0.0587,0.0447
470,5.01,5.01,nan,Midnight Sapphire Blue,Black - Overweight,Normal,Headphones,Surprised,0.0567,0.08,0.102,0.022,0.056,0.0173,0.03,0.0053,0.0133,0.0393,0.01,0.0213,0.0153,0.03,0.0033,0.1187,0.4247,0.1167,0.1773,0.2567,0.05
1154,6.28,5.01,nan,Midnight Sapphire Blue,Black - Overweight,Laser Eyes,Afro,Drooling,0.0567,0.08,0.0067,0.034,0.032,0.0173,0.0027,0.0107,0.01,0.0053,0.008,0.0133,0.002,0.0007,0.0047,0.07,0.4247,0.1167,0.1773,0.0167,0.07
1154,10.63,8.99,nan,Midnight Sapphire Blue,Black - Overweight,Laser Eyes,Afro,Drooling,0.0567,0.08,0.0067,0.034,0.032,0.0173,0.0027,0.0107,0.01,0.0053,0.008,0.0133,0.002,0.0007,0.0047,0.07,0.4247,0.1167,0.1773,0.0167,0.07
1154,9.77,8.39,nan,Midnight Sapphire Blue,Black - Overweight,Laser Eyes,Afro,Drooling,0.0567,0.08,0.0067,0.034,0.032,0.0173,0.0027,0.0107,0.01,0.0053,0.008,0.0133,0.002,0.0007,0.0047,0.07,0.4247,0.1167,0.1773,0.0167,0.07
1154,5.4,4.92,nan,Midnight Sapphire Blue,Black - Overweight,Laser Eyes,Afro,Drooling,0.0567,0.08,0.0067,0.034,0.032,0.0173,0.0027,0.0107,0.01,0.0053,0.008,0.0133,0.002,0.0007,0.0047,0.07,0.4247,0.1167,0.1773,0.0167,0.07
1416,20.02,5.01,Tie,Stormcloud Grey,Black - Overweight,Gold Shades,Baseball Cap,Happy,0.0133,0.0127,0.0027,0.0007,0.01,0.018,0.0007,0.0013,0.022,0.0033,0.002,0.042,0.0007,0.0067,0.002,0.226,0.0627,0.1187,0.1773,0.02,0.0093
1416,30.24,8.6,Tie,Stormcloud Grey,Black - Overweight,Gold Shades,Baseball Cap,Happy,0.0133,0.0127,0.0027,0.0007,0.01,0.018,0.0007,0.0013,0.022,0.0033,0.002,0.042,0.0007,0.0067,0.002,0.226,0.0627,0.1187,0.1773,0.02,0.0093
44,5.01,5.01,Scarf,Seashell Pink,Tan,Normal,No Hat,Happy,0.022,0.0227,0.0467,0.0473,0.0353,0.0193,0.0307,0.0373,0.0307,0.038,0.048,0.028,0.0747,0.0553,0.0707,0.226,0.1393,0.118,0.1553,0.2567,0.3147
1323,5.34,5.01,Tie,Rose Quartz Pink,Black - Overweight,3-D Glasses,Cowboy,Feral,0.0087,0.0127,0.002,0.0033,0.0047,0.0187,0.0027,0.0067,0.0053,0.0073,0.0147,0.0093,0.0027,0.002,0.0033,0.048,0.0627,0.116,0.1773,0.0293,0.058
839,5.01,5.01,nan,Seashell Pink,Black,Normal,Cylinder,Happy,0.046,0.0873,0.102,0.0193,0.0967,0.0253,0.0307,0.004,0.0307,0.0613,0.008,0.0613,0.012,0.0553,0.0087,0.226,0.4247,0.118,0.2333,0.2567,0.0493
839,9.53,9.53,nan,Seashell Pink,Black,Normal,Cylinder,Happy,0.046,0.0873,0.102,0.0193,0.0967,0.0253,0.0307,0.004,0.0307,0.0613,0.008,0.0613,0.012,0.0553,0.0087,0.226,0.4247,0.118,0.2333,0.2567,0.0493
839,5.03,5.03,nan,Seashell Pink,Black,Normal,Cylinder,Happy,0.046,0.0873,0.102,0.0193,0.0967,0.0253,0.0307,0.004,0.0307,0.0613,0.008,0.0613,0.012,0.0553,0.0087,0.226,0.4247,0.118,0.2333,0.2567,0.0493
789,5.41,5.01,Samurai Sword,Lavender Dusk Purple,Tan,Normal,Headband,Toothy,0.0027,0.0033,0.006,0.0013,0.0033,0.018,0.0353,0.0047,0.022,0.038,0.012,0.032,0.0127,0.0513,0.0107,0.1853,0.0187,0.1187,0.1553,0.2567,0.0447
789,9.56,9.0,Samurai Sword,Lavender Dusk Purple,Tan,Normal,Headband,Toothy,0.0027,0.0033,0.006,0.0013,0.0033,0.018,0.0353,0.0047,0.022,0.038,0.012,0.032,0.0127,0.0513,0.0107,0.1853,0.0187,0.1187,0.1553,0.2567,0.0447
789,9.27,7.59,Samurai Sword,Lavender Dusk Purple,Tan,Normal,Headband,Toothy,0.0027,0.0033,0.006,0.0013,0.0033,0.018,0.0353,0.0047,0.022,0.038,0.012,0.032,0.0127,0.0513,0.0107,0.1853,0.0187,0.1187,0.1553,0.2567,0.0447
1013,11.44,5.01,Earrings,Midnight Sapphire Blue,Black - Overweight,Eye Patch,Cowboy,Sad,0.0013,0.0033,0.0013,0.0007,0.002,0.0173,0.0107,0.01,0.0153,0.018,0.0147,0.0187,0.0047,0.0093,0.0073,0.118,0.01,0.1167,0.1773,0.08,0.058
1013,17.03,7.97,Earrings,Midnight Sapphire Blue,Black - Overweight,Eye Patch,Cowboy,Sad,0.0013,0.0033,0.0013,0.0007,0.002,0.0173,0.0107,0.01,0.0153,0.018,0.0147,0.0187,0.0047,0.0093,0.0073,0.118,0.01,0.1167,0.1773,0.08,0.058
1013,17.36,8.17,Earrings,Midnight Sapphire Blue,Black - Overweight,Eye Patch,Cowboy,Sad,0.0013,0.0033,0.0013,0.0007,0.002,0.0173,0.0107,0.01,0.0153,0.018,0.0147,0.0187,0.0047,0.0093,0.0073,0.118,0.01,0.1167,0.1773,0.08,0.058
1013,19.68,8.61,Earrings,Midnight Sapphire Blue,Black - Overweight,Eye Patch,Cowboy,Sad,0.0013,0.0033,0.0013,0.0007,0.002,0.0173,0.0107,0.01,0.0153,0.018,0.0147,0.0187,0.0047,0.0093,0.0073,0.118,0.01,0.1167,0.1773,0.08,0.058
1013,7.04,3.44,Earrings,Midnight Sapphire Blue,Black - Overweight,Eye Patch,Cowboy,Sad,0.0013,0.0033,0.0013,0.0007,0.002,0.0173,0.0107,0.01,0.0153,0.018,0.0147,0.0187,0.0047,0.0093,0.0073,0.118,0.01,0.1167,0.1773,0.08,0.058
1013,8.18,4.23,Earrings,Midnight Sapphire Blue,Black - Overweight,Eye Patch,Cowboy,Sad,0.0013,0.0033,0.0013,0.0007,0.002,0.0173,0.0107,0.01,0.0153,0.018,0.0147,0.0187,0.0047,0.0093,0.0073,0.118,0.01,0.1167,0.1773,0.08,0.058
476,5.01,5.01,Gold Chain,Midnight Sapphire Blue,Cream,Gold Shades,No Hat,Surprised,0.0127,0.0067,0.0027,0.0273,0.014,0.0093,0.002,0.0367,0.0133,0.002,0.0347,0.0133,0.004,0.004,0.0407,0.1187,0.09,0.1167,0.0787,0.02,0.3147
476,8.19,8.19,Gold Chain,Midnight Sapphire Blue,Cream,Gold Shades,No Hat,Surprised,0.0127,0.0067,0.0027,0.0273,0.014,0.0093,0.002,0.0367,0.0133,0.002,0.0347,0.0133,0.004,0.004,0.0407,0.1187,0.09,0.1167,0.0787,0.02,0.3147
543,5.16,5.16,Tie,Stormcloud Grey,Blue,Normal,Headband,Drooling,0.0133,0.0027,0.0187,0.0027,0.0053,0.0067,0.0287,0.0047,0.0093,0.0133,0.004,0.0033,0.0127,0.0173,0.002,0.07,0.0627,0.1187,0.0633,0.2567,0.0447
543,6.31,6.31,Tie,Stormcloud Grey,Blue,Normal,Headband,Drooling,0.0133,0.0027,0.0187,0.0027,0.0053,0.0067,0.0287,0.0047,0.0093,0.0133,0.004,0.0033,0.0127,0.0173,0.002,0.07,0.0627,0.1187,0.0633,0.2567,0.0447
543,7.22,7.22,Tie,Stormcloud Grey,Blue,Normal,Headband,Drooling,0.0133,0.0027,0.0187,0.0027,0.0053,0.0067,0.0287,0.0047,0.0093,0.0133,0.004,0.0033,0.0127,0.0173,0.002,0.07,0.0627,0.1187,0.0633,0.2567,0.0447
409,5.16,5.16,nan,Spiced Orange,Tan,Red Round Shades,Headphones,Sad,0.0527,0.066,0.0233,0.022,0.0447,0.0207,0.008,0.0053,0.0147,0.014,0.0087,0.0167,0.002,0.0067,0.0093,0.118,0.4247,0.118,0.1553,0.0587,0.05
409,6.55,6.55,nan,Spiced Orange,Tan,Red Round Shades,Headphones,Sad,0.0527,0.066,0.0233,0.022,0.0447,0.0207,0.008,0.0053,0.0147,0.014,0.0087,0.0167,0.002,0.0067,0.0093,0.118,0.4247,0.118,0.1553,0.0587,0.05
433,5.23,5.23,Tie,Rose Quartz Pink,Sable,White Shades,Cylinder,Toothy,0.0087,0.0047,0.0087,0.0047,0.0107,0.008,0.0207,0.004,0.022,0.01,0.0027,0.0127,0.0053,0.03,0.0107,0.1853,0.0627,0.116,0.0633,0.148,0.0493
433,1.8,1.8,Tie,Rose Quartz Pink,Sable,White Shades,Cylinder,Toothy,0.0087,0.0047,0.0087,0.0047,0.0107,0.008,0.0207,0.004,0.022,0.01,0.0027,0.0127,0.0053,0.03,0.0107,0.1853,0.0627,0.116,0.0633,0.148,0.0493
959,5.23,5.23,Tie,Seashell Pink,Black - Overweight,Normal,No Hat,Happy,0.0067,0.0127,0.0187,0.024,0.01,0.0253,0.0307,0.0373,0.0307,0.0393,0.0607,0.042,0.0747,0.0553,0.0707,0.226,0.0627,0.118,0.1773,0.2567,0.3147
912,5.27,5.27,nan,Forest Moss Green,Black - Overweight,Concerned,Slickback,Sad,0.0467,0.08,0.0127,0.016,0.0447,0.026,0.0087,0.0053,0.0127,0.008,0.0067,0.0187,0.0027,0.0047,0.0073,0.118,0.4247,0.1247,0.1773,0.0293,0.0493
827,5.27,5.27,nan,Midnight Sapphire Blue,Chocolate,3-D Glasses,Party Hat,Happy,0.0567,0.0173,0.012,0.0247,0.0967,0.008,0.0033,0.0073,0.0253,0.002,0.004,0.01,0.0013,0.0107,0.012,0.226,0.4247,0.1167,0.0433,0.0293,0.05
503,5.66,5.27,nan,Stormcloud Grey,Tan - Overweight,White Round Shades,Wizard,Toothy,0.0467,0.0313,0.0427,0.0093,0.074,0.0127,0.016,0.0027,0.0193,0.0027,0.0013,0.0147,0.0027,0.0147,0.0033,0.1853,0.4247,0.1187,0.0727,0.0987,0.02
503,7.0,7.0,nan,Stormcloud Grey,Tan - Overweight,White Round Shades,Wizard,Toothy,0.0467,0.0313,0.0427,0.0093,0.074,0.0127,0.016,0.0027,0.0193,0.0027,0.0013,0.0147,0.0027,0.0147,0.0033,0.1853,0.4247,0.1187,0.0727,0.0987,0.02
503,8.67,8.67,nan,Stormcloud Grey,Tan - Overweight,White Round Shades,Wizard,Toothy,0.0467,0.0313,0.0427,0.0093,0.074,0.0127,0.016,0.0027,0.0193,0.0027,0.0013,0.0147,0.0027,0.0147,0.0033,0.1853,0.4247,0.1187,0.0727,0.0987,0.02
1465,5.27,5.27,Red Bandana,Stormcloud Grey,Black,White Round Shades,No Hat,Mustache,0.01,0.0253,0.008,0.0307,0.0087,0.0287,0.016,0.0367,0.0087,0.024,0.0727,0.0213,0.0327,0.0073,0.022,0.0767,0.092,0.1187,0.2333,0.0987,0.3147
1465,6.79,6.79,Red Bandana,Stormcloud Grey,Black,White Round Shades,No Hat,Mustache,0.01,0.0253,0.008,0.0307,0.0087,0.0287,0.016,0.0367,0.0087,0.024,0.0727,0.0213,0.0327,0.0073,0.022,0.0767,0.092,0.1187,0.2333,0.0987,0.3147
1465,8.39,8.39,Red Bandana,Stormcloud Grey,Black,White Round Shades,No Hat,Mustache,0.01,0.0253,0.008,0.0307,0.0087,0.0287,0.016,0.0367,0.0087,0.024,0.0727,0.0213,0.0327,0.0073,0.022,0.0767,0.092,0.1187,0.2333,0.0987,0.3147
1465,4.08,3.82,Red Bandana,Stormcloud Grey,Black,White Round Shades,No Hat,Mustache,0.01,0.0253,0.008,0.0307,0.0087,0.0287,0.016,0.0367,0.0087,0.024,0.0727,0.0213,0.0327,0.0073,0.022,0.0767,0.092,0.1187,0.2333,0.0987,0.3147
1265,8.76,5.3,nan,Spiced Orange,Black,Eye Patch,Beret,Surprised,0.0527,0.0873,0.0313,0.0047,0.056,0.0267,0.0107,0.0013,0.0153,0.018,0.0033,0.0267,0.0007,0.0093,0.004,0.1187,0.4247,0.118,0.2333,0.08,0.0093
1265,9.58,5.3,nan,Spiced Orange,Black,Eye Patch,Beret,Surprised,0.0527,0.0873,0.0313,0.0047,0.056,0.0267,0.0107,0.0013,0.0153,0.018,0.0033,0.0267,0.0007,0.0093,0.004,0.1187,0.4247,0.118,0.2333,0.08,0.0093
1265,13.75,7.03,nan,Spiced Orange,Black,Eye Patch,Beret,Surprised,0.0527,0.0873,0.0313,0.0047,0.056,0.0267,0.0107,0.0013,0.0153,0.018,0.0033,0.0267,0.0007,0.0093,0.004,0.1187,0.4247,0.118,0.2333,0.08,0.0093
165,5.3,5.3,Scarf,Lavender Dusk Purple,Black - Overweight,Normal,Slickback,Drooling,0.0173,0.0273,0.0467,0.0093,0.006,0.0187,0.0353,0.006,0.0087,0.0393,0.0067,0.0133,0.018,0.0173,0.004,0.07,0.1393,0.1187,0.1773,0.2567,0.0493
1139,5.3,5.3,nan,Midnight Sapphire Blue,Tan - Overweight,Nouns Glasses,No Hat,Panting,0.0567,0.0313,0.018,0.132,0.0193,0.0093,0.0047,0.0367,0.0053,0.0033,0.016,0.0033,0.012,0.0033,0.0173,0.048,0.4247,0.1167,0.0727,0.0393,0.3147
1403,5.3,5.3,Gold Chain,Seashell Pink,Black,Red Round Shades,No Hat,Toothy,0.0113,0.0267,0.0067,0.0273,0.018,0.0253,0.0087,0.0373,0.0247,0.0107,0.0727,0.0347,0.0247,0.0127,0.0533,0.1853,0.09,0.118,0.2333,0.0587,0.3147
1403,6.56,6.56,Gold Chain,Seashell Pink,Black,Red Round Shades,No Hat,Toothy,0.0113,0.0267,0.0067,0.0273,0.018,0.0253,0.0087,0.0373,0.0247,0.0107,0.0727,0.0347,0.0247,0.0127,0.0533,0.1853,0.09,0.118,0.2333,0.0587,0.3147
1403,3.1,3.1,Gold Chain,Seashell Pink,Black,Red Round Shades,No Hat,Toothy,0.0113,0.0267,0.0067,0.0273,0.018,0.0253,0.0087,0.0373,0.0247,0.0107,0.0727,0.0347,0.0247,0.0127,0.0533,0.1853,0.09,0.118,0.2333,0.0587,0.3147
1403,1.76,1.76,Gold Chain,Seashell Pink,Black,Red Round Shades,No Hat,Toothy,0.0113,0.0267,0.0067,0.0273,0.018,0.0253,0.0087,0.0373,0.0247,0.0107,0.0727,0.0347,0.0247,0.0127,0.0533,0.1853,0.09,0.118,0.2333,0.0587,0.3147
937,5.3,5.3,nan,Lavender Dusk Purple,Black,3-D Glasses,Pirate,Surprised,0.0507,0.0873,0.012,0.03,0.056,0.03,0.0033,0.0107,0.0127,0.0067,0.0147,0.0267,0.002,0.0047,0.0053,0.1187,0.4247,0.1187,0.2333,0.0293,0.06
937,7.51,7.51,nan,Lavender Dusk Purple,Black,3-D Glasses,Pirate,Surprised,0.0507,0.0873,0.012,0.03,0.056,0.03,0.0033,0.0107,0.0127,0.0067,0.0147,0.0267,0.002,0.0047,0.0053,0.1187,0.4247,0.1187,0.2333,0.0293,0.06
937,6.55,6.55,nan,Lavender Dusk Purple,Black,3-D Glasses,Pirate,Surprised,0.0507,0.0873,0.012,0.03,0.056,0.03,0.0033,0.0107,0.0127,0.0067,0.0147,0.0267,0.002,0.0047,0.0053,0.1187,0.4247,0.1187,0.2333,0.0293,0.06
937,4.92,4.92,nan,Lavender Dusk Purple,Black,3-D Glasses,Pirate,Surprised,0.0507,0.0873,0.012,0.03,0.056,0.03,0.0033,0.0107,0.0127,0.0067,0.0147,0.0267,0.002,0.0047,0.0053,0.1187,0.4247,0.1187,0.2333,0.0293,0.06
1047,13.47,5.3,nan,Spiced Orange,Sable,Goggles,Beret,Surprised,0.0527,0.0293,0.0267,0.0047,0.056,0.0113,0.0073,0.0013,0.0153,0.0033,0.0007,0.0047,0.0013,0.0067,0.004,0.1187,0.4247,0.118,0.0633,0.0573,0.0093
1047,18.31,7.0,nan,Spiced Orange,Sable,Goggles,Beret,Surprised,0.0527,0.0293,0.0267,0.0047,0.056,0.0113,0.0073,0.0013,0.0153,0.0033,0.0007,0.0047,0.0013,0.0067,0.004,0.1187,0.4247,0.118,0.0633,0.0573,0.0093
1047,9.64,3.97,nan,Spiced Orange,Sable,Goggles,Beret,Surprised,0.0527,0.0293,0.0267,0.0047,0.056,0.0113,0.0073,0.0013,0.0153,0.0033,0.0007,0.0047,0.0013,0.0067,0.004,0.1187,0.4247,0.118,0.0633,0.0573,0.0093
1406,5.42,5.42,Scarf,Midnight Sapphire Blue,Cream,Concerned,Cylinder,Mustache,0.0133,0.014,0.0053,0.0087,0.008,0.0093,0.004,0.0053,0.0133,0.004,0.004,0.0047,0.002,0.0033,0.0047,0.0767,0.1393,0.1167,0.0787,0.0293,0.0493
1406,6.8,6.8,Scarf,Midnight Sapphire Blue,Cream,Concerned,Cylinder,Mustache,0.0133,0.014,0.0053,0.0087,0.008,0.0093,0.004,0.0053,0.0133,0.004,0.004,0.0047,0.002,0.0033,0.0047,0.0767,0.1393,0.1167,0.0787,0.0293,0.0493
1406,9.16,9.16,Scarf,Midnight Sapphire Blue,Cream,Concerned,Cylinder,Mustache,0.0133,0.014,0.0053,0.0087,0.008,0.0093,0.004,0.0053,0.0133,0.004,0.004,0.0047,0.002,0.0033,0.0047,0.0767,0.1393,0.1167,0.0787,0.0293,0.0493
34,5.42,5.42,nan,Sunlit Gold,Black,White Round Shades,Cylinder,Happy,0.0673,0.0873,0.0427,0.0193,0.0967,0.0313,0.0147,0.0067,0.04,0.024,0.008,0.0613,0.004,0.0207,0.0087,0.226,0.4247,0.15,0.2333,0.0987,0.0493
34,2.07,2.07,nan,Sunlit Gold,Black,White Round Shades,Cylinder,Happy,0.0673,0.0873,0.0427,0.0193,0.0967,0.0313,0.0147,0.0067,0.04,0.024,0.008,0.0613,0.004,0.0207,0.0087,0.226,0.4247,0.15,0.2333,0.0987,0.0493
717,5.42,5.42,Red Bandana,Forest Moss Green,Black - Overweight,Eye Patch,No Hat,Happy,0.0167,0.018,0.012,0.0307,0.0267,0.026,0.0107,0.0447,0.0267,0.018,0.0607,0.042,0.0267,0.0173,0.0707,0.226,0.092,0.1247,0.1773,0.08,0.3147
717,7.49,7.49,Red Bandana,Forest Moss Green,Black - Overweight,Eye Patch,No Hat,Happy,0.0167,0.018,0.012,0.0307,0.0267,0.026,0.0107,0.0447,0.0267,0.018,0.0607,0.042,0.0267,0.0173,0.0707,0.226,0.092,0.1247,0.1773,0.08,0.3147
717,8.48,8.48,Red Bandana,Forest Moss Green,Black - Overweight,Eye Patch,No Hat,Happy,0.0167,0.018,0.012,0.0307,0.0267,0.026,0.0107,0.0447,0.0267,0.018,0.0607,0.042,0.0267,0.0173,0.0707,0.226,0.092,0.1247,0.1773,0.08,0.3147
717,8.48,8.48,Red Bandana,Forest Moss Green,Black - Overweight,Eye Patch,No Hat,Happy,0.0167,0.018,0.012,0.0307,0.0267,0.026,0.0107,0.0447,0.0267,0.018,0.0607,0.042,0.0267,0.0173,0.0707,0.226,0.092,0.1247,0.1773,0.08,0.3147
717,8.15,8.15,Red Bandana,Forest Moss Green,Black - Overweight,Eye Patch,No Hat,Happy,0.0167,0.018,0.012,0.0307,0.0267,0.026,0.0107,0.0447,0.0267,0.018,0.0607,0.042,0.0267,0.0173,0.0707,0.226,0.092,0.1247,0.1773,0.08,0.3147
717,5.45,5.45,Red Bandana,Forest Moss Green,Black - Overweight,Eye Patch,No Hat,Happy,0.0167,0.018,0.012,0.0307,0.0267,0.026,0.0107,0.0447,0.0267,0.018,0.0607,0.042,0.0267,0.0173,0.0707,0.226,0.092,0.1247,0.1773,0.08,0.3147
717,3.97,3.97,Red Bandana,Forest Moss Green,Black - Overweight,Eye Patch,No Hat,Happy,0.0167,0.018,0.012,0.0307,0.0267,0.026,0.0107,0.0447,0.0267,0.018,0.0607,0.042,0.0267,0.0173,0.0707,0.226,0.092,0.1247,0.1773,0.08,0.3147
440,5.42,5.42,nan,Seashell Pink,Lilac,Normal,Cowboy,Happy,0.046,0.018,0.102,0.0253,0.0967,0.006,0.0307,0.004,0.0307,0.0133,0.0047,0.0133,0.0167,0.0553,0.0127,0.226,0.4247,0.118,0.0433,0.2567,0.058
990,7.64,5.42,Sickle,Rose Quartz Pink,Black,Red Shades,No Hat,Happy,0.002,0.002,0.0007,0.002,0.002,0.032,0.0053,0.0407,0.0247,0.016,0.0727,0.0613,0.0213,0.016,0.0707,0.226,0.01,0.116,0.2333,0.0687,0.3147
990,7.72,4.94,Sickle,Rose Quartz Pink,Black,Red Shades,No Hat,Happy,0.002,0.002,0.0007,0.002,0.002,0.032,0.0053,0.0407,0.0247,0.016,0.0727,0.0613,0.0213,0.016,0.0707,0.226,0.01,0.116,0.2333,0.0687,0.3147
729,5.42,5.42,Gold Chain,Sunlit Gold,Cream,Nouns Glasses,No Hat,Drooling,0.0133,0.0067,0.0033,0.0273,0.0073,0.0127,0.0067,0.044,0.0107,0.004,0.0347,0.0033,0.012,0.0033,0.0253,0.07,0.09,0.15,0.0787,0.0393,0.3147
729,6.87,6.87,Gold Chain,Sunlit Gold,Cream,Nouns Glasses,No Hat,Drooling,0.0133,0.0067,0.0033,0.0273,0.0073,0.0127,0.0067,0.044,0.0107,0.004,0.0347,0.0033,0.012,0.0033,0.0253,0.07,0.09,0.15,0.0787,0.0393,0.3147
729,8.93,8.03,Gold Chain,Sunlit Gold,Cream,Nouns Glasses,No Hat,Drooling,0.0133,0.0067,0.0033,0.0273,0.0073,0.0127,0.0067,0.044,0.0107,0.004,0.0347,0.0033,0.012,0.0033,0.0253,0.07,0.09,0.15,0.0787,0.0393,0.3147
729,4.23,4.23,Gold Chain,Sunlit Gold,Cream,Nouns Glasses,No Hat,Drooling,0.0133,0.0067,0.0033,0.0273,0.0073,0.0127,0.0067,0.044,0.0107,0.004,0.0347,0.0033,0.012,0.0033,0.0253,0.07,0.09,0.15,0.0787,0.0393,0.3147
152,7.24,5.42,Neck Tattoo,Sunlit Gold,Black,VR Headset,No Hat,Vampire,0.0047,0.0087,0.0007,0.0067,0.002,0.0313,0.0027,0.044,0.0093,0.0047,0.0727,0.0127,0.006,0.0027,0.0207,0.0593,0.03,0.15,0.2333,0.0193,0.3147
152,10.01,7.03,Neck Tattoo,Sunlit Gold,Black,VR Headset,No Hat,Vampire,0.0047,0.0087,0.0007,0.0067,0.002,0.0313,0.0027,0.044,0.0093,0.0047,0.0727,0.0127,0.006,0.0027,0.0207,0.0593,0.03,0.15,0.2333,0.0193,0.3147
152,10.14,8.24,Neck Tattoo,Sunlit Gold,Black,VR Headset,No Hat,Vampire,0.0047,0.0087,0.0007,0.0067,0.002,0.0313,0.0027,0.044,0.0093,0.0047,0.0727,0.0127,0.006,0.0027,0.0207,0.0593,0.03,0.15,0.2333,0.0193,0.3147
152,11.4,9.16,Neck Tattoo,Sunlit Gold,Black,VR Headset,No Hat,Vampire,0.0047,0.0087,0.0007,0.0067,0.002,0.0313,0.0027,0.044,0.0093,0.0047,0.0727,0.0127,0.006,0.0027,0.0207,0.0593,0.03,0.15,0.2333,0.0193,0.3147
1146,5.42,5.42,nan,Spiced Orange,Cream,Normal,Elvis,Feral,0.0527,0.0327,0.102,0.0273,0.0187,0.0087,0.0253,0.0093,0.0033,0.0227,0.004,0.0033,0.0167,0.0147,0.0053,0.048,0.4247,0.118,0.0787,0.2567,0.07
1146,5.46,5.46,nan,Spiced Orange,Cream,Normal,Elvis,Feral,0.0527,0.0327,0.102,0.0273,0.0187,0.0087,0.0253,0.0093,0.0033,0.0227,0.004,0.0033,0.0167,0.0147,0.0053,0.048,0.4247,0.118,0.0787,0.2567,0.07
1146,8.54,8.54,nan,Spiced Orange,Cream,Normal,Elvis,Feral,0.0527,0.0327,0.102,0.0273,0.0187,0.0087,0.0253,0.0093,0.0033,0.0227,0.004,0.0033,0.0167,0.0147,0.0053,0.048,0.4247,0.118,0.0787,0.2567,0.07
1146,8.73,8.73,nan,Spiced Orange,Cream,Normal,Elvis,Feral,0.0527,0.0327,0.102,0.0273,0.0187,0.0087,0.0253,0.0093,0.0033,0.0227,0.004,0.0033,0.0167,0.0147,0.0053,0.048,0.4247,0.118,0.0787,0.2567,0.07
301,5.42,5.42,nan,Spiced Orange,Tan,Normal,Sobrero,Mustache,0.0527,0.066,0.102,0.02,0.0347,0.0207,0.0253,0.0053,0.0067,0.038,0.0067,0.012,0.016,0.022,0.0047,0.0767,0.4247,0.118,0.1553,0.2567,0.06
100,5.42,5.42,Red Bandana,Seashell Pink,Black,Red Round Shades,Cylinder,Mustache,0.008,0.0253,0.006,0.0067,0.0087,0.0253,0.0087,0.004,0.0073,0.0107,0.008,0.0213,0.006,0.004,0.0047,0.0767,0.092,0.118,0.2333,0.0587,0.0493
100,8.14,8.14,Red Bandana,Seashell Pink,Black,Red Round Shades,Cylinder,Mustache,0.008,0.0253,0.006,0.0067,0.0087,0.0253,0.0087,0.004,0.0073,0.0107,0.008,0.0213,0.006,0.004,0.0047,0.0767,0.092,0.118,0.2333,0.0587,0.0493
352,5.41,5.41,nan,Stormcloud Grey,Black - Overweight,Eye Patch,Headphones,Sad,0.0467,0.08,0.0313,0.022,0.0447,0.018,0.0087,0.006,0.016,0.018,0.01,0.0187,0.0067,0.0093,0.0093,0.118,0.4247,0.1187,0.1773,0.08,0.05
352,6.96,6.96,nan,Stormcloud Grey,Black - Overweight,Eye Patch,Headphones,Sad,0.0467,0.08,0.0313,0.022,0.0447,0.018,0.0087,0.006,0.016,0.018,0.01,0.0187,0.0067,0.0093,0.0093,0.118,0.4247,0.1187,0.1773,0.08,0.05
352,3.85,3.85,nan,Stormcloud Grey,Black - Overweight,Eye Patch,Headphones,Sad,0.0467,0.08,0.0313,0.022,0.0447,0.018,0.0087,0.006,0.016,0.018,0.01,0.0187,0.0067,0.0093,0.0093,0.118,0.4247,0.1187,0.1773,0.08,0.05
1428,19.82,5.41,Wings,Sunlit Gold,Tan,Normal,Bone,Feral,0.0053,0.0033,0.0047,0.0007,0.0007,0.0267,0.0427,0.002,0.0053,0.038,0.0027,0.0067,0.0027,0.0147,0.0013,0.048,0.0193,0.15,0.1553,0.2567,0.0093
1004,5.41,5.41,Red Bandana,Stormcloud Grey,Tan,Cyclop,No Hat,Drooling,0.01,0.0127,0.002,0.0307,0.0053,0.0167,0.002,0.0367,0.0093,0.002,0.048,0.008,0.006,0.002,0.0253,0.07,0.092,0.1187,0.1553,0.0187,0.3147
1004,6.77,6.77,Red Bandana,Stormcloud Grey,Tan,Cyclop,No Hat,Drooling,0.01,0.0127,0.002,0.0307,0.0053,0.0167,0.002,0.0367,0.0093,0.002,0.048,0.008,0.006,0.002,0.0253,0.07,0.092,0.1187,0.1553,0.0187,0.3147
1004,8.17,8.17,Red Bandana,Stormcloud Grey,Tan,Cyclop,No Hat,Drooling,0.01,0.0127,0.002,0.0307,0.0053,0.0167,0.002,0.0367,0.0093,0.002,0.048,0.008,0.006,0.002,0.0253,0.07,0.092,0.1187,0.1553,0.0187,0.3147
1004,3.64,3.64,Red Bandana,Stormcloud Grey,Tan,Cyclop,No Hat,Drooling,0.01,0.0127,0.002,0.0307,0.0053,0.0167,0.002,0.0367,0.0093,0.002,0.048,0.008,0.006,0.002,0.0253,0.07,0.092,0.1187,0.1553,0.0187,0.3147
1004,2.37,2.37,Red Bandana,Stormcloud Grey,Tan,Cyclop,No Hat,Drooling,0.01,0.0127,0.002,0.0307,0.0053,0.0167,0.002,0.0367,0.0093,0.002,0.048,0.008,0.006,0.002,0.0253,0.07,0.092,0.1187,0.1553,0.0187,0.3147
509,5.41,5.41,Scarf,Lavender Dusk Purple,Black - Overweight,White Shades,Sobrero,Toothy,0.0173,0.0273,0.0187,0.0067,0.0367,0.0187,0.014,0.0067,0.022,0.0347,0.0093,0.0373,0.01,0.03,0.0133,0.1853,0.1393,0.1187,0.1773,0.148,0.06
1366,5.47,5.47,Bow Tie,Spiced Orange,Lilac,Normal,Party Hat,Sad,0.0133,0.0033,0.02,0.0067,0.0127,0.0073,0.0253,0.0067,0.0147,0.0133,0.0027,0.0073,0.0127,0.0293,0.0053,0.118,0.0933,0.118,0.0433,0.2567,0.05
89,5.46,5.46,Gold Chain,Stormcloud Grey,Tan,Normal,Dreads,Surprised,0.0153,0.0113,0.0233,0.002,0.014,0.0167,0.0287,0.0053,0.0127,0.038,0.002,0.02,0.0053,0.03,0.002,0.1187,0.09,0.1187,0.1553,0.2567,0.018
89,9.53,9.53,Gold Chain,Stormcloud Grey,Tan,Normal,Dreads,Surprised,0.0153,0.0113,0.0233,0.002,0.014,0.0167,0.0287,0.0053,0.0127,0.038,0.002,0.02,0.0053,0.03,0.002,0.1187,0.09,0.1187,0.1553,0.2567,0.018
89,9.18,9.18,Gold Chain,Stormcloud Grey,Tan,Normal,Dreads,Surprised,0.0153,0.0113,0.0233,0.002,0.014,0.0167,0.0287,0.0053,0.0127,0.038,0.002,0.02,0.0053,0.03,0.002,0.1187,0.09,0.1187,0.1553,0.2567,0.018
1043,5.47,5.47,nan,Rose Quartz Pink,Chocolate,Red Round Shades,Party Hat,Surprised,0.048,0.0173,0.0233,0.0247,0.056,0.0053,0.0107,0.0053,0.0173,0.0033,0.004,0.0053,0.0013,0.0087,0.004,0.1187,0.4247,0.116,0.0433,0.0587,0.05
1043,3.41,3.41,nan,Rose Quartz Pink,Chocolate,Red Round Shades,Party Hat,Surprised,0.048,0.0173,0.0233,0.0247,0.056,0.0053,0.0107,0.0053,0.0173,0.0033,0.004,0.0053,0.0013,0.0087,0.004,0.1187,0.4247,0.116,0.0433,0.0587,0.05
1499,5.47,5.47,nan,Midnight Sapphire Blue,Tan,Normal,Cylinder,Toothy,0.0567,0.066,0.102,0.0193,0.074,0.0167,0.03,0.0053,0.0207,0.038,0.0107,0.032,0.012,0.0513,0.0107,0.1853,0.4247,0.1167,0.1553,0.2567,0.0493
1499,9.15,9.15,nan,Midnight Sapphire Blue,Tan,Normal,Cylinder,Toothy,0.0567,0.066,0.102,0.0193,0.074,0.0167,0.03,0.0053,0.0207,0.038,0.0107,0.032,0.012,0.0513,0.0107,0.1853,0.4247,0.1167,0.1553,0.2567,0.0493
216,5.47,5.47,nan,Lavender Dusk Purple,Black,White Shades,No Hat,Happy,0.0507,0.0873,0.066,0.132,0.0967,0.03,0.014,0.0367,0.0213,0.0327,0.0727,0.0613,0.0487,0.034,0.0707,0.226,0.4247,0.1187,0.2333,0.148,0.3147
216,7.84,7.84,nan,Lavender Dusk Purple,Black,White Shades,No Hat,Happy,0.0507,0.0873,0.066,0.132,0.0967,0.03,0.014,0.0367,0.0213,0.0327,0.0727,0.0613,0.0487,0.034,0.0707,0.226,0.4247,0.1187,0.2333,0.148,0.3147
216,3.83,3.83,nan,Lavender Dusk Purple,Black,White Shades,No Hat,Happy,0.0507,0.0873,0.066,0.132,0.0967,0.03,0.014,0.0367,0.0213,0.0327,0.0727,0.0613,0.0487,0.034,0.0707,0.226,0.4247,0.1187,0.2333,0.148,0.3147
536,5.47,5.47,Tie,Forest Moss Green,Black - Overweight,Normal,Cowboy,Drooling,0.0073,0.0127,0.0187,0.0033,0.0053,0.026,0.034,0.006,0.008,0.0393,0.0147,0.0133,0.0167,0.0173,0.004,0.07,0.0627,0.1247,0.1773,0.2567,0.058
536,8.05,8.05,Tie,Forest Moss Green,Black - Overweight,Normal,Cowboy,Drooling,0.0073,0.0127,0.0187,0.0033,0.0053,0.026,0.034,0.006,0.008,0.0393,0.0147,0.0133,0.0167,0.0173,0.004,0.07,0.0627,0.1247,0.1773,0.2567,0.058
536,8.92,8.92,Tie,Forest Moss Green,Black - Overweight,Normal,Cowboy,Drooling,0.0073,0.0127,0.0187,0.0033,0.0053,0.026,0.034,0.006,0.008,0.0393,0.0147,0.0133,0.0167,0.0173,0.004,0.07,0.0627,0.1247,0.1773,0.2567,0.058
536,5.67,4.92,Tie,Forest Moss Green,Black - Overweight,Normal,Cowboy,Drooling,0.0073,0.0127,0.0187,0.0033,0.0053,0.026,0.034,0.006,0.008,0.0393,0.0147,0.0133,0.0167,0.0173,0.004,0.07,0.0627,0.1247,0.1773,0.2567,0.058
1032,10.05,5.47,nan,"Red, White, and Blue",Tan - Overweight,Cyclop,Pirate,Sad,0.0047,0.0313,0.0067,0.03,0.0447,0.002,0.0007,0.0007,0.002,0.002,0.006,0.0127,0.0007,0.004,0.0073,0.118,0.4247,0.01,0.0727,0.0187,0.06
1032,13.56,6.17,nan,"Red, White, and Blue",Tan - Overweight,Cyclop,Pirate,Sad,0.0047,0.0313,0.0067,0.03,0.0447,0.002,0.0007,0.0007,0.002,0.002,0.006,0.0127,0.0007,0.004,0.0073,0.118,0.4247,0.01,0.0727,0.0187,0.06
1032,15.5,7.59,nan,"Red, White, and Blue",Tan - Overweight,Cyclop,Pirate,Sad,0.0047,0.0313,0.0067,0.03,0.0447,0.002,0.0007,0.0007,0.002,0.002,0.006,0.0127,0.0007,0.004,0.0073,0.118,0.4247,0.01,0.0727,0.0187,0.06
1032,5.9,2.71,nan,"Red, White, and Blue",Tan - Overweight,Cyclop,Pirate,Sad,0.0047,0.0313,0.0067,0.03,0.0447,0.002,0.0007,0.0007,0.002,0.002,0.006,0.0127,0.0007,0.004,0.0073,0.118,0.4247,0.01,0.0727,0.0187,0.06
51,5.47,5.47,Bow Tie,Stormcloud Grey,Blue,White Round Shades,No Hat,Mustache,0.012,0.008,0.0113,0.0307,0.004,0.0067,0.016,0.0367,0.0087,0.0107,0.0207,0.0053,0.0327,0.0073,0.022,0.0767,0.0933,0.1187,0.0633,0.0987,0.3147
51,7.57,7.57,Bow Tie,Stormcloud Grey,Blue,White Round Shades,No Hat,Mustache,0.012,0.008,0.0113,0.0307,0.004,0.0067,0.016,0.0367,0.0087,0.0107,0.0207,0.0053,0.0327,0.0073,0.022,0.0767,0.0933,0.1187,0.0633,0.0987,0.3147
51,4.14,4.14,Bow Tie,Stormcloud Grey,Blue,White Round Shades,No Hat,Mustache,0.012,0.008,0.0113,0.0307,0.004,0.0067,0.016,0.0367,0.0087,0.0107,0.0207,0.0053,0.0327,0.0073,0.022,0.0767,0.0933,0.1187,0.0633,0.0987,0.3147
671,5.99,5.49,Tie,Rose Quartz Pink,Lilac,Cyclop,No Hat,Drooling,0.0087,0.0053,0.0013,0.024,0.0053,0.0027,0.0013,0.0407,0.0087,0.0007,0.016,0.002,0.006,0.002,0.0253,0.07,0.0627,0.116,0.0433,0.0187,0.3147
671,8.65,6.83,Tie,Rose Quartz Pink,Lilac,Cyclop,No Hat,Drooling,0.0087,0.0053,0.0013,0.024,0.0053,0.0027,0.0013,0.0407,0.0087,0.0007,0.016,0.002,0.006,0.002,0.0253,0.07,0.0627,0.116,0.0433,0.0187,0.3147
671,11.27,9.02,Tie,Rose Quartz Pink,Lilac,Cyclop,No Hat,Drooling,0.0087,0.0053,0.0013,0.024,0.0053,0.0027,0.0013,0.0407,0.0087,0.0007,0.016,0.002,0.006,0.002,0.0253,0.07,0.0627,0.116,0.0433,0.0187,0.3147
671,8.87,8.58,Tie,Rose Quartz Pink,Lilac,Cyclop,No Hat,Drooling,0.0087,0.0053,0.0013,0.024,0.0053,0.0027,0.0013,0.0407,0.0087,0.0007,0.016,0.002,0.006,0.002,0.0253,0.07,0.0627,0.116,0.0433,0.0187,0.3147
127,5.49,5.49,nan,Stormcloud Grey,Cream,White Shades,Party Hat,Mustache,0.0467,0.0327,0.066,0.0247,0.0347,0.0107,0.02,0.0053,0.0087,0.01,0.002,0.0047,0.0067,0.01,0.0027,0.0767,0.4247,0.1187,0.0787,0.148,0.05
127,6.93,6.93,nan,Stormcloud Grey,Cream,White Shades,Party Hat,Mustache,0.0467,0.0327,0.066,0.0247,0.0347,0.0107,0.02,0.0053,0.0087,0.01,0.002,0.0047,0.0067,0.01,0.0027,0.0767,0.4247,0.1187,0.0787,0.148,0.05
127,3.92,3.67,nan,Stormcloud Grey,Cream,White Shades,Party Hat,Mustache,0.0467,0.0327,0.066,0.0247,0.0347,0.0107,0.02,0.0053,0.0087,0.01,0.002,0.0047,0.0067,0.01,0.0027,0.0767,0.4247,0.1187,0.0787,0.148,0.05
853,5.49,5.49,Bow Tie,Stormcloud Grey,Tan,Eye Patch,No Hat,Surprised,0.012,0.018,0.0093,0.0307,0.0107,0.0167,0.0087,0.0367,0.0127,0.0113,0.048,0.02,0.0267,0.0093,0.0407,0.1187,0.0933,0.1187,0.1553,0.08,0.3147
853,6.74,6.74,Bow Tie,Stormcloud Grey,Tan,Eye Patch,No Hat,Surprised,0.012,0.018,0.0093,0.0307,0.0107,0.0167,0.0087,0.0367,0.0127,0.0113,0.048,0.02,0.0267,0.0093,0.0407,0.1187,0.0933,0.1187,0.1553,0.08,0.3147
853,7.59,7.59,Bow Tie,Stormcloud Grey,Tan,Eye Patch,No Hat,Surprised,0.012,0.018,0.0093,0.0307,0.0107,0.0167,0.0087,0.0367,0.0127,0.0113,0.048,0.02,0.0267,0.0093,0.0407,0.1187,0.0933,0.1187,0.1553,0.08,0.3147
296,5.58,5.58,Bow Tie,Stormcloud Grey,Tan - Overweight,Drowsy,No Hat,Panting,0.012,0.0067,0.0013,0.0307,0.0053,0.0127,0.004,0.0367,0.01,0.002,0.016,0.0033,0.012,0.0027,0.0173,0.048,0.0933,0.1187,0.0727,0.0407,0.3147
296,8.19,8.19,Bow Tie,Stormcloud Grey,Tan - Overweight,Drowsy,No Hat,Panting,0.012,0.0067,0.0013,0.0307,0.0053,0.0127,0.004,0.0367,0.01,0.002,0.016,0.0033,0.012,0.0027,0.0173,0.048,0.0933,0.1187,0.0727,0.0407,0.3147
296,7.69,7.69,Bow Tie,Stormcloud Grey,Tan - Overweight,Drowsy,No Hat,Panting,0.012,0.0067,0.0013,0.0307,0.0053,0.0127,0.004,0.0367,0.01,0.002,0.016,0.0033,0.012,0.0027,0.0173,0.048,0.0933,0.1187,0.0727,0.0407,0.3147
296,3.82,3.82,Bow Tie,Stormcloud Grey,Tan - Overweight,Drowsy,No Hat,Panting,0.012,0.0067,0.0013,0.0307,0.0053,0.0127,0.004,0.0367,0.01,0.002,0.016,0.0033,0.012,0.0027,0.0173,0.048,0.0933,0.1187,0.0727,0.0407,0.3147
654,12.65,5.58,Sickle,Forest Moss Green,Tan,Goggles,Sobrero,Toothy,0.0007,0.002,0.0013,0.0033,0.0013,0.0173,0.008,0.006,0.0253,0.008,0.0067,0.032,0.0033,0.012,0.0133,0.1853,0.01,0.1247,0.1553,0.0573,0.06
654,18.73,7.75,Sickle,Forest Moss Green,Tan,Goggles,Sobrero,Toothy,0.0007,0.002,0.0013,0.0033,0.0013,0.0173,0.008,0.006,0.0253,0.008,0.0067,0.032,0.0033,0.012,0.0133,0.1853,0.01,0.1247,0.1553,0.0573,0.06
1080,5.58,5.58,nan,Lavender Dusk Purple,White,Eye Patch,No Hat,Drooling,0.0507,0.028,0.0313,0.132,0.032,0.008,0.0093,0.0367,0.0087,0.0093,0.0187,0.006,0.0267,0.0073,0.0253,0.07,0.4247,0.1187,0.0593,0.08,0.3147
1080,6.8,6.8,nan,Lavender Dusk Purple,White,Eye Patch,No Hat,Drooling,0.0507,0.028,0.0313,0.132,0.032,0.008,0.0093,0.0367,0.0087,0.0093,0.0187,0.006,0.0267,0.0073,0.0253,0.07,0.4247,0.1187,0.0593,0.08,0.3147
1080,10.36,9.15,nan,Lavender Dusk Purple,White,Eye Patch,No Hat,Drooling,0.0507,0.028,0.0313,0.132,0.032,0.008,0.0093,0.0367,0.0087,0.0093,0.0187,0.006,0.0267,0.0073,0.0253,0.07,0.4247,0.1187,0.0593,0.08,0.3147
149,5.58,5.58,Scarf,Sunlit Gold,Tan,White Shades,Slickback,Panting,0.0193,0.0227,0.0187,0.0093,0.004,0.0267,0.026,0.0087,0.0047,0.0207,0.0073,0.012,0.004,0.0087,0.0013,0.048,0.1393,0.15,0.1553,0.148,0.0493
919,5.58,5.58,nan,Lavender Dusk Purple,Chocolate,Drowsy,Pirate,Panting,0.0507,0.0173,0.0233,0.03,0.0193,0.0047,0.0047,0.0107,0.008,0.002,0.002,0.002,0.0033,0.0027,0.0033,0.048,0.4247,0.1187,0.0433,0.0407,0.06
919,4.31,4.31,nan,Lavender Dusk Purple,Chocolate,Drowsy,Pirate,Panting,0.0507,0.0173,0.0233,0.03,0.0193,0.0047,0.0047,0.0107,0.008,0.002,0.002,0.002,0.0033,0.0027,0.0033,0.048,0.4247,0.1187,0.0433,0.0407,0.06
919,4.16,4.16,nan,Lavender Dusk Purple,Chocolate,Drowsy,Pirate,Panting,0.0507,0.0173,0.0233,0.03,0.0193,0.0047,0.0047,0.0107,0.008,0.002,0.002,0.002,0.0033,0.0027,0.0033,0.048,0.4247,0.1187,0.0433,0.0407,0.06
926,5.58,5.58,Red Bandana,Midnight Sapphire Blue,Lilac,Normal,No Hat,Vampire,0.0113,0.004,0.02,0.0307,0.006,0.0053,0.03,0.0367,0.0047,0.0133,0.016,0.0007,0.0747,0.018,0.0207,0.0593,0.092,0.1167,0.0433,0.2567,0.3147
926,9.31,8.95,Red Bandana,Midnight Sapphire Blue,Lilac,Normal,No Hat,Vampire,0.0113,0.004,0.02,0.0307,0.006,0.0053,0.03,0.0367,0.0047,0.0133,0.016,0.0007,0.0747,0.018,0.0207,0.0593,0.092,0.1167,0.0433,0.2567,0.3147
1451,13.65,5.58,Sickle,Stormcloud Grey,Black,Goggles,Pirate,Drooling,0.0007,0.002,0.0013,0.0007,0.002,0.0287,0.0073,0.0053,0.0093,0.016,0.0147,0.02,0.0033,0.0047,0.0053,0.07,0.01,0.1187,0.2333,0.0573,0.06
1451,15.31,6.75,Sickle,Stormcloud Grey,Black,Goggles,Pirate,Drooling,0.0007,0.002,0.0013,0.0007,0.002,0.0287,0.0073,0.0053,0.0093,0.016,0.0147,0.02,0.0033,0.0047,0.0053,0.07,0.01,0.1187,0.2333,0.0573,0.06
1451,12.91,4.48,Sickle,Stormcloud Grey,Black,Goggles,Pirate,Drooling,0.0007,0.002,0.0013,0.0007,0.002,0.0287,0.0073,0.0053,0.0093,0.016,0.0147,0.02,0.0033,0.0047,0.0053,0.07,0.01,0.1187,0.2333,0.0573,0.06
1451,9.0,3.83,Sickle,Stormcloud Grey,Black,Goggles,Pirate,Drooling,0.0007,0.002,0.0013,0.0007,0.002,0.0287,0.0073,0.0053,0.0093,0.016,0.0147,0.02,0.0033,0.0047,0.0053,0.07,0.01,0.1187,0.2333,0.0573,0.06
870,5.76,5.76,Bow Tie,Sunlit Gold,Cream,Eye Patch,No Hat,Toothy,0.0133,0.008,0.0093,0.0307,0.018,0.0127,0.0107,0.044,0.0293,0.004,0.0347,0.018,0.0267,0.0167,0.0533,0.1853,0.0933,0.15,0.0787,0.08,0.3147
870,6.24,6.24,Bow Tie,Sunlit Gold,Cream,Eye Patch,No Hat,Toothy,0.0133,0.008,0.0093,0.0307,0.018,0.0127,0.0107,0.044,0.0293,0.004,0.0347,0.018,0.0267,0.0167,0.0533,0.1853,0.0933,0.15,0.0787,0.08,0.3147
870,7.59,7.59,Bow Tie,Sunlit Gold,Cream,Eye Patch,No Hat,Toothy,0.0133,0.008,0.0093,0.0307,0.018,0.0127,0.0107,0.044,0.0293,0.004,0.0347,0.018,0.0267,0.0167,0.0533,0.1853,0.0933,0.15,0.0787,0.08,0.3147
870,5.33,5.33,Bow Tie,Sunlit Gold,Cream,Eye Patch,No Hat,Toothy,0.0133,0.008,0.0093,0.0307,0.018,0.0127,0.0107,0.044,0.0293,0.004,0.0347,0.018,0.0267,0.0167,0.0533,0.1853,0.0933,0.15,0.0787,0.08,0.3147
512,8.83,5.76,Bow Tie,Outer Space,Tan - Overweight,Goggles,No Hat,Sad,0.0007,0.0067,0.008,0.0307,0.0127,0.0013,0.0013,0.0047,0.002,0.004,0.016,0.0127,0.0167,0.0073,0.0387,0.118,0.0933,0.0093,0.0727,0.0573,0.3147
512,5.23,3.97,Bow Tie,Outer Space,Tan - Overweight,Goggles,No Hat,Sad,0.0007,0.0067,0.008,0.0307,0.0127,0.0013,0.0013,0.0047,0.002,0.004,0.016,0.0127,0.0167,0.0073,0.0387,0.118,0.0933,0.0093,0.0727,0.0573,0.3147
512,2.26,1.76,Bow Tie,Outer Space,Tan - Overweight,Goggles,No Hat,Sad,0.0007,0.0067,0.008,0.0307,0.0127,0.0013,0.0013,0.0047,0.002,0.004,0.016,0.0127,0.0167,0.0073,0.0387,0.118,0.0933,0.0093,0.0727,0.0573,0.3147
512,1.49,0.95,Bow Tie,Outer Space,Tan - Overweight,Goggles,No Hat,Sad,0.0007,0.0067,0.008,0.0307,0.0127,0.0013,0.0013,0.0047,0.002,0.004,0.016,0.0127,0.0167,0.0073,0.0387,0.118,0.0933,0.0093,0.0727,0.0573,0.3147
1358,5.81,5.76,nan,Sunlit Gold,Cream,Normal,No Hat,Vampire,0.0673,0.0327,0.102,0.132,0.026,0.0127,0.0427,0.044,0.0093,0.0227,0.0347,0.002,0.0747,0.018,0.0207,0.0593,0.4247,0.15,0.0787,0.2567,0.3147
1358,8.02,8.02,nan,Sunlit Gold,Cream,Normal,No Hat,Vampire,0.0673,0.0327,0.102,0.132,0.026,0.0127,0.0427,0.044,0.0093,0.0227,0.0347,0.002,0.0747,0.018,0.0207,0.0593,0.4247,0.15,0.0787,0.2567,0.3147
1358,8.17,8.17,nan,Sunlit Gold,Cream,Normal,No Hat,Vampire,0.0673,0.0327,0.102,0.132,0.026,0.0127,0.0427,0.044,0.0093,0.0227,0.0347,0.002,0.0747,0.018,0.0207,0.0593,0.4247,0.15,0.0787,0.2567,0.3147
1358,8.83,8.83,nan,Sunlit Gold,Cream,Normal,No Hat,Vampire,0.0673,0.0327,0.102,0.132,0.026,0.0127,0.0427,0.044,0.0093,0.0227,0.0347,0.002,0.0747,0.018,0.0207,0.0593,0.4247,0.15,0.0787,0.2567,0.3147
1358,8.39,8.39,nan,Sunlit Gold,Cream,Normal,No Hat,Vampire,0.0673,0.0327,0.102,0.132,0.026,0.0127,0.0427,0.044,0.0093,0.0227,0.0347,0.002,0.0747,0.018,0.0207,0.0593,0.4247,0.15,0.0787,0.2567,0.3147
1358,8.44,8.44,nan,Sunlit Gold,Cream,Normal,No Hat,Vampire,0.0673,0.0327,0.102,0.132,0.026,0.0127,0.0427,0.044,0.0093,0.0227,0.0347,0.002,0.0747,0.018,0.0207,0.0593,0.4247,0.15,0.0787,0.2567,0.3147
1045,12.1,5.76,nan,Spiced Orange,Black - Overweight,Drowsy,Bone,Toothy,0.0527,0.08,0.0233,0.0053,0.074,0.018,0.004,0.004,0.02,0.01,0.0013,0.0373,0.0013,0.008,0.002,0.1853,0.4247,0.118,0.1773,0.0407,0.0093
1045,13.07,7.59,nan,Spiced Orange,Black - Overweight,Drowsy,Bone,Toothy,0.0527,0.08,0.0233,0.0053,0.074,0.018,0.004,0.004,0.02,0.01,0.0013,0.0373,0.0013,0.008,0.002,0.1853,0.4247,0.118,0.1773,0.0407,0.0093
1045,7.35,3.38,nan,Spiced Orange,Black - Overweight,Drowsy,Bone,Toothy,0.0527,0.08,0.0233,0.0053,0.074,0.018,0.004,0.004,0.02,0.01,0.0013,0.0373,0.0013,0.008,0.002,0.1853,0.4247,0.118,0.1773,0.0407,0.0093
757,5.76,5.76,nan,Stormcloud Grey,Cream,White Round Shades,Cowboy,Toothy,0.0467,0.0327,0.0427,0.0253,0.074,0.0107,0.016,0.0047,0.0193,0.0053,0.0067,0.018,0.0053,0.0147,0.0093,0.1853,0.4247,0.1187,0.0787,0.0987,0.058
757,7.18,7.18,nan,Stormcloud Grey,Cream,White Round Shades,Cowboy,Toothy,0.0467,0.0327,0.0427,0.0253,0.074,0.0107,0.016,0.0047,0.0193,0.0053,0.0067,0.018,0.0053,0.0147,0.0093,0.1853,0.4247,0.1187,0.0787,0.0987,0.058
482,5.76,5.76,Red Bandana,Midnight Sapphire Blue,Black,Drowsy,No Hat,Drooling,0.0113,0.0253,0.002,0.0307,0.0053,0.0233,0.004,0.0367,0.01,0.0087,0.0727,0.02,0.012,0.0053,0.0253,0.07,0.092,0.1167,0.2333,0.0407,0.3147
482,6.79,6.79,Red Bandana,Midnight Sapphire Blue,Black,Drowsy,No Hat,Drooling,0.0113,0.0253,0.002,0.0307,0.0053,0.0233,0.004,0.0367,0.01,0.0087,0.0727,0.02,0.012,0.0053,0.0253,0.07,0.092,0.1167,0.2333,0.0407,0.3147
482,9.15,9.15,Red Bandana,Midnight Sapphire Blue,Black,Drowsy,No Hat,Drooling,0.0113,0.0253,0.002,0.0307,0.0053,0.0233,0.004,0.0367,0.01,0.0087,0.0727,0.02,0.012,0.0053,0.0253,0.07,0.092,0.1167,0.2333,0.0407,0.3147
482,8.81,8.81,Red Bandana,Midnight Sapphire Blue,Black,Drowsy,No Hat,Drooling,0.0113,0.0253,0.002,0.0307,0.0053,0.0233,0.004,0.0367,0.01,0.0087,0.0727,0.02,0.012,0.0053,0.0253,0.07,0.092,0.1167,0.2333,0.0407,0.3147
482,8.39,8.39,Red Bandana,Midnight Sapphire Blue,Black,Drowsy,No Hat,Drooling,0.0113,0.0253,0.002,0.0307,0.0053,0.0233,0.004,0.0367,0.01,0.0087,0.0727,0.02,0.012,0.0053,0.0253,0.07,0.092,0.1167,0.2333,0.0407,0.3147
1003,10.4,5.76,nan,Lavender Dusk Purple,Sable,Normal,Fire,Mustache,0.0507,0.0293,0.102,0.0027,0.0347,0.008,0.0353,0.002,0.01,0.0193,0.0007,0.0073,0.0027,0.022,0.0027,0.0767,0.4247,0.1187,0.0633,0.2567,0.0093
1003,19.51,9.08,nan,Lavender Dusk Purple,Sable,Normal,Fire,Mustache,0.0507,0.0293,0.102,0.0027,0.0347,0.008,0.0353,0.002,0.01,0.0193,0.0007,0.0073,0.0027,0.022,0.0027,0.0767,0.4247,0.1187,0.0633,0.2567,0.0093
180,12.25,5.76,Samurai Sword,Outer Space,Black,Normal,Elvis,Happy,0.0007,0.0053,0.006,0.0027,0.002,0.002,0.0013,0.0007,0.002,0.0613,0.018,0.0613,0.0167,0.0553,0.0207,0.226,0.0187,0.0093,0.2333,0.2567,0.07
180,11.37,5.76,Samurai Sword,Outer Space,Black,Normal,Elvis,Happy,0.0007,0.0053,0.006,0.0027,0.002,0.002,0.0013,0.0007,0.002,0.0613,0.018,0.0613,0.0167,0.0553,0.0207,0.226,0.0187,0.0093,0.2333,0.2567,0.07
180,6.37,3.44,Samurai Sword,Outer Space,Black,Normal,Elvis,Happy,0.0007,0.0053,0.006,0.0027,0.002,0.002,0.0013,0.0007,0.002,0.0613,0.018,0.0613,0.0167,0.0553,0.0207,0.226,0.0187,0.0093,0.2333,0.2567,0.07
428,5.76,5.76,Tie,Stormcloud Grey,Black - Overweight,Normal,No Hat,Toothy,0.0133,0.0127,0.0187,0.024,0.0107,0.018,0.0287,0.0367,0.0193,0.0393,0.0607,0.0373,0.0747,0.0513,0.0533,0.1853,0.0627,0.1187,0.1773,0.2567,0.3147
736,5.76,5.76,nan,Forest Moss Green,Tan - Overweight,Red Shades,No Hat,Vampire,0.0467,0.0313,0.0293,0.132,0.026,0.0067,0.01,0.0447,0.008,0.0067,0.016,0.0047,0.0213,0.0053,0.0207,0.0593,0.4247,0.1247,0.0727,0.0687,0.3147
23,5.76,5.76,Gold Chain,Sunlit Gold,Black - Overweight,Normal,No Hat,Happy,0.0133,0.008,0.0233,0.0273,0.0147,0.032,0.0427,0.044,0.04,0.0393,0.0607,0.042,0.0747,0.0553,0.0707,0.226,0.09,0.15,0.1773,0.2567,0.3147
1070,16.84,5.76,Bow Tie,"Red, White, and Blue",Tan - Overweight,Gold Shades,Cylinder,Feral,0.0007,0.0067,0.004,0.0033,0.004,0.002,0.0007,0.0013,0.0013,0.002,0.0053,0.004,0.0033,0.0007,0.0013,0.048,0.0933,0.01,0.0727,0.02,0.0493
1070,16.46,5.71,Bow Tie,"Red, White, and Blue",Tan - Overweight,Gold Shades,Cylinder,Feral,0.0007,0.0067,0.004,0.0033,0.004,0.002,0.0007,0.0013,0.0013,0.002,0.0053,0.004,0.0033,0.0007,0.0013,0.048,0.0933,0.01,0.0727,0.02,0.0493
1461,5.76,5.76,nan,Spiced Orange,Tan,Nouns Glasses,Party Hat,Vampire,0.0527,0.066,0.018,0.0247,0.026,0.0207,0.004,0.0067,0.0067,0.006,0.006,0.012,0.0033,0.002,0.004,0.0593,0.4247,0.118,0.1553,0.0393,0.05
1461,8.55,8.55,nan,Spiced Orange,Tan,Nouns Glasses,Party Hat,Vampire,0.0527,0.066,0.018,0.0247,0.026,0.0207,0.004,0.0067,0.0067,0.006,0.006,0.012,0.0033,0.002,0.004,0.0593,0.4247,0.118,0.1553,0.0393,0.05
1461,4.14,4.14,nan,Spiced Orange,Tan,Nouns Glasses,Party Hat,Vampire,0.0527,0.066,0.018,0.0247,0.026,0.0207,0.004,0.0067,0.0067,0.006,0.006,0.012,0.0033,0.002,0.004,0.0593,0.4247,0.118,0.1553,0.0393,0.05
302,5.72,5.72,nan,Seashell Pink,Sable,3-D Glasses,Pirate,Happy,0.046,0.0293,0.012,0.03,0.0967,0.006,0.0027,0.0093,0.0307,0.0013,0.006,0.012,0.002,0.0107,0.014,0.226,0.4247,0.118,0.0633,0.0293,0.06
1018,5.72,5.72,Tie,Stormcloud Grey,Tan,Red Round Shades,No Hat,Sad,0.0133,0.01,0.006,0.024,0.0087,0.0167,0.0053,0.0367,0.016,0.014,0.048,0.0167,0.0247,0.0067,0.0387,0.118,0.0627,0.1187,0.1553,0.0587,0.3147
417,6.53,5.71,nan,Midnight Sapphire Blue,Black - Overweight,White Round Shades,No Hat,Sad,0.0567,0.08,0.0427,0.132,0.0447,0.0173,0.0127,0.0367,0.0153,0.012,0.0607,0.0187,0.0327,0.012,0.0387,0.118,0.4247,0.1167,0.1773,0.0987,0.3147
417,8.39,8.39,nan,Midnight Sapphire Blue,Black - Overweight,White Round Shades,No Hat,Sad,0.0567,0.08,0.0427,0.132,0.0447,0.0173,0.0127,0.0367,0.0153,0.012,0.0607,0.0187,0.0327,0.012,0.0387,0.118,0.4247,0.1167,0.1773,0.0987,0.3147
1421,5.71,5.71,Red Bandana,Spiced Orange,Black,Red Round Shades,Sobrero,Happy,0.0087,0.0253,0.006,0.0073,0.0267,0.0267,0.008,0.0053,0.0307,0.0107,0.018,0.0613,0.0027,0.0073,0.0173,0.226,0.092,0.118,0.2333,0.0587,0.06
1421,8.21,8.21,Red Bandana,Spiced Orange,Black,Red Round Shades,Sobrero,Happy,0.0087,0.0253,0.006,0.0073,0.0267,0.0267,0.008,0.0053,0.0307,0.0107,0.018,0.0613,0.0027,0.0073,0.0173,0.226,0.092,0.118,0.2333,0.0587,0.06
1348,5.71,5.71,nan,Sunlit Gold,Blue,White Round Shades,Pirate,Drooling,0.0673,0.03,0.0427,0.03,0.032,0.0067,0.0147,0.0073,0.0107,0.0107,0.0027,0.0033,0.0053,0.0073,0.0053,0.07,0.4247,0.15,0.0633,0.0987,0.06
805,5.71,5.71,Bow Tie,Sunlit Gold,Lilac,Normal,No Hat,Happy,0.0133,0.0033,0.02,0.0307,0.0207,0.0087,0.0427,0.044,0.04,0.0133,0.016,0.0133,0.0747,0.0553,0.0707,0.226,0.0933,0.15,0.0433,0.2567,0.3147
805,7.97,7.97,Bow Tie,Sunlit Gold,Lilac,Normal,No Hat,Happy,0.0133,0.0033,0.02,0.0307,0.0207,0.0087,0.0427,0.044,0.04,0.0133,0.016,0.0133,0.0747,0.0553,0.0707,0.226,0.0933,0.15,0.0433,0.2567,0.3147
805,9.07,8.83,Bow Tie,Sunlit Gold,Lilac,Normal,No Hat,Happy,0.0133,0.0033,0.02,0.0307,0.0207,0.0087,0.0427,0.044,0.04,0.0133,0.016,0.0133,0.0747,0.0553,0.0707,0.226,0.0933,0.15,0.0433,0.2567,0.3147
805,1.75,1.75,Bow Tie,Sunlit Gold,Lilac,Normal,No Hat,Happy,0.0133,0.0033,0.02,0.0307,0.0207,0.0087,0.0427,0.044,0.04,0.0133,0.016,0.0133,0.0747,0.0553,0.0707,0.226,0.0933,0.15,0.0433,0.2567,0.3147
93,5.71,5.71,Red Bandana,Forest Moss Green,Lilac,Red Shades,No Hat,Drooling,0.0167,0.004,0.0067,0.0307,0.0053,0.0047,0.01,0.0447,0.008,0.0027,0.016,0.002,0.0213,0.0033,0.0253,0.07,0.092,0.1247,0.0433,0.0687,0.3147
93,8.54,8.54,Red Bandana,Forest Moss Green,Lilac,Red Shades,No Hat,Drooling,0.0167,0.004,0.0067,0.0307,0.0053,0.0047,0.01,0.0447,0.008,0.0027,0.016,0.002,0.0213,0.0033,0.0253,0.07,0.092,0.1247,0.0433,0.0687,0.3147
797,5.71,5.71,Scarf,Forest Moss Green,Black,Goggles,No Hat,Feral,0.0233,0.0347,0.004,0.0473,0.006,0.032,0.008,0.0447,0.0067,0.016,0.0727,0.0073,0.0167,0.0033,0.0153,0.048,0.1393,0.1247,0.2333,0.0573,0.3147
797,8.89,8.89,Scarf,Forest Moss Green,Black,Goggles,No Hat,Feral,0.0233,0.0347,0.004,0.0473,0.006,0.032,0.008,0.0447,0.0067,0.016,0.0727,0.0073,0.0167,0.0033,0.0153,0.048,0.1393,0.1247,0.2333,0.0573,0.3147
797,5.51,5.51,Scarf,Forest Moss Green,Black,Goggles,No Hat,Feral,0.0233,0.0347,0.004,0.0473,0.006,0.032,0.008,0.0447,0.0067,0.016,0.0727,0.0073,0.0167,0.0033,0.0153,0.048,0.1393,0.1247,0.2333,0.0573,0.3147
709,5.71,5.71,Gold Chain,Stormcloud Grey,Cream,Red Shades,Elvis,Surprised,0.0153,0.0067,0.006,0.012,0.014,0.0107,0.008,0.01,0.0127,0.0067,0.004,0.0133,0.0053,0.0093,0.0067,0.1187,0.09,0.1187,0.0787,0.0687,0.07
709,8.46,8.46,Gold Chain,Stormcloud Grey,Cream,Red Shades,Elvis,Surprised,0.0153,0.0067,0.006,0.012,0.014,0.0107,0.008,0.01,0.0127,0.0067,0.004,0.0133,0.0053,0.0093,0.0067,0.1187,0.09,0.1187,0.0787,0.0687,0.07
1344,5.71,5.71,Bow Tie,Spiced Orange,Chocolate,White Round Shades,No Hat,Mustache,0.0133,0.0053,0.0113,0.0307,0.004,0.008,0.018,0.032,0.0067,0.0067,0.0113,0.004,0.0327,0.0073,0.022,0.0767,0.0933,0.118,0.0433,0.0987,0.3147
1344,6.8,6.8,Bow Tie,Spiced Orange,Chocolate,White Round Shades,No Hat,Mustache,0.0133,0.0053,0.0113,0.0307,0.004,0.008,0.018,0.032,0.0067,0.0067,0.0113,0.004,0.0327,0.0073,0.022,0.0767,0.0933,0.118,0.0433,0.0987,0.3147
1344,8.99,8.99,Bow Tie,Spiced Orange,Chocolate,White Round Shades,No Hat,Mustache,0.0133,0.0053,0.0113,0.0307,0.004,0.008,0.018,0.032,0.0067,0.0067,0.0113,0.004,0.0327,0.0073,0.022,0.0767,0.0933,0.118,0.0433,0.0987,0.3147
1148,5.71,5.71,Tie,Seashell Pink,Black,Eye Patch,Elvis,Toothy,0.0067,0.0167,0.004,0.004,0.0107,0.0253,0.0047,0.0093,0.0247,0.018,0.018,0.0347,0.006,0.0167,0.0113,0.1853,0.0627,0.118,0.2333,0.08,0.07
1148,7.49,7.49,Tie,Seashell Pink,Black,Eye Patch,Elvis,Toothy,0.0067,0.0167,0.004,0.004,0.0107,0.0253,0.0047,0.0093,0.0247,0.018,0.018,0.0347,0.006,0.0167,0.0113,0.1853,0.0627,0.118,0.2333,0.08,0.07
1148,7.79,7.79,Tie,Seashell Pink,Black,Eye Patch,Elvis,Toothy,0.0067,0.0167,0.004,0.004,0.0107,0.0253,0.0047,0.0093,0.0247,0.018,0.018,0.0347,0.006,0.0167,0.0113,0.1853,0.0627,0.118,0.2333,0.08,0.07
1148,9.06,9.06,Tie,Seashell Pink,Black,Eye Patch,Elvis,Toothy,0.0067,0.0167,0.004,0.004,0.0107,0.0253,0.0047,0.0093,0.0247,0.018,0.018,0.0347,0.006,0.0167,0.0113,0.1853,0.0627,0.118,0.2333,0.08,0.07
1148,10.05,8.44,Tie,Seashell Pink,Black,Eye Patch,Elvis,Toothy,0.0067,0.0167,0.004,0.004,0.0107,0.0253,0.0047,0.0093,0.0247,0.018,0.018,0.0347,0.006,0.0167,0.0113,0.1853,0.0627,0.118,0.2333,0.08,0.07
1148,2.07,2.07,Tie,Seashell Pink,Black,Eye Patch,Elvis,Toothy,0.0067,0.0167,0.004,0.004,0.0107,0.0253,0.0047,0.0093,0.0247,0.018,0.018,0.0347,0.006,0.0167,0.0113,0.1853,0.0627,0.118,0.2333,0.08,0.07
353,5.71,5.71,Red Bandana,Forest Moss Green,Black - Overweight,Eye Patch,Headphones,Happy,0.0167,0.018,0.012,0.006,0.0267,0.026,0.0107,0.0073,0.0267,0.018,0.01,0.042,0.0067,0.0173,0.0107,0.226,0.092,0.1247,0.1773,0.08,0.05
874,5.71,5.71,nan,Lavender Dusk Purple,Sable,Red Round Shades,Pirate,Vampire,0.0507,0.0293,0.0233,0.03,0.026,0.008,0.008,0.0107,0.0073,0.0033,0.006,0.004,0.004,0.002,0.0033,0.0593,0.4247,0.1187,0.0633,0.0587,0.06
1473,6.2,5.71,Bow Tie,Seashell Pink,Black,Cyclop,Sobrero,Bubble Gum,0.0127,0.022,0.002,0.0047,0.004,0.0253,0.002,0.006,0.0053,0.0087,0.018,0.012,0.0027,0.0007,0.004,0.05,0.0933,0.118,0.2333,0.0187,0.06
28,11.9,5.71,nan,Spiced Orange,Sable,Eye Patch,Devil Horns,Happy,0.0527,0.0293,0.0313,0.006,0.0967,0.0113,0.0107,0.0013,0.0307,0.0053,0.0013,0.012,0.0007,0.0173,0.0027,0.226,0.4247,0.118,0.0633,0.08,0.0093
392,9.72,5.71,Samurai Sword,Seashell Pink,Tan,Red Shades,Dreads,Happy,0.002,0.0033,0.0013,0.0007,0.002,0.0193,0.0067,0.0027,0.0307,0.0093,0.002,0.028,0.0013,0.016,0.0027,0.226,0.0187,0.118,0.1553,0.0687,0.018
392,13.55,8.05,Samurai Sword,Seashell Pink,Tan,Red Shades,Dreads,Happy,0.002,0.0033,0.0013,0.0007,0.002,0.0193,0.0067,0.0027,0.0307,0.0093,0.002,0.028,0.0013,0.016,0.0027,0.226,0.0187,0.118,0.1553,0.0687,0.018
392,15.9,8.82,Samurai Sword,Seashell Pink,Tan,Red Shades,Dreads,Happy,0.002,0.0033,0.0013,0.0007,0.002,0.0193,0.0067,0.0027,0.0307,0.0093,0.002,0.028,0.0013,0.016,0.0027,0.226,0.0187,0.118,0.1553,0.0687,0.018
111,5.71,5.71,Red Bandana,Lavender Dusk Purple,Tan - Overweight,Eye Patch,Headphones,Bubble Gum,0.0113,0.006,0.012,0.006,0.0047,0.008,0.0093,0.0067,0.0073,0.0047,0.004,0.002,0.0067,0.0053,0.0033,0.05,0.092,0.1187,0.0727,0.08,0.05
111,7.89,7.89,Red Bandana,Lavender Dusk Purple,Tan - Overweight,Eye Patch,Headphones,Bubble Gum,0.0113,0.006,0.012,0.006,0.0047,0.008,0.0093,0.0067,0.0073,0.0047,0.004,0.002,0.0067,0.0053,0.0033,0.05,0.092,0.1187,0.0727,0.08,0.05
524,5.71,5.71,nan,Sunlit Gold,Chocolate,Nouns Glasses,Slickback,Panting,0.0673,0.0173,0.018,0.016,0.0193,0.004,0.0067,0.0087,0.0047,0.0033,0.0047,0.002,0.0047,0.0033,0.0013,0.048,0.4247,0.15,0.0433,0.0393,0.0493
524,9.18,9.18,nan,Sunlit Gold,Chocolate,Nouns Glasses,Slickback,Panting,0.0673,0.0173,0.018,0.016,0.0193,0.004,0.0067,0.0087,0.0047,0.0033,0.0047,0.002,0.0047,0.0033,0.0013,0.048,0.4247,0.15,0.0433,0.0393,0.0493
524,6.55,6.55,nan,Sunlit Gold,Chocolate,Nouns Glasses,Slickback,Panting,0.0673,0.0173,0.018,0.016,0.0193,0.004,0.0067,0.0087,0.0047,0.0033,0.0047,0.002,0.0047,0.0033,0.0013,0.048,0.4247,0.15,0.0433,0.0393,0.0493
524,3.67,3.67,nan,Sunlit Gold,Chocolate,Nouns Glasses,Slickback,Panting,0.0673,0.0173,0.018,0.016,0.0193,0.004,0.0067,0.0087,0.0047,0.0033,0.0047,0.002,0.0047,0.0033,0.0013,0.048,0.4247,0.15,0.0433,0.0393,0.0493
650,5.71,5.71,nan,Forest Moss Green,Sable,Goggles,Pirate,Toothy,0.0467,0.0293,0.0267,0.03,0.074,0.0053,0.008,0.0053,0.0253,0.0033,0.006,0.0127,0.0033,0.012,0.01,0.1853,0.4247,0.1247,0.0633,0.0573,0.06
662,5.71,5.71,Scarf,Forest Moss Green,Chocolate,Normal,No Hat,Toothy,0.0233,0.004,0.0467,0.0473,0.0367,0.006,0.034,0.0447,0.0253,0.0113,0.0113,0.0087,0.0747,0.0513,0.0533,0.1853,0.1393,0.1247,0.0433,0.2567,0.3147
662,8.05,8.05,Scarf,Forest Moss Green,Chocolate,Normal,No Hat,Toothy,0.0233,0.004,0.0467,0.0473,0.0367,0.006,0.034,0.0447,0.0253,0.0113,0.0113,0.0087,0.0747,0.0513,0.0533,0.1853,0.1393,0.1247,0.0433,0.2567,0.3147
1112,6.24,5.71,Red Bandana,Spiced Orange,Black - Overweight,White Shades,Elvis,Happy,0.0087,0.018,0.0133,0.0067,0.0267,0.018,0.0147,0.0093,0.0307,0.0347,0.0127,0.042,0.0113,0.034,0.0207,0.226,0.092,0.118,0.1773,0.148,0.07
1112,9.02,9.02,Red Bandana,Spiced Orange,Black - Overweight,White Shades,Elvis,Happy,0.0087,0.018,0.0133,0.0067,0.0267,0.018,0.0147,0.0093,0.0307,0.0347,0.0127,0.042,0.0113,0.034,0.0207,0.226,0.092,0.118,0.1773,0.148,0.07
1112,8.83,8.83,Red Bandana,Spiced Orange,Black - Overweight,White Shades,Elvis,Happy,0.0087,0.018,0.0133,0.0067,0.0267,0.018,0.0147,0.0093,0.0307,0.0347,0.0127,0.042,0.0113,0.034,0.0207,0.226,0.092,0.118,0.1773,0.148,0.07
1112,5.36,5.36,Red Bandana,Spiced Orange,Black - Overweight,White Shades,Elvis,Happy,0.0087,0.018,0.0133,0.0067,0.0267,0.018,0.0147,0.0093,0.0307,0.0347,0.0127,0.042,0.0113,0.034,0.0207,0.226,0.092,0.118,0.1773,0.148,0.07
1112,3.73,3.73,Red Bandana,Spiced Orange,Black - Overweight,White Shades,Elvis,Happy,0.0087,0.018,0.0133,0.0067,0.0267,0.018,0.0147,0.0093,0.0307,0.0347,0.0127,0.042,0.0113,0.034,0.0207,0.226,0.092,0.118,0.1773,0.148,0.07
865,5.91,5.71,Tie,Lavender Dusk Purple,Black,Normal,No Hat,Sad,0.0087,0.0167,0.0187,0.024,0.0087,0.03,0.0353,0.0367,0.0147,0.0613,0.0727,0.0247,0.0747,0.0293,0.0387,0.118,0.0627,0.1187,0.2333,0.2567,0.3147
865,6.77,6.77,Tie,Lavender Dusk Purple,Black,Normal,No Hat,Sad,0.0087,0.0167,0.0187,0.024,0.0087,0.03,0.0353,0.0367,0.0147,0.0613,0.0727,0.0247,0.0747,0.0293,0.0387,0.118,0.0627,0.1187,0.2333,0.2567,0.3147
1318,15.33,5.71,Gold Chain,Lavender Dusk Purple,Tan - Overweight,Eye Patch,Baseball Cap,Drooling,0.0093,0.0067,0.0073,0.0007,0.0073,0.008,0.0093,0.0013,0.0087,0.0047,0.0007,0.004,0.0007,0.0073,0.0013,0.07,0.09,0.1187,0.0727,0.08,0.0093
1318,10.38,4.14,Gold Chain,Lavender Dusk Purple,Tan - Overweight,Eye Patch,Baseball Cap,Drooling,0.0093,0.0067,0.0073,0.0007,0.0073,0.008,0.0093,0.0013,0.0087,0.0047,0.0007,0.004,0.0007,0.0073,0.0013,0.07,0.09,0.1187,0.0727,0.08,0.0093
372,5.71,5.71,Scarf,Lavender Dusk Purple,Tan - Overweight,Normal,No Hat,Sad,0.0173,0.01,0.0467,0.0473,0.0187,0.008,0.0353,0.0367,0.0147,0.016,0.016,0.0127,0.0747,0.0293,0.0387,0.118,0.1393,0.1187,0.0727,0.2567,0.3147
372,8.39,8.39,Scarf,Lavender Dusk Purple,Tan - Overweight,Normal,No Hat,Sad,0.0173,0.01,0.0467,0.0473,0.0187,0.008,0.0353,0.0367,0.0147,0.016,0.016,0.0127,0.0747,0.0293,0.0387,0.118,0.1393,0.1187,0.0727,0.2567,0.3147
372,8.15,8.15,Scarf,Lavender Dusk Purple,Tan - Overweight,Normal,No Hat,Sad,0.0173,0.01,0.0467,0.0473,0.0187,0.008,0.0353,0.0367,0.0147,0.016,0.016,0.0127,0.0747,0.0293,0.0387,0.118,0.1393,0.1187,0.0727,0.2567,0.3147
372,4.29,4.29,Scarf,Lavender Dusk Purple,Tan - Overweight,Normal,No Hat,Sad,0.0173,0.01,0.0467,0.0473,0.0187,0.008,0.0353,0.0367,0.0147,0.016,0.016,0.0127,0.0747,0.0293,0.0387,0.118,0.1393,0.1187,0.0727,0.2567,0.3147
372,4.43,4.43,Scarf,Lavender Dusk Purple,Tan - Overweight,Normal,No Hat,Sad,0.0173,0.01,0.0467,0.0473,0.0187,0.008,0.0353,0.0367,0.0147,0.016,0.016,0.0127,0.0747,0.0293,0.0387,0.118,0.1393,0.1187,0.0727,0.2567,0.3147
148,5.89,5.89,Tie,Seashell Pink,Tan - Overweight,3-D Glasses,Sobrero,Happy,0.0067,0.004,0.002,0.0053,0.01,0.008,0.0027,0.006,0.0307,0.004,0.006,0.016,0.0007,0.0107,0.0173,0.226,0.0627,0.118,0.0727,0.0293,0.06
148,3.97,3.97,Tie,Seashell Pink,Tan - Overweight,3-D Glasses,Sobrero,Happy,0.0067,0.004,0.002,0.0053,0.01,0.008,0.0027,0.006,0.0307,0.004,0.006,0.016,0.0007,0.0107,0.0173,0.226,0.0627,0.118,0.0727,0.0293,0.06
308,5.9,5.9,nan,Rose Quartz Pink,Tan,Red Round Shades,No Hat,Panting,0.048,0.066,0.0233,0.132,0.0193,0.018,0.0107,0.0407,0.0053,0.014,0.048,0.012,0.0247,0.008,0.0173,0.048,0.4247,0.116,0.1553,0.0587,0.3147
532,5.9,5.9,Bow Tie,Stormcloud Grey,Black,Normal,No Hat,Mustache,0.012,0.022,0.02,0.0307,0.004,0.0287,0.0287,0.0367,0.0087,0.0613,0.0727,0.0213,0.0747,0.022,0.022,0.0767,0.0933,0.1187,0.2333,0.2567,0.3147
532,6.8,6.8,Bow Tie,Stormcloud Grey,Black,Normal,No Hat,Mustache,0.012,0.022,0.02,0.0307,0.004,0.0287,0.0287,0.0367,0.0087,0.0613,0.0727,0.0213,0.0747,0.022,0.022,0.0767,0.0933,0.1187,0.2333,0.2567,0.3147
975,5.9,5.9,Gold Chain,Lavender Dusk Purple,Sable,Normal,Party Hat,Sad,0.0093,0.01,0.0233,0.006,0.0093,0.008,0.0353,0.0067,0.0147,0.0193,0.0033,0.0073,0.0127,0.0293,0.0053,0.118,0.09,0.1187,0.0633,0.2567,0.05
975,3.82,3.82,Gold Chain,Lavender Dusk Purple,Sable,Normal,Party Hat,Sad,0.0093,0.01,0.0233,0.006,0.0093,0.008,0.0353,0.0067,0.0147,0.0193,0.0033,0.0073,0.0127,0.0293,0.0053,0.118,0.09,0.1187,0.0633,0.2567,0.05
979,6.61,5.89,nan,Stormcloud Grey,Black - Overweight,3-D Glasses,Elvis,Happy,0.0467,0.08,0.012,0.0273,0.0967,0.018,0.004,0.01,0.022,0.0073,0.0127,0.042,0.0027,0.0107,0.0207,0.226,0.4247,0.1187,0.1773,0.0293,0.07
979,8.39,8.39,nan,Stormcloud Grey,Black - Overweight,3-D Glasses,Elvis,Happy,0.0467,0.08,0.012,0.0273,0.0967,0.018,0.004,0.01,0.022,0.0073,0.0127,0.042,0.0027,0.0107,0.0207,0.226,0.4247,0.1187,0.1773,0.0293,0.07
979,6.72,6.72,nan,Stormcloud Grey,Black - Overweight,3-D Glasses,Elvis,Happy,0.0467,0.08,0.012,0.0273,0.0967,0.018,0.004,0.01,0.022,0.0073,0.0127,0.042,0.0027,0.0107,0.0207,0.226,0.4247,0.1187,0.1773,0.0293,0.07
1060,8.79,5.89,nan,Lavender Dusk Purple,Blue,Laser Eyes,Cylinder,Vampire,0.0507,0.03,0.0067,0.0193,0.026,0.0073,0.0033,0.0047,0.0073,0.0013,0.0033,0.004,0.0027,0.002,0.0047,0.0593,0.4247,0.1187,0.0633,0.0167,0.0493
1033,5.89,5.89,nan,Sunlit Gold,Tan - Overweight,Red Shades,Afro,Sad,0.0673,0.0313,0.0293,0.034,0.0447,0.0113,0.0133,0.0133,0.014,0.0067,0.0067,0.0127,0.0053,0.0093,0.006,0.118,0.4247,0.15,0.0727,0.0687,0.07
275,11.69,5.89,nan,Stormcloud Grey,Tan,White Round Shades,Beret,Mustache,0.0467,0.066,0.0427,0.0047,0.0347,0.0167,0.016,0.0013,0.0087,0.0207,0.002,0.012,0.0013,0.0073,0.0007,0.0767,0.4247,0.1187,0.1553,0.0987,0.0093
275,10.63,6.93,nan,Stormcloud Grey,Tan,White Round Shades,Beret,Mustache,0.0467,0.066,0.0427,0.0047,0.0347,0.0167,0.016,0.0013,0.0087,0.0207,0.002,0.012,0.0013,0.0073,0.0007,0.0767,0.4247,0.1187,0.1553,0.0987,0.0093
275,7.29,3.75,nan,Stormcloud Grey,Tan,White Round Shades,Beret,Mustache,0.0467,0.066,0.0427,0.0047,0.0347,0.0167,0.016,0.0013,0.0087,0.0207,0.002,0.012,0.0013,0.0073,0.0007,0.0767,0.4247,0.1187,0.1553,0.0987,0.0093
850,7.04,5.89,Bow Tie,Stormcloud Grey,Cream,VR Headset,Headband,Surprised,0.012,0.008,0.0013,0.004,0.0107,0.0107,0.002,0.0047,0.0127,0.0027,0.002,0.0133,0.0013,0.0013,0.0053,0.1187,0.0933,0.1187,0.0787,0.0193,0.0447
850,13.83,8.99,Bow Tie,Stormcloud Grey,Cream,VR Headset,Headband,Surprised,0.012,0.008,0.0013,0.004,0.0107,0.0107,0.002,0.0047,0.0127,0.0027,0.002,0.0133,0.0013,0.0013,0.0053,0.1187,0.0933,0.1187,0.0787,0.0193,0.0447
893,5.96,5.96,Gold Chain,Sunlit Gold,Tan - Overweight,White Shades,Elvis,Toothy,0.0133,0.0067,0.0133,0.012,0.018,0.0113,0.026,0.0073,0.0293,0.0153,0.0053,0.0147,0.0113,0.03,0.0113,0.1853,0.09,0.15,0.0727,0.148,0.07
893,3.82,3.82,Gold Chain,Sunlit Gold,Tan - Overweight,White Shades,Elvis,Toothy,0.0133,0.0067,0.0133,0.012,0.018,0.0113,0.026,0.0073,0.0293,0.0153,0.0053,0.0147,0.0113,0.03,0.0113,0.1853,0.09,0.15,0.0727,0.148,0.07
791,5.96,5.96,nan,Spiced Orange,Black - Overweight,3-D Glasses,No Hat,Mustache,0.0527,0.08,0.012,0.132,0.0347,0.018,0.0047,0.032,0.0067,0.0073,0.0607,0.0127,0.008,0.0027,0.022,0.0767,0.4247,0.118,0.1773,0.0293,0.3147
791,7.18,7.18,nan,Spiced Orange,Black - Overweight,3-D Glasses,No Hat,Mustache,0.0527,0.08,0.012,0.132,0.0347,0.018,0.0047,0.032,0.0067,0.0073,0.0607,0.0127,0.008,0.0027,0.022,0.0767,0.4247,0.118,0.1773,0.0293,0.3147
791,7.49,7.49,nan,Spiced Orange,Black - Overweight,3-D Glasses,No Hat,Mustache,0.0527,0.08,0.012,0.132,0.0347,0.018,0.0047,0.032,0.0067,0.0073,0.0607,0.0127,0.008,0.0027,0.022,0.0767,0.4247,0.118,0.1773,0.0293,0.3147
791,3.73,3.73,nan,Spiced Orange,Black - Overweight,3-D Glasses,No Hat,Mustache,0.0527,0.08,0.012,0.132,0.0347,0.018,0.0047,0.032,0.0067,0.0073,0.0607,0.0127,0.008,0.0027,0.022,0.0767,0.4247,0.118,0.1773,0.0293,0.3147
1304,5.96,5.96,Neck Tattoo,Forest Moss Green,Tan,Red Round Shades,Cylinder,Bubble Gum,0.004,0.0033,0.002,0.002,0.004,0.0173,0.0067,0.01,0.0093,0.014,0.0107,0.008,0.006,0.0027,0.0033,0.05,0.03,0.1247,0.1553,0.0587,0.0493
1304,7.71,7.49,Neck Tattoo,Forest Moss Green,Tan,Red Round Shades,Cylinder,Bubble Gum,0.004,0.0033,0.002,0.002,0.004,0.0173,0.0067,0.01,0.0093,0.014,0.0107,0.008,0.006,0.0027,0.0033,0.05,0.03,0.1247,0.1553,0.0587,0.0493
1304,9.53,9.53,Neck Tattoo,Forest Moss Green,Tan,Red Round Shades,Cylinder,Bubble Gum,0.004,0.0033,0.002,0.002,0.004,0.0173,0.0067,0.01,0.0093,0.014,0.0107,0.008,0.006,0.0027,0.0033,0.05,0.03,0.1247,0.1553,0.0587,0.0493
1187,12.06,5.96,Scarf,Stormcloud Grey,Black,White Round Shades,Beret,Surprised,0.01,0.0347,0.012,0.0007,0.0133,0.0287,0.016,0.0013,0.0127,0.024,0.0033,0.0267,0.0013,0.014,0.004,0.1187,0.1393,0.1187,0.2333,0.0987,0.0093
1187,11.17,6.74,Scarf,Stormcloud Grey,Black,White Round Shades,Beret,Surprised,0.01,0.0347,0.012,0.0007,0.0133,0.0287,0.016,0.0013,0.0127,0.024,0.0033,0.0267,0.0013,0.014,0.004,0.1187,0.1393,0.1187,0.2333,0.0987,0.0093
1187,13.21,7.05,Scarf,Stormcloud Grey,Black,White Round Shades,Beret,Surprised,0.01,0.0347,0.012,0.0007,0.0133,0.0287,0.016,0.0013,0.0127,0.024,0.0033,0.0267,0.0013,0.014,0.004,0.1187,0.1393,0.1187,0.2333,0.0987,0.0093
1187,14.06,7.18,Scarf,Stormcloud Grey,Black,White Round Shades,Beret,Surprised,0.01,0.0347,0.012,0.0007,0.0133,0.0287,0.016,0.0013,0.0127,0.024,0.0033,0.0267,0.0013,0.014,0.004,0.1187,0.1393,0.1187,0.2333,0.0987,0.0093
38,5.96,5.96,nan,Sunlit Gold,Sable,Normal,Headphones,Mustache,0.0673,0.0293,0.102,0.022,0.0347,0.0087,0.0427,0.0053,0.0113,0.0193,0.004,0.0073,0.0153,0.022,0.0053,0.0767,0.4247,0.15,0.0633,0.2567,0.05
792,5.96,5.96,Bow Tie,Sunlit Gold,Tan,Normal,Afro,Sad,0.0133,0.018,0.02,0.0067,0.0127,0.0267,0.0427,0.0133,0.014,0.038,0.014,0.0167,0.0173,0.0293,0.006,0.118,0.0933,0.15,0.1553,0.2567,0.07
792,6.74,6.74,Bow Tie,Sunlit Gold,Tan,Normal,Afro,Sad,0.0133,0.018,0.02,0.0067,0.0127,0.0267,0.0427,0.0133,0.014,0.038,0.014,0.0167,0.0173,0.0293,0.006,0.118,0.0933,0.15,0.1553,0.2567,0.07
792,9.08,9.08,Bow Tie,Sunlit Gold,Tan,Normal,Afro,Sad,0.0133,0.018,0.02,0.0067,0.0127,0.0267,0.0427,0.0133,0.014,0.038,0.014,0.0167,0.0173,0.0293,0.006,0.118,0.0933,0.15,0.1553,0.2567,0.07
792,9.36,9.36,Bow Tie,Sunlit Gold,Tan,Normal,Afro,Sad,0.0133,0.018,0.02,0.0067,0.0127,0.0267,0.0427,0.0133,0.014,0.038,0.014,0.0167,0.0173,0.0293,0.006,0.118,0.0933,0.15,0.1553,0.2567,0.07
320,6.06,5.96,nan,Sunlit Gold,Black - Overweight,Normal,Pirate,Toothy,0.0673,0.08,0.102,0.03,0.074,0.032,0.0427,0.0073,0.0293,0.0393,0.008,0.0373,0.0153,0.0513,0.01,0.1853,0.4247,0.15,0.1773,0.2567,0.06
320,8.83,8.83,nan,Sunlit Gold,Black - Overweight,Normal,Pirate,Toothy,0.0673,0.08,0.102,0.03,0.074,0.032,0.0427,0.0073,0.0293,0.0393,0.008,0.0373,0.0153,0.0513,0.01,0.1853,0.4247,0.15,0.1773,0.2567,0.06
770,5.96,5.96,nan,Stormcloud Grey,Tan,Drowsy,Afro,Bubble Gum,0.0467,0.066,0.0233,0.034,0.0227,0.0167,0.004,0.0087,0.0053,0.008,0.014,0.008,0.0013,0.0013,0.0047,0.05,0.4247,0.1187,0.1553,0.0407,0.07
770,7.0,7.0,nan,Stormcloud Grey,Tan,Drowsy,Afro,Bubble Gum,0.0467,0.066,0.0233,0.034,0.0227,0.0167,0.004,0.0087,0.0053,0.008,0.014,0.008,0.0013,0.0013,0.0047,0.05,0.4247,0.1187,0.1553,0.0407,0.07
770,7.0,7.0,nan,Stormcloud Grey,Tan,Drowsy,Afro,Bubble Gum,0.0467,0.066,0.0233,0.034,0.0227,0.0167,0.004,0.0087,0.0053,0.008,0.014,0.008,0.0013,0.0013,0.0047,0.05,0.4247,0.1187,0.1553,0.0407,0.07
770,8.39,8.39,nan,Stormcloud Grey,Tan,Drowsy,Afro,Bubble Gum,0.0467,0.066,0.0233,0.034,0.0227,0.0167,0.004,0.0087,0.0053,0.008,0.014,0.008,0.0013,0.0013,0.0047,0.05,0.4247,0.1187,0.1553,0.0407,0.07
770,8.44,8.44,nan,Stormcloud Grey,Tan,Drowsy,Afro,Bubble Gum,0.0467,0.066,0.0233,0.034,0.0227,0.0167,0.004,0.0087,0.0053,0.008,0.014,0.008,0.0013,0.0013,0.0047,0.05,0.4247,0.1187,0.1553,0.0407,0.07
491,5.96,5.96,Samurai Sword,Rose Quartz Pink,Black,Eye Patch,No Hat,Toothy,0.002,0.0053,0.0013,0.0047,0.0033,0.032,0.014,0.0407,0.022,0.018,0.0727,0.0347,0.0267,0.0167,0.0533,0.1853,0.0187,0.116,0.2333,0.08,0.3147
491,6.0,5.36,Samurai Sword,Rose Quartz Pink,Black,Eye Patch,No Hat,Toothy,0.002,0.0053,0.0013,0.0047,0.0033,0.032,0.014,0.0407,0.022,0.018,0.0727,0.0347,0.0267,0.0167,0.0533,0.1853,0.0187,0.116,0.2333,0.08,0.3147
989,22.42,5.96,Bow Tie,Forest Moss Green,White,Red Round Shades,Baseball Cap,Panting,0.0147,0.0047,0.0033,0.0013,0.0053,0.008,0.0067,0.0007,0.0053,0.002,0.0007,0.004,0.0013,0.008,0.0007,0.048,0.0933,0.1247,0.0593,0.0587,0.0093
989,27.9,7.89,Bow Tie,Forest Moss Green,White,Red Round Shades,Baseball Cap,Panting,0.0147,0.0047,0.0033,0.0013,0.0053,0.008,0.0067,0.0007,0.0053,0.002,0.0007,0.004,0.0013,0.008,0.0007,0.048,0.0933,0.1247,0.0593,0.0587,0.0093
989,17.26,5.36,Bow Tie,Forest Moss Green,White,Red Round Shades,Baseball Cap,Panting,0.0147,0.0047,0.0033,0.0013,0.0053,0.008,0.0067,0.0007,0.0053,0.002,0.0007,0.004,0.0013,0.008,0.0007,0.048,0.0933,0.1247,0.0593,0.0587,0.0093
55,5.96,5.96,nan,Seashell Pink,Black,Drowsy,Headphones,Sad,0.046,0.0873,0.0233,0.022,0.0447,0.0253,0.0087,0.0073,0.0147,0.0087,0.01,0.0247,0.0027,0.0047,0.0093,0.118,0.4247,0.118,0.2333,0.0407,0.05
30,10.83,5.96,Red Bandana,Sunlit Gold,Black,Normal,Top Hat,Feral,0.0147,0.0253,0.02,0.002,0.0047,0.0313,0.0427,0.002,0.0053,0.0613,0.002,0.0073,0.0033,0.0147,0.0007,0.048,0.092,0.15,0.2333,0.2567,0.01
30,9.76,5.36,Red Bandana,Sunlit Gold,Black,Normal,Top Hat,Feral,0.0147,0.0253,0.02,0.002,0.0047,0.0313,0.0427,0.002,0.0053,0.0613,0.002,0.0073,0.0033,0.0147,0.0007,0.048,0.092,0.15,0.2333,0.2567,0.01
30,8.02,4.14,Red Bandana,Sunlit Gold,Black,Normal,Top Hat,Feral,0.0147,0.0253,0.02,0.002,0.0047,0.0313,0.0427,0.002,0.0053,0.0613,0.002,0.0073,0.0033,0.0147,0.0007,0.048,0.092,0.15,0.2333,0.2567,0.01
774,11.23,6.09,nan,Stormcloud Grey,Tan - Overweight,Goggles,Napoleon,Happy,0.0467,0.0313,0.0267,0.0053,0.0967,0.0127,0.0073,0.0013,0.022,0.004,0.0013,0.016,0.0013,0.0113,0.0027,0.226,0.4247,0.1187,0.0727,0.0573,0.0093
774,16.8,7.0,nan,Stormcloud Grey,Tan - Overweight,Goggles,Napoleon,Happy,0.0467,0.0313,0.0267,0.0053,0.0967,0.0127,0.0073,0.0013,0.022,0.004,0.0013,0.016,0.0013,0.0113,0.0027,0.226,0.4247,0.1187,0.0727,0.0573,0.0093
774,9.01,3.94,nan,Stormcloud Grey,Tan - Overweight,Goggles,Napoleon,Happy,0.0467,0.0313,0.0267,0.0053,0.0967,0.0127,0.0073,0.0013,0.022,0.004,0.0013,0.016,0.0013,0.0113,0.0027,0.226,0.4247,0.1187,0.0727,0.0573,0.0093
63,6.09,6.09,nan,Midnight Sapphire Blue,Sable,Goggles,Elvis,Happy,0.0567,0.0293,0.0267,0.0273,0.0967,0.0073,0.0073,0.008,0.0253,0.0033,0.0067,0.012,0.004,0.0113,0.0207,0.226,0.4247,0.1167,0.0633,0.0573,0.07
63,6.78,6.78,nan,Midnight Sapphire Blue,Sable,Goggles,Elvis,Happy,0.0567,0.0293,0.0267,0.0273,0.0967,0.0073,0.0073,0.008,0.0253,0.0033,0.0067,0.012,0.004,0.0113,0.0207,0.226,0.4247,0.1167,0.0633,0.0573,0.07
63,5.32,5.32,nan,Midnight Sapphire Blue,Sable,Goggles,Elvis,Happy,0.0567,0.0293,0.0267,0.0273,0.0967,0.0073,0.0073,0.008,0.0253,0.0033,0.0067,0.012,0.004,0.0113,0.0207,0.226,0.4247,0.1167,0.0633,0.0573,0.07
63,5.02,5.02,nan,Midnight Sapphire Blue,Sable,Goggles,Elvis,Happy,0.0567,0.0293,0.0267,0.0273,0.0967,0.0073,0.0073,0.008,0.0253,0.0033,0.0067,0.012,0.004,0.0113,0.0207,0.226,0.4247,0.1167,0.0633,0.0573,0.07
1136,6.09,6.09,nan,Spiced Orange,Black,Normal,Elvis,Happy,0.0527,0.0873,0.102,0.0273,0.0967,0.0267,0.0253,0.0093,0.0307,0.0613,0.018,0.0613,0.0167,0.0553,0.0207,0.226,0.4247,0.118,0.2333,0.2567,0.07
747,6.09,6.09,Tie,Stormcloud Grey,Black,Normal,Elvis,Sad,0.0133,0.0167,0.0187,0.004,0.0087,0.0287,0.0287,0.01,0.016,0.0613,0.018,0.0247,0.0167,0.0293,0.008,0.118,0.0627,0.1187,0.2333,0.2567,0.07
591,6.09,6.09,nan,Seashell Pink,Sable,White Shades,No Hat,Drooling,0.046,0.0293,0.066,0.132,0.032,0.006,0.02,0.0373,0.0053,0.01,0.014,0.0067,0.0487,0.0067,0.0253,0.07,0.4247,0.118,0.0633,0.148,0.3147
591,7.69,7.69,nan,Seashell Pink,Sable,White Shades,No Hat,Drooling,0.046,0.0293,0.066,0.132,0.032,0.006,0.02,0.0373,0.0053,0.01,0.014,0.0067,0.0487,0.0067,0.0253,0.07,0.4247,0.118,0.0633,0.148,0.3147
557,6.1,6.1,Scarf,Lavender Dusk Purple,Black,White Round Shades,Elvis,Sad,0.0173,0.0347,0.012,0.006,0.0187,0.03,0.01,0.0067,0.0147,0.024,0.018,0.0247,0.008,0.012,0.008,0.118,0.1393,0.1187,0.2333,0.0987,0.07
557,3.87,3.87,Scarf,Lavender Dusk Purple,Black,White Round Shades,Elvis,Sad,0.0173,0.0347,0.012,0.006,0.0187,0.03,0.01,0.0067,0.0147,0.024,0.018,0.0247,0.008,0.012,0.008,0.118,0.1393,0.1187,0.2333,0.0987,0.07
1417,6.1,6.1,Bow Tie,Stormcloud Grey,Tan - Overweight,Goggles,Elvis,Toothy,0.012,0.0067,0.008,0.0047,0.018,0.0127,0.0073,0.01,0.0193,0.004,0.0053,0.0147,0.004,0.012,0.0113,0.1853,0.0933,0.1187,0.0727,0.0573,0.07
1417,3.4,3.4,Bow Tie,Stormcloud Grey,Tan - Overweight,Goggles,Elvis,Toothy,0.012,0.0067,0.008,0.0047,0.018,0.0127,0.0073,0.01,0.0193,0.004,0.0053,0.0147,0.004,0.012,0.0113,0.1853,0.0933,0.1187,0.0727,0.0573,0.07
1417,2.71,2.71,Bow Tie,Stormcloud Grey,Tan - Overweight,Goggles,Elvis,Toothy,0.012,0.0067,0.008,0.0047,0.018,0.0127,0.0073,0.01,0.0193,0.004,0.0053,0.0147,0.004,0.012,0.0113,0.1853,0.0933,0.1187,0.0727,0.0573,0.07
316,11.48,6.1,Sickle,Spiced Orange,Blue,Normal,No Hat,Drooling,0.0013,0.0013,0.0027,0.002,0.002,0.006,0.0253,0.032,0.008,0.0133,0.0207,0.0033,0.0747,0.0173,0.0253,0.07,0.01,0.118,0.0633,0.2567,0.3147
316,10.0,5.02,Sickle,Spiced Orange,Blue,Normal,No Hat,Drooling,0.0013,0.0013,0.0027,0.002,0.002,0.006,0.0253,0.032,0.008,0.0133,0.0207,0.0033,0.0747,0.0173,0.0253,0.07,0.01,0.118,0.0633,0.2567,0.3147
958,6.55,6.1,Tie,Sunlit Gold,Cream,Nouns Glasses,No Hat,Mustache,0.006,0.0027,0.004,0.024,0.0067,0.0127,0.0067,0.044,0.0113,0.004,0.0347,0.0047,0.012,0.0067,0.022,0.0767,0.0627,0.15,0.0787,0.0393,0.3147
958,9.02,9.02,Tie,Sunlit Gold,Cream,Nouns Glasses,No Hat,Mustache,0.006,0.0027,0.004,0.024,0.0067,0.0127,0.0067,0.044,0.0113,0.004,0.0347,0.0047,0.012,0.0067,0.022,0.0767,0.0627,0.15,0.0787,0.0393,0.3147
986,6.6,6.1,nan,Stormcloud Grey,Cream,Nouns Glasses,Sobrero,Toothy,0.0467,0.0327,0.018,0.02,0.074,0.0107,0.0047,0.0093,0.0193,0.004,0.0027,0.018,0.0027,0.0067,0.0133,0.1853,0.4247,0.1187,0.0787,0.0393,0.06
215,6.1,6.1,Red Bandana,Forest Moss Green,Black - Overweight,Red Round Shades,No Hat,Toothy,0.0167,0.018,0.006,0.0307,0.0133,0.026,0.0067,0.0447,0.0253,0.01,0.0607,0.0373,0.0247,0.0127,0.0533,0.1853,0.092,0.1247,0.1773,0.0587,0.3147
215,6.72,6.72,Red Bandana,Forest Moss Green,Black - Overweight,Red Round Shades,No Hat,Toothy,0.0167,0.018,0.006,0.0307,0.0133,0.026,0.0067,0.0447,0.0253,0.01,0.0607,0.0373,0.0247,0.0127,0.0533,0.1853,0.092,0.1247,0.1773,0.0587,0.3147
215,7.7,7.7,Red Bandana,Forest Moss Green,Black - Overweight,Red Round Shades,No Hat,Toothy,0.0167,0.018,0.006,0.0307,0.0133,0.026,0.0067,0.0447,0.0253,0.01,0.0607,0.0373,0.0247,0.0127,0.0533,0.1853,0.092,0.1247,0.1773,0.0587,0.3147
215,9.15,9.15,Red Bandana,Forest Moss Green,Black - Overweight,Red Round Shades,No Hat,Toothy,0.0167,0.018,0.006,0.0307,0.0133,0.026,0.0067,0.0447,0.0253,0.01,0.0607,0.0373,0.0247,0.0127,0.0533,0.1853,0.092,0.1247,0.1773,0.0587,0.3147
215,3.67,3.67,Red Bandana,Forest Moss Green,Black - Overweight,Red Round Shades,No Hat,Toothy,0.0167,0.018,0.006,0.0307,0.0133,0.026,0.0067,0.0447,0.0253,0.01,0.0607,0.0373,0.0247,0.0127,0.0533,0.1853,0.092,0.1247,0.1773,0.0587,0.3147
400,6.1,6.1,Scarf,Midnight Sapphire Blue,Sable,Normal,No Hat,Mustache,0.0133,0.0073,0.0467,0.0473,0.008,0.0073,0.03,0.0367,0.0133,0.0193,0.014,0.0073,0.0747,0.022,0.022,0.0767,0.1393,0.1167,0.0633,0.2567,0.3147
400,3.82,3.82,Scarf,Midnight Sapphire Blue,Sable,Normal,No Hat,Mustache,0.0133,0.0073,0.0467,0.0473,0.008,0.0073,0.03,0.0367,0.0133,0.0193,0.014,0.0073,0.0747,0.022,0.022,0.0767,0.1393,0.1167,0.0633,0.2567,0.3147
1053,6.1,6.1,Scarf,Stormcloud Grey,Black,Normal,No Hat,Sad,0.01,0.0347,0.0467,0.0473,0.0187,0.0287,0.0287,0.0367,0.016,0.0613,0.0727,0.0247,0.0747,0.0293,0.0387,0.118,0.1393,0.1187,0.2333,0.2567,0.3147
265,6.19,6.1,nan,Midnight Sapphire Blue,Black,Normal,No Hat,Surprised,0.0567,0.0873,0.102,0.132,0.056,0.0233,0.03,0.0367,0.0133,0.0613,0.0727,0.0267,0.0747,0.03,0.0407,0.1187,0.4247,0.1167,0.2333,0.2567,0.3147
265,8.48,8.48,nan,Midnight Sapphire Blue,Black,Normal,No Hat,Surprised,0.0567,0.0873,0.102,0.132,0.056,0.0233,0.03,0.0367,0.0133,0.0613,0.0727,0.0267,0.0747,0.03,0.0407,0.1187,0.4247,0.1167,0.2333,0.2567,0.3147
265,0.94,0.94,nan,Midnight Sapphire Blue,Black,Normal,No Hat,Surprised,0.0567,0.0873,0.102,0.132,0.056,0.0233,0.03,0.0367,0.0133,0.0613,0.0727,0.0267,0.0747,0.03,0.0407,0.1187,0.4247,0.1167,0.2333,0.2567,0.3147
172,8.06,6.1,Tie,Lavender Dusk Purple,Black,Gold Shades,Pirate,Bubble Gum,0.0087,0.0167,0.0027,0.0033,0.0027,0.03,0.0033,0.0107,0.0073,0.0047,0.0147,0.012,0.0013,0.0013,0.0033,0.05,0.0627,0.1187,0.2333,0.02,0.06
172,4.02,3.1,Tie,Lavender Dusk Purple,Black,Gold Shades,Pirate,Bubble Gum,0.0087,0.0167,0.0027,0.0033,0.0027,0.03,0.0033,0.0107,0.0073,0.0047,0.0147,0.012,0.0013,0.0013,0.0033,0.05,0.0627,0.1187,0.2333,0.02,0.06
1256,13.23,6.1,Gold Chain,Midnight Sapphire Blue,Zombie,Normal,Party Hat,Vampire,0.0127,0.0007,0.0233,0.006,0.0053,0.0027,0.03,0.0073,0.0047,0.0013,0.0007,0.0027,0.0127,0.018,0.004,0.0593,0.09,0.1167,0.01,0.2567,0.05
1256,14.29,6.72,Gold Chain,Midnight Sapphire Blue,Zombie,Normal,Party Hat,Vampire,0.0127,0.0007,0.0233,0.006,0.0053,0.0027,0.03,0.0073,0.0047,0.0013,0.0007,0.0027,0.0127,0.018,0.004,0.0593,0.09,0.1167,0.01,0.2567,0.05
1256,3.78,1.66,Gold Chain,Midnight Sapphire Blue,Zombie,Normal,Party Hat,Vampire,0.0127,0.0007,0.0233,0.006,0.0053,0.0027,0.03,0.0073,0.0047,0.0013,0.0007,0.0027,0.0127,0.018,0.004,0.0593,0.09,0.1167,0.01,0.2567,0.05
699,6.13,6.13,nan,Sunlit Gold,Black - Overweight,White Shades,No Hat,Feral,0.0673,0.08,0.066,0.132,0.0187,0.032,0.026,0.044,0.0053,0.0347,0.0607,0.0093,0.0487,0.008,0.0153,0.048,0.4247,0.15,0.1773,0.148,0.3147
1493,6.17,6.17,Tie,Sunlit Gold,Tan,Normal,Slickback,Surprised,0.006,0.01,0.0187,0.002,0.008,0.0267,0.0427,0.0087,0.018,0.038,0.0073,0.02,0.018,0.03,0.0053,0.1187,0.0627,0.15,0.1553,0.2567,0.0493
1493,8.89,8.89,Tie,Sunlit Gold,Tan,Normal,Slickback,Surprised,0.006,0.01,0.0187,0.002,0.008,0.0267,0.0427,0.0087,0.018,0.038,0.0073,0.02,0.018,0.03,0.0053,0.1187,0.0627,0.15,0.1553,0.2567,0.0493
1493,8.83,8.83,Tie,Sunlit Gold,Tan,Normal,Slickback,Surprised,0.006,0.01,0.0187,0.002,0.008,0.0267,0.0427,0.0087,0.018,0.038,0.0073,0.02,0.018,0.03,0.0053,0.1187,0.0627,0.15,0.1553,0.2567,0.0493
1493,5.36,5.36,Tie,Sunlit Gold,Tan,Normal,Slickback,Surprised,0.006,0.01,0.0187,0.002,0.008,0.0267,0.0427,0.0087,0.018,0.038,0.0073,0.02,0.018,0.03,0.0053,0.1187,0.0627,0.15,0.1553,0.2567,0.0493
1493,5.03,5.03,Tie,Sunlit Gold,Tan,Normal,Slickback,Surprised,0.006,0.01,0.0187,0.002,0.008,0.0267,0.0427,0.0087,0.018,0.038,0.0073,0.02,0.018,0.03,0.0053,0.1187,0.0627,0.15,0.1553,0.2567,0.0493
1460,6.17,6.17,Red Bandana,Sunlit Gold,Black - Overweight,Normal,No Hat,Mustache,0.0147,0.018,0.02,0.0307,0.0087,0.032,0.0427,0.044,0.0113,0.0393,0.0607,0.0127,0.0747,0.022,0.022,0.0767,0.092,0.15,0.1773,0.2567,0.3147
1460,6.85,6.85,Red Bandana,Sunlit Gold,Black - Overweight,Normal,No Hat,Mustache,0.0147,0.018,0.02,0.0307,0.0087,0.032,0.0427,0.044,0.0113,0.0393,0.0607,0.0127,0.0747,0.022,0.022,0.0767,0.092,0.15,0.1773,0.2567,0.3147
33,11.7,6.17,Bow Tie,Spiced Orange,Cream,White Shades,Baseball Cap,Toothy,0.0133,0.008,0.0153,0.0013,0.018,0.0087,0.0147,0.0013,0.02,0.01,0.002,0.018,0.0013,0.03,0.0033,0.1853,0.0933,0.118,0.0787,0.148,0.0093
33,14.76,7.03,Bow Tie,Spiced Orange,Cream,White Shades,Baseball Cap,Toothy,0.0133,0.008,0.0153,0.0013,0.018,0.0087,0.0147,0.0013,0.02,0.01,0.002,0.018,0.0013,0.03,0.0033,0.1853,0.0933,0.118,0.0787,0.148,0.0093
33,12.32,5.32,Bow Tie,Spiced Orange,Cream,White Shades,Baseball Cap,Toothy,0.0133,0.008,0.0153,0.0013,0.018,0.0087,0.0147,0.0013,0.02,0.01,0.002,0.018,0.0013,0.03,0.0033,0.1853,0.0933,0.118,0.0787,0.148,0.0093
192,6.17,6.17,Gold Chain,Spiced Orange,Lilac,Red Shades,Cowboy,Sad,0.0107,0.0027,0.006,0.0087,0.0093,0.0073,0.008,0.0093,0.0147,0.0027,0.0047,0.0073,0.0073,0.0093,0.0073,0.118,0.09,0.118,0.0433,0.0687,0.058
192,8.39,8.39,Gold Chain,Spiced Orange,Lilac,Red Shades,Cowboy,Sad,0.0107,0.0027,0.006,0.0087,0.0093,0.0073,0.008,0.0093,0.0147,0.0027,0.0047,0.0073,0.0073,0.0093,0.0073,0.118,0.09,0.118,0.0433,0.0687,0.058
192,4.14,4.14,Gold Chain,Spiced Orange,Lilac,Red Shades,Cowboy,Sad,0.0107,0.0027,0.006,0.0087,0.0093,0.0073,0.008,0.0093,0.0147,0.0027,0.0047,0.0073,0.0073,0.0093,0.0073,0.118,0.09,0.118,0.0433,0.0687,0.058
192,2.07,2.07,Gold Chain,Spiced Orange,Lilac,Red Shades,Cowboy,Sad,0.0107,0.0027,0.006,0.0087,0.0093,0.0073,0.008,0.0093,0.0147,0.0027,0.0047,0.0073,0.0073,0.0093,0.0073,0.118,0.09,0.118,0.0433,0.0687,0.058
1012,6.17,6.17,Red Bandana,Spiced Orange,Lilac,Normal,Elvis,Sad,0.0087,0.004,0.02,0.0067,0.0107,0.0073,0.0253,0.0093,0.0147,0.0133,0.0027,0.0073,0.0167,0.0293,0.008,0.118,0.092,0.118,0.0433,0.2567,0.07
161,6.17,6.17,Red Bandana,Forest Moss Green,Black,White Shades,Party Hat,Bubble Gum,0.0167,0.0253,0.0133,0.002,0.0047,0.032,0.0133,0.004,0.0093,0.0327,0.014,0.012,0.0067,0.0087,0.004,0.05,0.092,0.1247,0.2333,0.148,0.05
161,7.59,7.59,Red Bandana,Forest Moss Green,Black,White Shades,Party Hat,Bubble Gum,0.0167,0.0253,0.0133,0.002,0.0047,0.032,0.0133,0.004,0.0093,0.0327,0.014,0.012,0.0067,0.0087,0.004,0.05,0.092,0.1247,0.2333,0.148,0.05
161,8.99,8.99,Red Bandana,Forest Moss Green,Black,White Shades,Party Hat,Bubble Gum,0.0167,0.0253,0.0133,0.002,0.0047,0.032,0.0133,0.004,0.0093,0.0327,0.014,0.012,0.0067,0.0087,0.004,0.05,0.092,0.1247,0.2333,0.148,0.05
161,6.93,6.93,Red Bandana,Forest Moss Green,Black,White Shades,Party Hat,Bubble Gum,0.0167,0.0253,0.0133,0.002,0.0047,0.032,0.0133,0.004,0.0093,0.0327,0.014,0.012,0.0067,0.0087,0.004,0.05,0.092,0.1247,0.2333,0.148,0.05
161,3.44,3.44,Red Bandana,Forest Moss Green,Black,White Shades,Party Hat,Bubble Gum,0.0167,0.0253,0.0133,0.002,0.0047,0.032,0.0133,0.004,0.0093,0.0327,0.014,0.012,0.0067,0.0087,0.004,0.05,0.092,0.1247,0.2333,0.148,0.05
208,10.05,6.24,Wings,Forest Moss Green,Black,Cyclop,No Hat,Surprised,0.0013,0.0033,0.0013,0.004,0.002,0.032,0.0047,0.0447,0.0147,0.0087,0.0727,0.0267,0.006,0.002,0.0407,0.1187,0.0193,0.1247,0.2333,0.0187,0.3147
208,9.41,6.87,Wings,Forest Moss Green,Black,Cyclop,No Hat,Surprised,0.0013,0.0033,0.0013,0.004,0.002,0.032,0.0047,0.0447,0.0147,0.0087,0.0727,0.0267,0.006,0.002,0.0407,0.1187,0.0193,0.1247,0.2333,0.0187,0.3147
208,13.38,8.44,Wings,Forest Moss Green,Black,Cyclop,No Hat,Surprised,0.0013,0.0033,0.0013,0.004,0.002,0.032,0.0047,0.0447,0.0147,0.0087,0.0727,0.0267,0.006,0.002,0.0407,0.1187,0.0193,0.1247,0.2333,0.0187,0.3147
918,22.66,6.24,Wings,Spiced Orange,Zombie,3-D Glasses,Headband,Happy,0.004,0.0007,0.0007,0.0013,0.0067,0.0007,0.0047,0.006,0.0307,0.0013,0.0007,0.002,0.002,0.0107,0.0113,0.226,0.0193,0.118,0.01,0.0293,0.0447
980,6.24,6.24,nan,Sunlit Gold,Tan - Overweight,White Shades,Afro,Surprised,0.0673,0.0313,0.066,0.034,0.056,0.0113,0.026,0.0133,0.018,0.0153,0.0067,0.0067,0.012,0.0167,0.008,0.1187,0.4247,0.15,0.0727,0.148,0.07
804,6.31,6.31,Tie,Lavender Dusk Purple,Black - Overweight,Red Round Shades,Cylinder,Drooling,0.0087,0.0127,0.006,0.0047,0.0053,0.0187,0.008,0.0047,0.0087,0.01,0.0067,0.0133,0.006,0.0033,0.0027,0.07,0.0627,0.1187,0.1773,0.0587,0.0493
804,5.1,5.1,Tie,Lavender Dusk Purple,Black - Overweight,Red Round Shades,Cylinder,Drooling,0.0087,0.0127,0.006,0.0047,0.0053,0.0187,0.008,0.0047,0.0087,0.01,0.0067,0.0133,0.006,0.0033,0.0027,0.07,0.0627,0.1187,0.1773,0.0587,0.0493
1434,6.31,6.31,nan,Midnight Sapphire Blue,Black,White Round Shades,Afro,Mustache,0.0567,0.0873,0.0427,0.034,0.0347,0.0233,0.0127,0.0107,0.0133,0.024,0.0193,0.0213,0.0073,0.0073,0.01,0.0767,0.4247,0.1167,0.2333,0.0987,0.07
1434,4.48,4.48,nan,Midnight Sapphire Blue,Black,White Round Shades,Afro,Mustache,0.0567,0.0873,0.0427,0.034,0.0347,0.0233,0.0127,0.0107,0.0133,0.024,0.0193,0.0213,0.0073,0.0073,0.01,0.0767,0.4247,0.1167,0.2333,0.0987,0.07
321,6.31,6.31,Gold Chain,Stormcloud Grey,Black,Normal,Afro,Feral,0.0153,0.0267,0.0233,0.006,0.0047,0.0287,0.0287,0.0087,0.006,0.0613,0.0193,0.0073,0.0173,0.0147,0.0027,0.048,0.09,0.1187,0.2333,0.2567,0.07
458,6.31,6.31,nan,Rose Quartz Pink,Sable,Red Shades,No Hat,Toothy,0.048,0.0293,0.0293,0.132,0.074,0.008,0.0053,0.0407,0.022,0.0047,0.014,0.0127,0.0213,0.0113,0.0533,0.1853,0.4247,0.116,0.0633,0.0687,0.3147
458,7.0,7.0,nan,Rose Quartz Pink,Sable,Red Shades,No Hat,Toothy,0.048,0.0293,0.0293,0.132,0.074,0.008,0.0053,0.0407,0.022,0.0047,0.014,0.0127,0.0213,0.0113,0.0533,0.1853,0.4247,0.116,0.0633,0.0687,0.3147
458,3.66,3.55,nan,Rose Quartz Pink,Sable,Red Shades,No Hat,Toothy,0.048,0.0293,0.0293,0.132,0.074,0.008,0.0053,0.0407,0.022,0.0047,0.014,0.0127,0.0213,0.0113,0.0533,0.1853,0.4247,0.116,0.0633,0.0687,0.3147
1040,6.31,6.31,Red Bandana,Sunlit Gold,Black,White Shades,Cowboy,Vampire,0.0147,0.0253,0.0133,0.002,0.006,0.0313,0.026,0.01,0.0093,0.0327,0.0133,0.0127,0.0073,0.0107,0.0027,0.0593,0.092,0.15,0.2333,0.148,0.058
967,6.31,6.31,nan,Sunlit Gold,Tan,White Round Shades,Afro,Happy,0.0673,0.066,0.0427,0.034,0.0967,0.0267,0.0147,0.0133,0.04,0.0207,0.014,0.028,0.0073,0.0207,0.0113,0.226,0.4247,0.15,0.1553,0.0987,0.07
967,5.13,5.06,nan,Sunlit Gold,Tan,White Round Shades,Afro,Happy,0.0673,0.066,0.0427,0.034,0.0967,0.0267,0.0147,0.0133,0.04,0.0207,0.014,0.028,0.0073,0.0207,0.0113,0.226,0.4247,0.15,0.1553,0.0987,0.07
967,3.75,3.75,nan,Sunlit Gold,Tan,White Round Shades,Afro,Happy,0.0673,0.066,0.0427,0.034,0.0967,0.0267,0.0147,0.0133,0.04,0.0207,0.014,0.028,0.0073,0.0207,0.0113,0.226,0.4247,0.15,0.1553,0.0987,0.07
888,6.31,6.31,nan,Lavender Dusk Purple,Black - Overweight,White Shades,Headphones,Bubble Gum,0.0507,0.08,0.066,0.022,0.0227,0.0187,0.014,0.0067,0.0073,0.0347,0.01,0.01,0.0087,0.0087,0.0033,0.05,0.4247,0.1187,0.1773,0.148,0.05
4,6.31,6.31,Scarf,Sunlit Gold,Black,White Shades,No Hat,Surprised,0.0193,0.0347,0.0187,0.0473,0.0133,0.0313,0.026,0.044,0.018,0.0327,0.0727,0.0267,0.0487,0.0167,0.0407,0.1187,0.1393,0.15,0.2333,0.148,0.3147
4,3.4,3.4,Scarf,Sunlit Gold,Black,White Shades,No Hat,Surprised,0.0193,0.0347,0.0187,0.0473,0.0133,0.0313,0.026,0.044,0.018,0.0327,0.0727,0.0267,0.0487,0.0167,0.0407,0.1187,0.1393,0.15,0.2333,0.148,0.3147
744,6.28,6.28,nan,Midnight Sapphire Blue,Tan,White Shades,No Hat,Toothy,0.0567,0.066,0.066,0.132,0.074,0.0167,0.0147,0.0367,0.0207,0.0207,0.048,0.032,0.0487,0.03,0.0533,0.1853,0.4247,0.1167,0.1553,0.148,0.3147
154,6.28,6.28,nan,Rose Quartz Pink,Black,Goggles,Party Hat,Happy,0.048,0.0873,0.0267,0.0247,0.0967,0.032,0.006,0.0053,0.0247,0.016,0.014,0.0613,0.0033,0.0113,0.012,0.226,0.4247,0.116,0.2333,0.0573,0.05
154,6.75,6.75,nan,Rose Quartz Pink,Black,Goggles,Party Hat,Happy,0.048,0.0873,0.0267,0.0247,0.0967,0.032,0.006,0.0053,0.0247,0.016,0.014,0.0613,0.0033,0.0113,0.012,0.226,0.4247,0.116,0.2333,0.0573,0.05
154,8.87,8.44,nan,Rose Quartz Pink,Black,Goggles,Party Hat,Happy,0.048,0.0873,0.0267,0.0247,0.0967,0.032,0.006,0.0053,0.0247,0.016,0.014,0.0613,0.0033,0.0113,0.012,0.226,0.4247,0.116,0.2333,0.0573,0.05
154,4.75,4.75,nan,Rose Quartz Pink,Black,Goggles,Party Hat,Happy,0.048,0.0873,0.0267,0.0247,0.0967,0.032,0.006,0.0053,0.0247,0.016,0.014,0.0613,0.0033,0.0113,0.012,0.226,0.4247,0.116,0.2333,0.0573,0.05
337,6.28,6.28,nan,Sunlit Gold,Black,Red Shades,No Hat,Happy,0.0673,0.0873,0.0293,0.132,0.0967,0.0313,0.0133,0.044,0.04,0.016,0.0727,0.0613,0.0213,0.016,0.0707,0.226,0.4247,0.15,0.2333,0.0687,0.3147
1002,6.28,6.28,nan,Seashell Pink,White,White Shades,No Hat,Feral,0.046,0.028,0.066,0.132,0.0187,0.0087,0.02,0.0373,0.008,0.006,0.0187,0.0033,0.0487,0.008,0.0153,0.048,0.4247,0.118,0.0593,0.148,0.3147
1002,4.14,4.14,nan,Seashell Pink,White,White Shades,No Hat,Feral,0.046,0.028,0.066,0.132,0.0187,0.0087,0.02,0.0373,0.008,0.006,0.0187,0.0033,0.0487,0.008,0.0153,0.048,0.4247,0.118,0.0593,0.148,0.3147
1071,6.28,6.28,nan,Lavender Dusk Purple,Lilac,White Round Shades,Cowboy,Sad,0.0507,0.018,0.0427,0.0253,0.0447,0.0053,0.01,0.0073,0.0147,0.006,0.0047,0.0073,0.0053,0.012,0.0073,0.118,0.4247,0.1187,0.0433,0.0987,0.058
1071,6.75,6.75,nan,Lavender Dusk Purple,Lilac,White Round Shades,Cowboy,Sad,0.0507,0.018,0.0427,0.0253,0.0447,0.0053,0.01,0.0073,0.0147,0.006,0.0047,0.0073,0.0053,0.012,0.0073,0.118,0.4247,0.1187,0.0433,0.0987,0.058
1376,6.34,6.34,Neck Tattoo,Stormcloud Grey,Sable,Normal,Elvis,Drooling,0.0027,0.002,0.0047,0.0047,0.0033,0.006,0.0287,0.01,0.0093,0.0193,0.0067,0.0067,0.0167,0.0173,0.0053,0.07,0.03,0.1187,0.0633,0.2567,0.07
1376,8.83,8.83,Neck Tattoo,Stormcloud Grey,Sable,Normal,Elvis,Drooling,0.0027,0.002,0.0047,0.0047,0.0033,0.006,0.0287,0.01,0.0093,0.0193,0.0067,0.0067,0.0167,0.0173,0.0053,0.07,0.03,0.1187,0.0633,0.2567,0.07
1376,4.94,4.94,Neck Tattoo,Stormcloud Grey,Sable,Normal,Elvis,Drooling,0.0027,0.002,0.0047,0.0047,0.0033,0.006,0.0287,0.01,0.0093,0.0193,0.0067,0.0067,0.0167,0.0173,0.0053,0.07,0.03,0.1187,0.0633,0.2567,0.07
857,6.34,6.34,nan,Spiced Orange,Lilac,White Round Shades,Cowboy,Bubble Gum,0.0527,0.018,0.0427,0.0253,0.0227,0.0073,0.018,0.0093,0.0073,0.006,0.0047,0.0013,0.0053,0.0067,0.004,0.05,0.4247,0.118,0.0433,0.0987,0.058
857,8.05,8.05,nan,Spiced Orange,Lilac,White Round Shades,Cowboy,Bubble Gum,0.0527,0.018,0.0427,0.0253,0.0227,0.0073,0.018,0.0093,0.0073,0.006,0.0047,0.0013,0.0053,0.0067,0.004,0.05,0.4247,0.118,0.0433,0.0987,0.058
175,6.34,6.34,nan,Midnight Sapphire Blue,Black - Overweight,Normal,Afro,Surprised,0.0567,0.08,0.102,0.034,0.056,0.0173,0.03,0.0107,0.0133,0.0393,0.008,0.0213,0.0173,0.03,0.008,0.1187,0.4247,0.1167,0.1773,0.2567,0.07
175,7.7,7.7,nan,Midnight Sapphire Blue,Black - Overweight,Normal,Afro,Surprised,0.0567,0.08,0.102,0.034,0.056,0.0173,0.03,0.0107,0.0133,0.0393,0.008,0.0213,0.0173,0.03,0.008,0.1187,0.4247,0.1167,0.1773,0.2567,0.07
686,6.34,6.34,Tie,Lavender Dusk Purple,Tan,Red Round Shades,No Hat,Surprised,0.0087,0.01,0.006,0.024,0.008,0.018,0.008,0.0367,0.0127,0.014,0.048,0.02,0.0247,0.0087,0.0407,0.1187,0.0627,0.1187,0.1553,0.0587,0.3147
686,8.99,8.99,Tie,Lavender Dusk Purple,Tan,Red Round Shades,No Hat,Surprised,0.0087,0.01,0.006,0.024,0.008,0.018,0.008,0.0367,0.0127,0.014,0.048,0.02,0.0247,0.0087,0.0407,0.1187,0.0627,0.1187,0.1553,0.0587,0.3147
686,2.71,2.71,Tie,Lavender Dusk Purple,Tan,Red Round Shades,No Hat,Surprised,0.0087,0.01,0.006,0.024,0.008,0.018,0.008,0.0367,0.0127,0.014,0.048,0.02,0.0247,0.0087,0.0407,0.1187,0.0627,0.1187,0.1553,0.0587,0.3147
1494,11.01,6.37,nan,"Red, White, and Blue",Sable,Concerned,Headband,Sad,0.0047,0.0293,0.0127,0.016,0.0447,0.002,0.0007,0.0013,0.002,0.0033,0.0027,0.0073,0.0033,0.0047,0.0033,0.118,0.4247,0.01,0.0633,0.0293,0.0447
78,6.37,6.37,Scarf,Spiced Orange,Tan,White Round Shades,Elvis,Happy,0.014,0.0227,0.012,0.006,0.0353,0.0207,0.018,0.0093,0.0307,0.0207,0.0073,0.028,0.008,0.0207,0.0207,0.226,0.1393,0.118,0.1553,0.0987,0.07
78,3.64,3.64,Scarf,Spiced Orange,Tan,White Round Shades,Elvis,Happy,0.014,0.0227,0.012,0.006,0.0353,0.0207,0.018,0.0093,0.0307,0.0207,0.0073,0.028,0.008,0.0207,0.0207,0.226,0.1393,0.118,0.1553,0.0987,0.07
361,6.37,6.37,nan,Spiced Orange,Chocolate,Normal,Cowboy,Sad,0.0527,0.0173,0.102,0.0253,0.0447,0.008,0.0253,0.0093,0.0147,0.0113,0.0033,0.0073,0.0167,0.0293,0.0073,0.118,0.4247,0.118,0.0433,0.2567,0.058
361,3.44,3.44,nan,Spiced Orange,Chocolate,Normal,Cowboy,Sad,0.0527,0.0173,0.102,0.0253,0.0447,0.008,0.0253,0.0093,0.0147,0.0113,0.0033,0.0073,0.0167,0.0293,0.0073,0.118,0.4247,0.118,0.0433,0.2567,0.058
1093,6.41,6.41,Tie,Stormcloud Grey,Cream,Normal,Sobrero,Toothy,0.0133,0.0027,0.0187,0.0053,0.0107,0.0107,0.0287,0.0093,0.0193,0.0227,0.0027,0.018,0.016,0.0513,0.0133,0.1853,0.0627,0.1187,0.0787,0.2567,0.06
1450,6.41,6.41,nan,Stormcloud Grey,Lilac,Normal,Cowboy,Panting,0.0467,0.018,0.102,0.0253,0.0193,0.0033,0.0287,0.0047,0.01,0.0133,0.0047,0.0027,0.0167,0.0073,0.002,0.048,0.4247,0.1187,0.0433,0.2567,0.058
1450,7.74,7.7,nan,Stormcloud Grey,Lilac,Normal,Cowboy,Panting,0.0467,0.018,0.102,0.0253,0.0193,0.0033,0.0287,0.0047,0.01,0.0133,0.0047,0.0027,0.0167,0.0073,0.002,0.048,0.4247,0.1187,0.0433,0.2567,0.058
1450,8.99,8.99,nan,Stormcloud Grey,Lilac,Normal,Cowboy,Panting,0.0467,0.018,0.102,0.0253,0.0193,0.0033,0.0287,0.0047,0.01,0.0133,0.0047,0.0027,0.0167,0.0073,0.002,0.048,0.4247,0.1187,0.0433,0.2567,0.058
1450,7.59,7.59,nan,Stormcloud Grey,Lilac,Normal,Cowboy,Panting,0.0467,0.018,0.102,0.0253,0.0193,0.0033,0.0287,0.0047,0.01,0.0133,0.0047,0.0027,0.0167,0.0073,0.002,0.048,0.4247,0.1187,0.0433,0.2567,0.058
1450,3.67,3.67,nan,Stormcloud Grey,Lilac,Normal,Cowboy,Panting,0.0467,0.018,0.102,0.0253,0.0193,0.0033,0.0287,0.0047,0.01,0.0133,0.0047,0.0027,0.0167,0.0073,0.002,0.048,0.4247,0.1187,0.0433,0.2567,0.058
1450,2.78,2.78,nan,Stormcloud Grey,Lilac,Normal,Cowboy,Panting,0.0467,0.018,0.102,0.0253,0.0193,0.0033,0.0287,0.0047,0.01,0.0133,0.0047,0.0027,0.0167,0.0073,0.002,0.048,0.4247,0.1187,0.0433,0.2567,0.058
461,6.41,6.41,Scarf,Lavender Dusk Purple,Tan,White Shades,Sobrero,Toothy,0.0173,0.0227,0.0187,0.0067,0.0367,0.018,0.014,0.0067,0.022,0.0207,0.0067,0.032,0.01,0.03,0.0133,0.1853,0.1393,0.1187,0.1553,0.148,0.06
461,7.72,6.55,Scarf,Lavender Dusk Purple,Tan,White Shades,Sobrero,Toothy,0.0173,0.0227,0.0187,0.0067,0.0367,0.018,0.014,0.0067,0.022,0.0207,0.0067,0.032,0.01,0.03,0.0133,0.1853,0.1393,0.1187,0.1553,0.148,0.06
1276,6.41,6.41,Scarf,Spiced Orange,Tan,Normal,Headband,Bubble Gum,0.014,0.0227,0.0467,0.0113,0.0073,0.0207,0.0253,0.006,0.0073,0.038,0.012,0.008,0.0127,0.0113,0.002,0.05,0.1393,0.118,0.1553,0.2567,0.0447
866,6.41,6.41,Neck Tattoo,Seashell Pink,Black,White Shades,No Hat,Drooling,0.0047,0.0087,0.0047,0.0067,0.0033,0.0253,0.02,0.0373,0.0053,0.0327,0.0727,0.02,0.0487,0.0067,0.0253,0.07,0.03,0.118,0.2333,0.148,0.3147
1051,6.41,6.41,Gold Chain,Midnight Sapphire Blue,Sable,Normal,Headband,Surprised,0.0127,0.01,0.0233,0.0007,0.014,0.0073,0.03,0.0027,0.0133,0.0193,0.0027,0.0047,0.0127,0.03,0.0053,0.1187,0.09,0.1167,0.0633,0.2567,0.0447
1051,8.55,8.55,Gold Chain,Midnight Sapphire Blue,Sable,Normal,Headband,Surprised,0.0127,0.01,0.0233,0.0007,0.014,0.0073,0.03,0.0027,0.0133,0.0193,0.0027,0.0047,0.0127,0.03,0.0053,0.1187,0.09,0.1167,0.0633,0.2567,0.0447
1051,7.03,7.03,Gold Chain,Midnight Sapphire Blue,Sable,Normal,Headband,Surprised,0.0127,0.01,0.0233,0.0007,0.014,0.0073,0.03,0.0027,0.0133,0.0193,0.0027,0.0047,0.0127,0.03,0.0053,0.1187,0.09,0.1167,0.0633,0.2567,0.0447
1462,6.41,6.41,Neck Tattoo,Spiced Orange,Black,White Shades,Cylinder,Bubble Gum,0.0047,0.0087,0.0047,0.002,0.004,0.0267,0.0147,0.0073,0.0073,0.0327,0.008,0.012,0.0053,0.0087,0.0033,0.05,0.03,0.118,0.2333,0.148,0.0493
1462,9.45,9.45,Neck Tattoo,Spiced Orange,Black,White Shades,Cylinder,Bubble Gum,0.0047,0.0087,0.0047,0.002,0.004,0.0267,0.0147,0.0073,0.0073,0.0327,0.008,0.012,0.0053,0.0087,0.0033,0.05,0.03,0.118,0.2333,0.148,0.0493
1462,5.36,5.36,Neck Tattoo,Spiced Orange,Black,White Shades,Cylinder,Bubble Gum,0.0047,0.0087,0.0047,0.002,0.004,0.0267,0.0147,0.0073,0.0073,0.0327,0.008,0.012,0.0053,0.0087,0.0033,0.05,0.03,0.118,0.2333,0.148,0.0493
367,9.52,6.41,nan,Sunlit Gold,Blue,White Shades,Baseball Cap,Toothy,0.0673,0.03,0.066,0.0047,0.074,0.0067,0.026,0.002,0.0293,0.008,0.002,0.0113,0.0013,0.03,0.0033,0.1853,0.4247,0.15,0.0633,0.148,0.0093
367,11.94,6.74,nan,Sunlit Gold,Blue,White Shades,Baseball Cap,Toothy,0.0673,0.03,0.066,0.0047,0.074,0.0067,0.026,0.002,0.0293,0.008,0.002,0.0113,0.0013,0.03,0.0033,0.1853,0.4247,0.15,0.0633,0.148,0.0093
367,13.77,7.69,nan,Sunlit Gold,Blue,White Shades,Baseball Cap,Toothy,0.0673,0.03,0.066,0.0047,0.074,0.0067,0.026,0.002,0.0293,0.008,0.002,0.0113,0.0013,0.03,0.0033,0.1853,0.4247,0.15,0.0633,0.148,0.0093
250,6.41,6.41,Tie,Midnight Sapphire Blue,Black,Normal,Afro,Surprised,0.0073,0.0167,0.0187,0.0027,0.008,0.0233,0.03,0.0107,0.0133,0.0613,0.0193,0.0267,0.0173,0.03,0.008,0.1187,0.0627,0.1167,0.2333,0.2567,0.07
250,5.36,5.36,Tie,Midnight Sapphire Blue,Black,Normal,Afro,Surprised,0.0073,0.0167,0.0187,0.0027,0.008,0.0233,0.03,0.0107,0.0133,0.0613,0.0193,0.0267,0.0173,0.03,0.008,0.1187,0.0627,0.1167,0.2333,0.2567,0.07
518,10.91,6.74,Scarf,Midnight Sapphire Blue,Cream,Normal,Leprechaun,Sad,0.0133,0.014,0.0467,0.0013,0.0187,0.0093,0.03,0.0013,0.0153,0.0227,0.002,0.0093,0.004,0.0293,0.0013,0.118,0.1393,0.1167,0.0787,0.2567,0.01
518,14.15,7.69,Scarf,Midnight Sapphire Blue,Cream,Normal,Leprechaun,Sad,0.0133,0.014,0.0467,0.0013,0.0187,0.0093,0.03,0.0013,0.0153,0.0227,0.002,0.0093,0.004,0.0293,0.0013,0.118,0.1393,0.1167,0.0787,0.2567,0.01
518,1.58,0.94,Scarf,Midnight Sapphire Blue,Cream,Normal,Leprechaun,Sad,0.0133,0.014,0.0467,0.0013,0.0187,0.0093,0.03,0.0013,0.0153,0.0227,0.002,0.0093,0.004,0.0293,0.0013,0.118,0.1393,0.1167,0.0787,0.2567,0.01
955,6.72,6.72,nan,Stormcloud Grey,Tan,White Shades,Headphones,Sad,0.0467,0.066,0.066,0.022,0.0447,0.0167,0.02,0.006,0.016,0.0207,0.0087,0.0167,0.0087,0.0147,0.0093,0.118,0.4247,0.1187,0.1553,0.148,0.05
1247,14.62,6.77,nan,Seashell Pink,White,Normal,Napoleon,Drooling,0.046,0.028,0.102,0.0053,0.032,0.0087,0.0307,0.002,0.0053,0.0207,0.0007,0.006,0.002,0.0173,0.0007,0.07,0.4247,0.118,0.0593,0.2567,0.0093
1247,16.69,8.67,nan,Seashell Pink,White,Normal,Napoleon,Drooling,0.046,0.028,0.102,0.0053,0.032,0.0087,0.0307,0.002,0.0053,0.0207,0.0007,0.006,0.002,0.0173,0.0007,0.07,0.4247,0.118,0.0593,0.2567,0.0093
1247,20.21,8.52,nan,Seashell Pink,White,Normal,Napoleon,Drooling,0.046,0.028,0.102,0.0053,0.032,0.0087,0.0307,0.002,0.0053,0.0207,0.0007,0.006,0.002,0.0173,0.0007,0.07,0.4247,0.118,0.0593,0.2567,0.0093
1247,3.55,1.8,nan,Seashell Pink,White,Normal,Napoleon,Drooling,0.046,0.028,0.102,0.0053,0.032,0.0087,0.0307,0.002,0.0053,0.0207,0.0007,0.006,0.002,0.0173,0.0007,0.07,0.4247,0.118,0.0593,0.2567,0.0093
64,14.82,6.77,Gold Chain,Seashell Pink,Black - Overweight,Drowsy Cyclop,Elvis,Toothy,0.0113,0.008,0.0007,0.012,0.018,0.0253,0.0033,0.0093,0.0247,0.0013,0.0127,0.0373,0.0013,0.0013,0.0113,0.1853,0.09,0.118,0.1773,0.01,0.07
64,18.33,8.99,Gold Chain,Seashell Pink,Black - Overweight,Drowsy Cyclop,Elvis,Toothy,0.0113,0.008,0.0007,0.012,0.018,0.0253,0.0033,0.0093,0.0247,0.0013,0.0127,0.0373,0.0013,0.0013,0.0113,0.1853,0.09,0.118,0.1773,0.01,0.07
64,13.69,9.15,Gold Chain,Seashell Pink,Black - Overweight,Drowsy Cyclop,Elvis,Toothy,0.0113,0.008,0.0007,0.012,0.018,0.0253,0.0033,0.0093,0.0247,0.0013,0.0127,0.0373,0.0013,0.0013,0.0113,0.1853,0.09,0.118,0.1773,0.01,0.07
64,6.44,3.67,Gold Chain,Seashell Pink,Black - Overweight,Drowsy Cyclop,Elvis,Toothy,0.0113,0.008,0.0007,0.012,0.018,0.0253,0.0033,0.0093,0.0247,0.0013,0.0127,0.0373,0.0013,0.0013,0.0113,0.1853,0.09,0.118,0.1773,0.01,0.07
858,6.77,6.77,Scarf,Seashell Pink,Black,Concerned,No Hat,Happy,0.022,0.0347,0.0053,0.0473,0.0353,0.0253,0.002,0.0373,0.0307,0.0047,0.0727,0.0613,0.008,0.0073,0.0707,0.226,0.1393,0.118,0.2333,0.0293,0.3147
858,9.02,9.02,Scarf,Seashell Pink,Black,Concerned,No Hat,Happy,0.022,0.0347,0.0053,0.0473,0.0353,0.0253,0.002,0.0373,0.0307,0.0047,0.0727,0.0613,0.008,0.0073,0.0707,0.226,0.1393,0.118,0.2333,0.0293,0.3147
858,9.0,9.0,Scarf,Seashell Pink,Black,Concerned,No Hat,Happy,0.022,0.0347,0.0053,0.0473,0.0353,0.0253,0.002,0.0373,0.0307,0.0047,0.0727,0.0613,0.008,0.0073,0.0707,0.226,0.1393,0.118,0.2333,0.0293,0.3147
858,2.07,2.07,Scarf,Seashell Pink,Black,Concerned,No Hat,Happy,0.022,0.0347,0.0053,0.0473,0.0353,0.0253,0.002,0.0373,0.0307,0.0047,0.0727,0.0613,0.008,0.0073,0.0707,0.226,0.1393,0.118,0.2333,0.0293,0.3147
1354,6.77,6.77,nan,Sunlit Gold,Black - Overweight,Drowsy,No Hat,Toothy,0.0673,0.08,0.0233,0.132,0.074,0.032,0.0047,0.044,0.0293,0.01,0.0607,0.0373,0.012,0.008,0.0533,0.1853,0.4247,0.15,0.1773,0.0407,0.3147
854,6.77,6.77,nan,Midnight Sapphire Blue,Black,White Shades,Elvis,Toothy,0.0567,0.0873,0.066,0.0273,0.074,0.0233,0.0147,0.008,0.0207,0.0327,0.018,0.0347,0.0113,0.03,0.0113,0.1853,0.4247,0.1167,0.2333,0.148,0.07
854,8.22,8.22,nan,Midnight Sapphire Blue,Black,White Shades,Elvis,Toothy,0.0567,0.0873,0.066,0.0273,0.074,0.0233,0.0147,0.008,0.0207,0.0327,0.018,0.0347,0.0113,0.03,0.0113,0.1853,0.4247,0.1167,0.2333,0.148,0.07
414,7.5,6.77,nan,Sunlit Gold,Black - Overweight,Normal,Cowboy,Toothy,0.0673,0.08,0.102,0.0253,0.074,0.032,0.0427,0.01,0.0293,0.0393,0.0147,0.0373,0.0167,0.0513,0.0093,0.1853,0.4247,0.15,0.1773,0.2567,0.058
692,6.77,6.77,nan,Rose Quartz Pink,Tan,Eye Patch,No Hat,Feral,0.048,0.066,0.0313,0.132,0.0187,0.018,0.014,0.0407,0.0053,0.0113,0.048,0.0067,0.0267,0.0007,0.0153,0.048,0.4247,0.116,0.1553,0.08,0.3147
692,8.15,8.15,nan,Rose Quartz Pink,Tan,Eye Patch,No Hat,Feral,0.048,0.066,0.0313,0.132,0.0187,0.018,0.014,0.0407,0.0053,0.0113,0.048,0.0067,0.0267,0.0007,0.0153,0.048,0.4247,0.116,0.1553,0.08,0.3147
692,4.04,4.04,nan,Rose Quartz Pink,Tan,Eye Patch,No Hat,Feral,0.048,0.066,0.0313,0.132,0.0187,0.018,0.014,0.0407,0.0053,0.0113,0.048,0.0067,0.0267,0.0007,0.0153,0.048,0.4247,0.116,0.1553,0.08,0.3147
1214,7.2,6.77,Red Bandana,Rose Quartz Pink,Black - Overweight,White Shades,No Hat,Feral,0.0113,0.018,0.0133,0.0307,0.0047,0.0187,0.0207,0.0407,0.0053,0.0347,0.0607,0.0093,0.0487,0.008,0.0153,0.048,0.092,0.116,0.1773,0.148,0.3147
1214,6.74,6.74,Red Bandana,Rose Quartz Pink,Black - Overweight,White Shades,No Hat,Feral,0.0113,0.018,0.0133,0.0307,0.0047,0.0187,0.0207,0.0407,0.0053,0.0347,0.0607,0.0093,0.0487,0.008,0.0153,0.048,0.092,0.116,0.1773,0.148,0.3147
1214,6.99,6.99,Red Bandana,Rose Quartz Pink,Black - Overweight,White Shades,No Hat,Feral,0.0113,0.018,0.0133,0.0307,0.0047,0.0187,0.0207,0.0407,0.0053,0.0347,0.0607,0.0093,0.0487,0.008,0.0153,0.048,0.092,0.116,0.1773,0.148,0.3147
1498,6.77,6.77,Bow Tie,Rose Quartz Pink,Black - Overweight,Red Shades,Sobrero,Toothy,0.0093,0.014,0.0073,0.0047,0.018,0.0187,0.0053,0.0067,0.022,0.012,0.0093,0.0373,0.0053,0.0113,0.0133,0.1853,0.0933,0.116,0.1773,0.0687,0.06
1498,7.53,7.53,Bow Tie,Rose Quartz Pink,Black - Overweight,Red Shades,Sobrero,Toothy,0.0093,0.014,0.0073,0.0047,0.018,0.0187,0.0053,0.0067,0.022,0.012,0.0093,0.0373,0.0053,0.0113,0.0133,0.1853,0.0933,0.116,0.1773,0.0687,0.06
1498,8.95,8.95,Bow Tie,Rose Quartz Pink,Black - Overweight,Red Shades,Sobrero,Toothy,0.0093,0.014,0.0073,0.0047,0.018,0.0187,0.0053,0.0067,0.022,0.012,0.0093,0.0373,0.0053,0.0113,0.0133,0.1853,0.0933,0.116,0.1773,0.0687,0.06
1498,4.29,4.29,Bow Tie,Rose Quartz Pink,Black - Overweight,Red Shades,Sobrero,Toothy,0.0093,0.014,0.0073,0.0047,0.018,0.0187,0.0053,0.0067,0.022,0.012,0.0093,0.0373,0.0053,0.0113,0.0133,0.1853,0.0933,0.116,0.1773,0.0687,0.06
1115,6.77,6.77,Bow Tie,Seashell Pink,Tan,Normal,Pirate,Drooling,0.0127,0.018,0.02,0.0047,0.0067,0.0193,0.0307,0.0093,0.0053,0.038,0.008,0.008,0.0153,0.0173,0.0053,0.07,0.0933,0.118,0.1553,0.2567,0.06
1115,9.53,9.53,Bow Tie,Seashell Pink,Tan,Normal,Pirate,Drooling,0.0127,0.018,0.02,0.0047,0.0067,0.0193,0.0307,0.0093,0.0053,0.038,0.008,0.008,0.0153,0.0173,0.0053,0.07,0.0933,0.118,0.1553,0.2567,0.06
1,6.77,6.77,Scarf,Spiced Orange,Cream,Normal,Dreads,Drooling,0.014,0.014,0.0467,0.0047,0.006,0.0087,0.0253,0.0033,0.008,0.0227,0.0013,0.0033,0.0053,0.0173,0.0027,0.07,0.1393,0.118,0.0787,0.2567,0.018
1,9.45,7.59,Scarf,Spiced Orange,Cream,Normal,Dreads,Drooling,0.014,0.014,0.0467,0.0047,0.006,0.0087,0.0253,0.0033,0.008,0.0227,0.0013,0.0033,0.0053,0.0173,0.0027,0.07,0.1393,0.118,0.0787,0.2567,0.018
1,3.75,3.44,Scarf,Spiced Orange,Cream,Normal,Dreads,Drooling,0.014,0.014,0.0467,0.0047,0.006,0.0087,0.0253,0.0033,0.008,0.0227,0.0013,0.0033,0.0053,0.0173,0.0027,0.07,0.1393,0.118,0.0787,0.2567,0.018
541,6.74,6.74,nan,Rose Quartz Pink,White,Normal,Afro,Drooling,0.048,0.028,0.102,0.034,0.032,0.004,0.0273,0.01,0.0087,0.0207,0.0047,0.006,0.0173,0.0173,0.0047,0.07,0.4247,0.116,0.0593,0.2567,0.07
541,9.45,9.45,nan,Rose Quartz Pink,White,Normal,Afro,Drooling,0.048,0.028,0.102,0.034,0.032,0.004,0.0273,0.01,0.0087,0.0207,0.0047,0.006,0.0173,0.0173,0.0047,0.07,0.4247,0.116,0.0593,0.2567,0.07
541,3.53,3.53,nan,Rose Quartz Pink,White,Normal,Afro,Drooling,0.048,0.028,0.102,0.034,0.032,0.004,0.0273,0.01,0.0087,0.0207,0.0047,0.006,0.0173,0.0173,0.0047,0.07,0.4247,0.116,0.0593,0.2567,0.07
993,6.74,6.74,nan,Midnight Sapphire Blue,Chocolate,White Shades,Party Hat,Toothy,0.0567,0.0173,0.066,0.0247,0.074,0.008,0.0147,0.0073,0.0207,0.0033,0.004,0.0087,0.0067,0.03,0.0073,0.1853,0.4247,0.1167,0.0433,0.148,0.05
993,6.79,6.75,nan,Midnight Sapphire Blue,Chocolate,White Shades,Party Hat,Toothy,0.0567,0.0173,0.066,0.0247,0.074,0.008,0.0147,0.0073,0.0207,0.0033,0.004,0.0087,0.0067,0.03,0.0073,0.1853,0.4247,0.1167,0.0433,0.148,0.05
993,7.37,7.18,nan,Midnight Sapphire Blue,Chocolate,White Shades,Party Hat,Toothy,0.0567,0.0173,0.066,0.0247,0.074,0.008,0.0147,0.0073,0.0207,0.0033,0.004,0.0087,0.0067,0.03,0.0073,0.1853,0.4247,0.1167,0.0433,0.148,0.05
756,6.74,6.74,Red Bandana,Rose Quartz Pink,Cream,Red Shades,No Hat,Surprised,0.0113,0.006,0.0067,0.0307,0.0047,0.0093,0.0053,0.0407,0.0173,0.0067,0.0347,0.0133,0.0213,0.0093,0.0407,0.1187,0.092,0.116,0.0787,0.0687,0.3147
756,7.58,7.58,Red Bandana,Rose Quartz Pink,Cream,Red Shades,No Hat,Surprised,0.0113,0.006,0.0067,0.0307,0.0047,0.0093,0.0053,0.0407,0.0173,0.0067,0.0347,0.0133,0.0213,0.0093,0.0407,0.1187,0.092,0.116,0.0787,0.0687,0.3147
1062,6.74,6.74,nan,Spiced Orange,White,Normal,No Hat,Happy,0.0527,0.028,0.102,0.132,0.0967,0.0053,0.0253,0.032,0.0307,0.0207,0.0187,0.0113,0.0747,0.0553,0.0707,0.226,0.4247,0.118,0.0593,0.2567,0.3147
1062,7.75,7.75,nan,Spiced Orange,White,Normal,No Hat,Happy,0.0527,0.028,0.102,0.132,0.0967,0.0053,0.0253,0.032,0.0307,0.0207,0.0187,0.0113,0.0747,0.0553,0.0707,0.226,0.4247,0.118,0.0593,0.2567,0.3147
1062,8.6,8.6,nan,Spiced Orange,White,Normal,No Hat,Happy,0.0527,0.028,0.102,0.132,0.0967,0.0053,0.0253,0.032,0.0307,0.0207,0.0187,0.0113,0.0747,0.0553,0.0707,0.226,0.4247,0.118,0.0593,0.2567,0.3147
1062,9.15,9.15,nan,Spiced Orange,White,Normal,No Hat,Happy,0.0527,0.028,0.102,0.132,0.0967,0.0053,0.0253,0.032,0.0307,0.0207,0.0187,0.0113,0.0747,0.0553,0.0707,0.226,0.4247,0.118,0.0593,0.2567,0.3147
1224,6.74,6.74,Gold Chain,Forest Moss Green,Blue,Normal,Elvis,Surprised,0.006,0.0053,0.0233,0.012,0.014,0.0093,0.034,0.0107,0.0147,0.0133,0.0033,0.0087,0.0167,0.03,0.0067,0.1187,0.09,0.1247,0.0633,0.2567,0.07
1224,7.03,7.03,Gold Chain,Forest Moss Green,Blue,Normal,Elvis,Surprised,0.006,0.0053,0.0233,0.012,0.014,0.0093,0.034,0.0107,0.0147,0.0133,0.0033,0.0087,0.0167,0.03,0.0067,0.1187,0.09,0.1247,0.0633,0.2567,0.07
257,6.74,6.74,nan,Lavender Dusk Purple,Black - Overweight,White Shades,Elvis,Surprised,0.0507,0.08,0.066,0.0273,0.056,0.0187,0.014,0.0067,0.0127,0.0347,0.0127,0.0213,0.0113,0.0167,0.0067,0.1187,0.4247,0.1187,0.1773,0.148,0.07
1259,6.75,6.75,Gold Chain,Sunlit Gold,Chocolate,Normal,Cowboy,Happy,0.0133,0.0067,0.0233,0.0087,0.0147,0.004,0.0427,0.01,0.04,0.0113,0.0033,0.01,0.0167,0.0553,0.0127,0.226,0.09,0.15,0.0433,0.2567,0.058
1295,6.79,6.79,nan,Forest Moss Green,Black - Overweight,3-D Glasses,No Hat,Sad,0.0467,0.08,0.012,0.132,0.0447,0.026,0.0027,0.0447,0.0127,0.0073,0.0607,0.0187,0.008,0.002,0.0387,0.118,0.4247,0.1247,0.1773,0.0293,0.3147
1295,1.54,1.54,nan,Forest Moss Green,Black - Overweight,3-D Glasses,No Hat,Sad,0.0467,0.08,0.012,0.132,0.0447,0.026,0.0027,0.0447,0.0127,0.0073,0.0607,0.0187,0.008,0.002,0.0387,0.118,0.4247,0.1247,0.1773,0.0293,0.3147
820,6.79,6.79,nan,Rose Quartz Pink,Blue,Normal,No Hat,Surprised,0.048,0.03,0.102,0.132,0.056,0.0093,0.0273,0.0407,0.0173,0.0133,0.0207,0.0087,0.0747,0.03,0.0407,0.1187,0.4247,0.116,0.0633,0.2567,0.3147
25,7.37,6.79,nan,Seashell Pink,Black,Laser Eyes,Party Hat,Happy,0.046,0.0873,0.0067,0.0247,0.0967,0.0253,0.0027,0.0053,0.0307,0.0027,0.014,0.0613,0.0013,0.004,0.012,0.226,0.4247,0.118,0.2333,0.0167,0.05
701,11.53,6.79,Cape,Sunlit Gold,Black - Overweight,White Shades,Cowboy,Surprised,0.0027,0.0033,0.0027,0.0013,0.0013,0.032,0.026,0.01,0.018,0.0347,0.0147,0.0213,0.0073,0.0167,0.008,0.1187,0.01,0.15,0.1773,0.148,0.058
701,12.41,6.83,Cape,Sunlit Gold,Black - Overweight,White Shades,Cowboy,Surprised,0.0027,0.0033,0.0027,0.0013,0.0013,0.032,0.026,0.01,0.018,0.0347,0.0147,0.0213,0.0073,0.0167,0.008,0.1187,0.01,0.15,0.1773,0.148,0.058
701,10.77,7.22,Cape,Sunlit Gold,Black - Overweight,White Shades,Cowboy,Surprised,0.0027,0.0033,0.0027,0.0013,0.0013,0.032,0.026,0.01,0.018,0.0347,0.0147,0.0213,0.0073,0.0167,0.008,0.1187,0.01,0.15,0.1773,0.148,0.058
701,18.53,9.15,Cape,Sunlit Gold,Black - Overweight,White Shades,Cowboy,Surprised,0.0027,0.0033,0.0027,0.0013,0.0013,0.032,0.026,0.01,0.018,0.0347,0.0147,0.0213,0.0073,0.0167,0.008,0.1187,0.01,0.15,0.1773,0.148,0.058
701,8.01,3.97,Cape,Sunlit Gold,Black - Overweight,White Shades,Cowboy,Surprised,0.0027,0.0033,0.0027,0.0013,0.0013,0.032,0.026,0.01,0.018,0.0347,0.0147,0.0213,0.0073,0.0167,0.008,0.1187,0.01,0.15,0.1773,0.148,0.058
701,3.64,2.71,Cape,Sunlit Gold,Black - Overweight,White Shades,Cowboy,Surprised,0.0027,0.0033,0.0027,0.0013,0.0013,0.032,0.026,0.01,0.018,0.0347,0.0147,0.0213,0.0073,0.0167,0.008,0.1187,0.01,0.15,0.1773,0.148,0.058
1317,6.79,6.79,nan,Spiced Orange,Sable,White Round Shades,Sobrero,Surprised,0.0527,0.0293,0.0427,0.02,0.056,0.0113,0.018,0.0053,0.0153,0.0047,0.0047,0.0047,0.0073,0.014,0.0053,0.1187,0.4247,0.118,0.0633,0.0987,0.06
1317,7.59,7.59,nan,Spiced Orange,Sable,White Round Shades,Sobrero,Surprised,0.0527,0.0293,0.0427,0.02,0.056,0.0113,0.018,0.0053,0.0153,0.0047,0.0047,0.0047,0.0073,0.014,0.0053,0.1187,0.4247,0.118,0.0633,0.0987,0.06
1317,6.55,6.55,nan,Spiced Orange,Sable,White Round Shades,Sobrero,Surprised,0.0527,0.0293,0.0427,0.02,0.056,0.0113,0.018,0.0053,0.0153,0.0047,0.0047,0.0047,0.0073,0.014,0.0053,0.1187,0.4247,0.118,0.0633,0.0987,0.06
1317,5.33,5.33,nan,Spiced Orange,Sable,White Round Shades,Sobrero,Surprised,0.0527,0.0293,0.0427,0.02,0.056,0.0113,0.018,0.0053,0.0153,0.0047,0.0047,0.0047,0.0073,0.014,0.0053,0.1187,0.4247,0.118,0.0633,0.0987,0.06
1317,2.71,2.71,nan,Spiced Orange,Sable,White Round Shades,Sobrero,Surprised,0.0527,0.0293,0.0427,0.02,0.056,0.0113,0.018,0.0053,0.0153,0.0047,0.0047,0.0047,0.0073,0.014,0.0053,0.1187,0.4247,0.118,0.0633,0.0987,0.06
1267,8.71,6.78,Scarf,Midnight Sapphire Blue,Sable,White Round Shades,No Hat,Feral,0.0133,0.0073,0.012,0.0473,0.006,0.0073,0.0127,0.0367,0.0053,0.0047,0.014,0.0053,0.0327,0.0073,0.0153,0.048,0.1393,0.1167,0.0633,0.0987,0.3147
1267,6.85,6.85,Scarf,Midnight Sapphire Blue,Sable,White Round Shades,No Hat,Feral,0.0133,0.0073,0.012,0.0473,0.006,0.0073,0.0127,0.0367,0.0053,0.0047,0.014,0.0053,0.0327,0.0073,0.0153,0.048,0.1393,0.1167,0.0633,0.0987,0.3147
1267,9.0,9.0,Scarf,Midnight Sapphire Blue,Sable,White Round Shades,No Hat,Feral,0.0133,0.0073,0.012,0.0473,0.006,0.0073,0.0127,0.0367,0.0053,0.0047,0.014,0.0053,0.0327,0.0073,0.0153,0.048,0.1393,0.1167,0.0633,0.0987,0.3147
1267,8.15,8.15,Scarf,Midnight Sapphire Blue,Sable,White Round Shades,No Hat,Feral,0.0133,0.0073,0.012,0.0473,0.006,0.0073,0.0127,0.0367,0.0053,0.0047,0.014,0.0053,0.0327,0.0073,0.0153,0.048,0.1393,0.1167,0.0633,0.0987,0.3147
682,6.78,6.78,nan,Midnight Sapphire Blue,Black - Overweight,3-D Glasses,Pirate,Mustache,0.0567,0.08,0.012,0.03,0.0347,0.0173,0.0033,0.0093,0.0133,0.0073,0.008,0.0127,0.002,0.0027,0.0047,0.0767,0.4247,0.1167,0.1773,0.0293,0.06
682,8.57,8.57,nan,Midnight Sapphire Blue,Black - Overweight,3-D Glasses,Pirate,Mustache,0.0567,0.08,0.012,0.03,0.0347,0.0173,0.0033,0.0093,0.0133,0.0073,0.008,0.0127,0.002,0.0027,0.0047,0.0767,0.4247,0.1167,0.1773,0.0293,0.06
682,5.03,5.03,nan,Midnight Sapphire Blue,Black - Overweight,3-D Glasses,Pirate,Mustache,0.0567,0.08,0.012,0.03,0.0347,0.0173,0.0033,0.0093,0.0133,0.0073,0.008,0.0127,0.002,0.0027,0.0047,0.0767,0.4247,0.1167,0.1773,0.0293,0.06
682,0.91,0.91,nan,Midnight Sapphire Blue,Black - Overweight,3-D Glasses,Pirate,Mustache,0.0567,0.08,0.012,0.03,0.0347,0.0173,0.0033,0.0093,0.0133,0.0073,0.008,0.0127,0.002,0.0027,0.0047,0.0767,0.4247,0.1167,0.1773,0.0293,0.06
995,6.78,6.78,Gold Chain,Spiced Orange,Tan,Normal,Party Hat,Sad,0.0107,0.0113,0.0233,0.006,0.0093,0.0207,0.0253,0.0067,0.0147,0.038,0.006,0.0167,0.0127,0.0293,0.0053,0.118,0.09,0.118,0.1553,0.2567,0.05
1155,6.78,6.78,Gold Chain,Stormcloud Grey,Chocolate,Red Shades,Afro,Sad,0.0153,0.0067,0.006,0.006,0.0093,0.004,0.008,0.0087,0.016,0.004,0.0007,0.0073,0.0053,0.0093,0.006,0.118,0.09,0.1187,0.0433,0.0687,0.07
1155,3.1,3.1,Gold Chain,Stormcloud Grey,Chocolate,Red Shades,Afro,Sad,0.0153,0.0067,0.006,0.006,0.0093,0.004,0.008,0.0087,0.016,0.004,0.0007,0.0073,0.0053,0.0093,0.006,0.118,0.09,0.1187,0.0433,0.0687,0.07
49,6.78,6.78,nan,Midnight Sapphire Blue,Blue,White Shades,Afro,Bubble Gum,0.0567,0.03,0.066,0.034,0.0227,0.0093,0.0147,0.0107,0.0033,0.008,0.0073,0.0053,0.012,0.0087,0.0047,0.05,0.4247,0.1167,0.0633,0.148,0.07
1217,6.78,6.78,nan,Midnight Sapphire Blue,White,Goggles,No Hat,Drooling,0.0567,0.028,0.0267,0.132,0.032,0.008,0.0073,0.0367,0.01,0.0033,0.0187,0.006,0.0167,0.0047,0.0253,0.07,0.4247,0.1167,0.0593,0.0573,0.3147
1238,13.37,6.78,nan,Sunlit Gold,Tan,White Round Shades,Bone,Mustache,0.0673,0.066,0.0427,0.0053,0.0347,0.0267,0.0147,0.002,0.0113,0.0207,0.0027,0.012,0.0033,0.0073,0.0007,0.0767,0.4247,0.15,0.1553,0.0987,0.0093
1218,17.5,6.78,Gold Chain,Stormcloud Grey,Chocolate,Drowsy Laser Eyes,No Hat,Happy,0.0153,0.0067,0.0007,0.0273,0.0147,0.004,0.0013,0.0367,0.022,0.0007,0.0113,0.01,0.0033,0.0027,0.0707,0.226,0.09,0.1187,0.0433,0.0087,0.3147
1218,29.59,9.36,Gold Chain,Stormcloud Grey,Chocolate,Drowsy Laser Eyes,No Hat,Happy,0.0153,0.0067,0.0007,0.0273,0.0147,0.004,0.0013,0.0367,0.022,0.0007,0.0113,0.01,0.0033,0.0027,0.0707,0.226,0.09,0.1187,0.0433,0.0087,0.3147
1218,9.76,3.82,Gold Chain,Stormcloud Grey,Chocolate,Drowsy Laser Eyes,No Hat,Happy,0.0153,0.0067,0.0007,0.0273,0.0147,0.004,0.0013,0.0367,0.022,0.0007,0.0113,0.01,0.0033,0.0027,0.0707,0.226,0.09,0.1187,0.0433,0.0087,0.3147
931,6.78,6.78,Scarf,Forest Moss Green,Tan,White Shades,Headband,Mustache,0.0233,0.0227,0.0187,0.0113,0.008,0.0173,0.0133,0.0073,0.008,0.0207,0.012,0.012,0.0087,0.01,0.004,0.0767,0.1393,0.1247,0.1553,0.148,0.0447
931,8.14,8.14,Scarf,Forest Moss Green,Tan,White Shades,Headband,Mustache,0.0233,0.0227,0.0187,0.0113,0.008,0.0173,0.0133,0.0073,0.008,0.0207,0.012,0.012,0.0087,0.01,0.004,0.0767,0.1393,0.1247,0.1553,0.148,0.0447
931,4.37,4.37,Scarf,Forest Moss Green,Tan,White Shades,Headband,Mustache,0.0233,0.0227,0.0187,0.0113,0.008,0.0173,0.0133,0.0073,0.008,0.0207,0.012,0.012,0.0087,0.01,0.004,0.0767,0.1393,0.1247,0.1553,0.148,0.0447
1242,6.78,6.78,Gold Chain,Spiced Orange,Sable,Normal,Wizard,Happy,0.0107,0.01,0.0233,0.0027,0.0147,0.0113,0.0253,0.004,0.0307,0.0193,0.002,0.012,0.0033,0.0553,0.006,0.226,0.09,0.118,0.0633,0.2567,0.02
1242,7.05,7.05,Gold Chain,Spiced Orange,Sable,Normal,Wizard,Happy,0.0107,0.01,0.0233,0.0027,0.0147,0.0113,0.0253,0.004,0.0307,0.0193,0.002,0.012,0.0033,0.0553,0.006,0.226,0.09,0.118,0.0633,0.2567,0.02
1334,6.78,6.78,Samurai Sword,Stormcloud Grey,Black - Overweight,Normal,No Hat,Sad,0.002,0.0027,0.006,0.0047,0.0027,0.018,0.0287,0.0367,0.016,0.0393,0.0607,0.0187,0.0747,0.0293,0.0387,0.118,0.0187,0.1187,0.1773,0.2567,0.3147
1334,1.8,1.8,Samurai Sword,Stormcloud Grey,Black - Overweight,Normal,No Hat,Sad,0.002,0.0027,0.006,0.0047,0.0027,0.018,0.0287,0.0367,0.016,0.0393,0.0607,0.0187,0.0747,0.0293,0.0387,0.118,0.0187,0.1187,0.1773,0.2567,0.3147
475,6.8,6.8,nan,Forest Moss Green,Chocolate,Normal,No Hat,Mustache,0.0467,0.0173,0.102,0.132,0.0347,0.006,0.034,0.0447,0.008,0.0113,0.0113,0.004,0.0747,0.022,0.022,0.0767,0.4247,0.1247,0.0433,0.2567,0.3147
475,6.8,6.8,nan,Forest Moss Green,Chocolate,Normal,No Hat,Mustache,0.0467,0.0173,0.102,0.132,0.0347,0.006,0.034,0.0447,0.008,0.0113,0.0113,0.004,0.0747,0.022,0.022,0.0767,0.4247,0.1247,0.0433,0.2567,0.3147
402,6.8,6.8,Gold Chain,Lavender Dusk Purple,Black,Normal,No Hat,Surprised,0.0093,0.0267,0.0233,0.0273,0.014,0.03,0.0353,0.0367,0.0127,0.0613,0.0727,0.0267,0.0747,0.03,0.0407,0.1187,0.09,0.1187,0.2333,0.2567,0.3147
402,8.89,8.89,Gold Chain,Lavender Dusk Purple,Black,Normal,No Hat,Surprised,0.0093,0.0267,0.0233,0.0273,0.014,0.03,0.0353,0.0367,0.0127,0.0613,0.0727,0.0267,0.0747,0.03,0.0407,0.1187,0.09,0.1187,0.2333,0.2567,0.3147
402,4.7,4.7,Gold Chain,Lavender Dusk Purple,Black,Normal,No Hat,Surprised,0.0093,0.0267,0.0233,0.0273,0.014,0.03,0.0353,0.0367,0.0127,0.0613,0.0727,0.0267,0.0747,0.03,0.0407,0.1187,0.09,0.1187,0.2333,0.2567,0.3147
11,21.04,6.8,Neck Tattoo,Spiced Orange,Black,White Round Shades,Devil Horns,Panting,0.0047,0.0087,0.004,0.0013,0.0027,0.0267,0.018,0.0013,0.0053,0.024,0.0013,0.0127,0.0007,0.004,0.0007,0.048,0.03,0.118,0.2333,0.0987,0.0093
11,11.16,3.75,Neck Tattoo,Spiced Orange,Black,White Round Shades,Devil Horns,Panting,0.0047,0.0087,0.004,0.0013,0.0027,0.0267,0.018,0.0013,0.0053,0.024,0.0013,0.0127,0.0007,0.004,0.0007,0.048,0.03,0.118,0.2333,0.0987,0.0093
520,6.8,6.8,nan,Forest Moss Green,Black - Overweight,Normal,No Hat,Toothy,0.0467,0.08,0.102,0.132,0.074,0.026,0.034,0.0447,0.0253,0.0393,0.0607,0.0373,0.0747,0.0513,0.0533,0.1853,0.4247,0.1247,0.1773,0.2567,0.3147
520,7.99,7.99,nan,Forest Moss Green,Black - Overweight,Normal,No Hat,Toothy,0.0467,0.08,0.102,0.132,0.074,0.026,0.034,0.0447,0.0253,0.0393,0.0607,0.0373,0.0747,0.0513,0.0533,0.1853,0.4247,0.1247,0.1773,0.2567,0.3147
520,8.89,8.89,nan,Forest Moss Green,Black - Overweight,Normal,No Hat,Toothy,0.0467,0.08,0.102,0.132,0.074,0.026,0.034,0.0447,0.0253,0.0393,0.0607,0.0373,0.0747,0.0513,0.0533,0.1853,0.4247,0.1247,0.1773,0.2567,0.3147
520,8.52,8.52,nan,Forest Moss Green,Black - Overweight,Normal,No Hat,Toothy,0.0467,0.08,0.102,0.132,0.074,0.026,0.034,0.0447,0.0253,0.0393,0.0607,0.0373,0.0747,0.0513,0.0533,0.1853,0.4247,0.1247,0.1773,0.2567,0.3147
560,6.8,6.8,Bow Tie,Seashell Pink,Black,Goggles,No Hat,Happy,0.0127,0.022,0.008,0.0307,0.0207,0.0253,0.0053,0.0373,0.0307,0.016,0.0727,0.0613,0.0167,0.0113,0.0707,0.226,0.0933,0.118,0.2333,0.0573,0.3147
560,4.31,4.31,Bow Tie,Seashell Pink,Black,Goggles,No Hat,Happy,0.0127,0.022,0.008,0.0307,0.0207,0.0253,0.0053,0.0373,0.0307,0.016,0.0727,0.0613,0.0167,0.0113,0.0707,0.226,0.0933,0.118,0.2333,0.0573,0.3147
377,14.94,6.8,nan,Lavender Dusk Purple,White,Normal,Leprechaun,Vampire,0.0507,0.028,0.102,0.0053,0.026,0.008,0.0353,0.0027,0.0073,0.0207,0.0007,0.0073,0.004,0.018,0.0007,0.0593,0.4247,0.1187,0.0593,0.2567,0.01
377,15.98,7.98,nan,Lavender Dusk Purple,White,Normal,Leprechaun,Vampire,0.0507,0.028,0.102,0.0053,0.026,0.008,0.0353,0.0027,0.0073,0.0207,0.0007,0.0073,0.004,0.018,0.0007,0.0593,0.4247,0.1187,0.0593,0.2567,0.01
377,16.21,8.54,nan,Lavender Dusk Purple,White,Normal,Leprechaun,Vampire,0.0507,0.028,0.102,0.0053,0.026,0.008,0.0353,0.0027,0.0073,0.0207,0.0007,0.0073,0.004,0.018,0.0007,0.0593,0.4247,0.1187,0.0593,0.2567,0.01
1331,6.8,6.8,Red Bandana,Rose Quartz Pink,Chocolate,Goggles,Slickback,Sad,0.0113,0.0033,0.004,0.0053,0.0107,0.0053,0.006,0.006,0.012,0.0013,0.0047,0.0073,0.004,0.0073,0.0073,0.118,0.092,0.116,0.0433,0.0573,0.0493
1331,8.57,8.57,Red Bandana,Rose Quartz Pink,Chocolate,Goggles,Slickback,Sad,0.0113,0.0033,0.004,0.0053,0.0107,0.0053,0.006,0.006,0.012,0.0013,0.0047,0.0073,0.004,0.0073,0.0073,0.118,0.092,0.116,0.0433,0.0573,0.0493
1331,5.42,5.07,Red Bandana,Rose Quartz Pink,Chocolate,Goggles,Slickback,Sad,0.0113,0.0033,0.004,0.0053,0.0107,0.0053,0.006,0.006,0.012,0.0013,0.0047,0.0073,0.004,0.0073,0.0073,0.118,0.092,0.116,0.0433,0.0573,0.0493
88,6.8,6.8,nan,Lavender Dusk Purple,Black,Gold Shades,No Hat,Sad,0.0507,0.0873,0.006,0.132,0.0447,0.03,0.0033,0.0367,0.0147,0.0047,0.0727,0.0247,0.004,0.0033,0.0387,0.118,0.4247,0.1187,0.2333,0.02,0.3147
88,7.56,7.56,nan,Lavender Dusk Purple,Black,Gold Shades,No Hat,Sad,0.0507,0.0873,0.006,0.132,0.0447,0.03,0.0033,0.0367,0.0147,0.0047,0.0727,0.0247,0.004,0.0033,0.0387,0.118,0.4247,0.1187,0.2333,0.02,0.3147
88,1.54,1.54,nan,Lavender Dusk Purple,Black,Gold Shades,No Hat,Sad,0.0507,0.0873,0.006,0.132,0.0447,0.03,0.0033,0.0367,0.0147,0.0047,0.0727,0.0247,0.004,0.0033,0.0387,0.118,0.4247,0.1187,0.2333,0.02,0.3147
1353,6.8,6.8,nan,Stormcloud Grey,White,Drowsy,Sobrero,Sad,0.0467,0.028,0.0233,0.02,0.0447,0.0107,0.004,0.0093,0.016,0.0033,0.0047,0.0067,0.002,0.0047,0.0067,0.118,0.4247,0.1187,0.0593,0.0407,0.06
1353,9.06,9.06,nan,Stormcloud Grey,White,Drowsy,Sobrero,Sad,0.0467,0.028,0.0233,0.02,0.0447,0.0107,0.004,0.0093,0.016,0.0033,0.0047,0.0067,0.002,0.0047,0.0067,0.118,0.4247,0.1187,0.0593,0.0407,0.06
336,6.8,6.8,nan,Seashell Pink,Sable,Normal,No Hat,Surprised,0.046,0.0293,0.102,0.132,0.056,0.006,0.0307,0.0373,0.0113,0.0193,0.014,0.0047,0.0747,0.03,0.0407,0.1187,0.4247,0.118,0.0633,0.2567,0.3147
336,0.96,0.94,nan,Seashell Pink,Sable,Normal,No Hat,Surprised,0.046,0.0293,0.102,0.132,0.056,0.006,0.0307,0.0373,0.0113,0.0193,0.014,0.0047,0.0747,0.03,0.0407,0.1187,0.4247,0.118,0.0633,0.2567,0.3147
1042,6.8,6.8,nan,Rose Quartz Pink,Tan - Overweight,Eye Patch,Slickback,Mustache,0.048,0.0313,0.0313,0.016,0.0347,0.008,0.014,0.006,0.0093,0.0047,0.0047,0.0047,0.0053,0.0067,0.0033,0.0767,0.4247,0.116,0.0727,0.08,0.0493
56,30.65,6.8,nan,Seashell Pink,Tan,Drowsy Cyclop,Angel Halo,Happy,0.046,0.066,0.0033,0.0033,0.0967,0.0193,0.0033,0.0027,0.0307,0.0013,0.0027,0.028,0.0013,0.004,0.0033,0.226,0.4247,0.118,0.1553,0.01,0.01
56,18.11,4.43,nan,Seashell Pink,Tan,Drowsy Cyclop,Angel Halo,Happy,0.046,0.066,0.0033,0.0033,0.0967,0.0193,0.0033,0.0027,0.0307,0.0013,0.0027,0.028,0.0013,0.004,0.0033,0.226,0.4247,0.118,0.1553,0.01,0.01
1330,6.75,6.75,Scarf,Spiced Orange,Cream,3-D Glasses,Cowboy,Bubble Gum,0.014,0.014,0.0047,0.0073,0.0073,0.0087,0.0047,0.0093,0.0073,0.002,0.0067,0.0053,0.0027,0.0007,0.004,0.05,0.1393,0.118,0.0787,0.0293,0.058
1330,9.15,9.15,Scarf,Spiced Orange,Cream,3-D Glasses,Cowboy,Bubble Gum,0.014,0.014,0.0047,0.0073,0.0073,0.0087,0.0047,0.0093,0.0073,0.002,0.0067,0.0053,0.0027,0.0007,0.004,0.05,0.1393,0.118,0.0787,0.0293,0.058
1330,6.65,6.65,Scarf,Spiced Orange,Cream,3-D Glasses,Cowboy,Bubble Gum,0.014,0.014,0.0047,0.0073,0.0073,0.0087,0.0047,0.0093,0.0073,0.002,0.0067,0.0053,0.0027,0.0007,0.004,0.05,0.1393,0.118,0.0787,0.0293,0.058
1351,6.75,6.75,Bow Tie,Seashell Pink,Blue,White Shades,Headphones,Sad,0.0127,0.008,0.0153,0.0047,0.0127,0.008,0.02,0.0073,0.0147,0.008,0.0027,0.0073,0.0087,0.0147,0.0093,0.118,0.0933,0.118,0.0633,0.148,0.05
1118,6.79,6.79,Scarf,Spiced Orange,Tan,White Round Shades,No Hat,Drooling,0.014,0.0227,0.012,0.0473,0.006,0.0207,0.018,0.032,0.008,0.0207,0.048,0.008,0.0327,0.0073,0.0253,0.07,0.1393,0.118,0.1553,0.0987,0.3147
221,7.37,6.8,Bow Tie,Stormcloud Grey,Tan,White Shades,Wizard,Panting,0.012,0.018,0.0153,0.0013,0.0053,0.0167,0.02,0.0027,0.01,0.0207,0.0033,0.012,0.0027,0.0087,0.0013,0.048,0.0933,0.1187,0.1553,0.148,0.02
935,6.9,6.8,Neck Tattoo,Spiced Orange,Tan,Red Round Shades,Cylinder,Bubble Gum,0.0047,0.0033,0.002,0.002,0.004,0.0207,0.008,0.0073,0.0073,0.014,0.0107,0.008,0.006,0.0027,0.0033,0.05,0.03,0.118,0.1553,0.0587,0.0493
935,2.97,2.64,Neck Tattoo,Spiced Orange,Tan,Red Round Shades,Cylinder,Bubble Gum,0.0047,0.0033,0.002,0.002,0.004,0.0207,0.008,0.0073,0.0073,0.014,0.0107,0.008,0.006,0.0027,0.0033,0.05,0.03,0.118,0.1553,0.0587,0.0493
533,6.8,6.8,Bow Tie,Spiced Orange,Black - Overweight,Gold Shades,Party Hat,Happy,0.0133,0.014,0.004,0.0067,0.0207,0.018,0.0033,0.0067,0.0307,0.0033,0.008,0.042,0.0027,0.0067,0.012,0.226,0.0933,0.118,0.1773,0.02,0.05
533,6.96,6.96,Bow Tie,Spiced Orange,Black - Overweight,Gold Shades,Party Hat,Happy,0.0133,0.014,0.004,0.0067,0.0207,0.018,0.0033,0.0067,0.0307,0.0033,0.008,0.042,0.0027,0.0067,0.012,0.226,0.0933,0.118,0.1773,0.02,0.05
450,6.8,6.8,Neck Tattoo,Spiced Orange,Cream,Eye Patch,No Hat,Happy,0.0047,0.0027,0.002,0.0067,0.006,0.0087,0.0107,0.032,0.0307,0.004,0.0347,0.018,0.0267,0.0173,0.0707,0.226,0.03,0.118,0.0787,0.08,0.3147
450,6.85,6.85,Neck Tattoo,Spiced Orange,Cream,Eye Patch,No Hat,Happy,0.0047,0.0027,0.002,0.0067,0.006,0.0087,0.0107,0.032,0.0307,0.004,0.0347,0.018,0.0267,0.0173,0.0707,0.226,0.03,0.118,0.0787,0.08,0.3147
450,3.34,3.2,Neck Tattoo,Spiced Orange,Cream,Eye Patch,No Hat,Happy,0.0047,0.0027,0.002,0.0067,0.006,0.0087,0.0107,0.032,0.0307,0.004,0.0347,0.018,0.0267,0.0173,0.0707,0.226,0.03,0.118,0.0787,0.08,0.3147
223,18.59,6.8,nan,Midnight Sapphire Blue,Black,Drowsy Laser Eyes,Party Hat,Drooling,0.0567,0.0873,0.0047,0.0247,0.032,0.0233,0.0013,0.0073,0.01,0.0033,0.014,0.02,0.0013,0.0013,0.004,0.07,0.4247,0.1167,0.2333,0.0087,0.05
223,25.82,8.99,nan,Midnight Sapphire Blue,Black,Drowsy Laser Eyes,Party Hat,Drooling,0.0567,0.0873,0.0047,0.0247,0.032,0.0233,0.0013,0.0073,0.01,0.0033,0.014,0.02,0.0013,0.0013,0.004,0.07,0.4247,0.1167,0.2333,0.0087,0.05
794,6.87,6.87,Tie,Midnight Sapphire Blue,Tan,Red Round Shades,Slickback,Toothy,0.0073,0.01,0.006,0.002,0.0107,0.0167,0.0053,0.0053,0.0207,0.014,0.0073,0.032,0.0007,0.0127,0.0107,0.1853,0.0627,0.1167,0.1553,0.0587,0.0493
220,6.87,6.87,nan,Forest Moss Green,Chocolate,Normal,No Hat,Drooling,0.0467,0.0173,0.102,0.132,0.032,0.006,0.034,0.0447,0.008,0.0113,0.0113,0.0027,0.0747,0.0173,0.0253,0.07,0.4247,0.1247,0.0433,0.2567,0.3147
220,5.36,5.36,nan,Forest Moss Green,Chocolate,Normal,No Hat,Drooling,0.0467,0.0173,0.102,0.132,0.032,0.006,0.034,0.0447,0.008,0.0113,0.0113,0.0027,0.0747,0.0173,0.0253,0.07,0.4247,0.1247,0.0433,0.2567,0.3147
220,0.94,0.94,nan,Forest Moss Green,Chocolate,Normal,No Hat,Drooling,0.0467,0.0173,0.102,0.132,0.032,0.006,0.034,0.0447,0.008,0.0113,0.0113,0.0027,0.0747,0.0173,0.0253,0.07,0.4247,0.1247,0.0433,0.2567,0.3147
177,10.92,6.87,Bow Tie,Sunlit Gold,Tan,Normal,Top Hat,Happy,0.0133,0.018,0.02,0.0007,0.0207,0.0267,0.0427,0.002,0.04,0.038,0.0033,0.028,0.0033,0.0553,0.002,0.226,0.0933,0.15,0.1553,0.2567,0.01
177,11.28,8.22,Bow Tie,Sunlit Gold,Tan,Normal,Top Hat,Happy,0.0133,0.018,0.02,0.0007,0.0207,0.0267,0.0427,0.002,0.04,0.038,0.0033,0.028,0.0033,0.0553,0.002,0.226,0.0933,0.15,0.1553,0.2567,0.01
177,14.98,8.89,Bow Tie,Sunlit Gold,Tan,Normal,Top Hat,Happy,0.0133,0.018,0.02,0.0007,0.0207,0.0267,0.0427,0.002,0.04,0.038,0.0033,0.028,0.0033,0.0553,0.002,0.226,0.0933,0.15,0.1553,0.2567,0.01
177,5.82,3.75,Bow Tie,Sunlit Gold,Tan,Normal,Top Hat,Happy,0.0133,0.018,0.02,0.0007,0.0207,0.0267,0.0427,0.002,0.04,0.038,0.0033,0.028,0.0033,0.0553,0.002,0.226,0.0933,0.15,0.1553,0.2567,0.01
177,3.21,2.07,Bow Tie,Sunlit Gold,Tan,Normal,Top Hat,Happy,0.0133,0.018,0.02,0.0007,0.0207,0.0267,0.0427,0.002,0.04,0.038,0.0033,0.028,0.0033,0.0553,0.002,0.226,0.0933,0.15,0.1553,0.2567,0.01
19,6.87,6.87,nan,Stormcloud Grey,Black,Normal,Dreads,Drooling,0.0467,0.0873,0.102,0.0067,0.032,0.0287,0.0287,0.0053,0.0093,0.0613,0.0047,0.02,0.0053,0.0173,0.0027,0.07,0.4247,0.1187,0.2333,0.2567,0.018
19,9.36,9.36,nan,Stormcloud Grey,Black,Normal,Dreads,Drooling,0.0467,0.0873,0.102,0.0067,0.032,0.0287,0.0287,0.0053,0.0093,0.0613,0.0047,0.02,0.0053,0.0173,0.0027,0.07,0.4247,0.1187,0.2333,0.2567,0.018
1476,6.87,6.87,Scarf,Lavender Dusk Purple,White,Red Round Shades,No Hat,Surprised,0.0173,0.0087,0.0087,0.0473,0.0133,0.008,0.008,0.0367,0.0127,0.002,0.0187,0.0067,0.0247,0.0087,0.0407,0.1187,0.1393,0.1187,0.0593,0.0587,0.3147
1476,8.17,8.17,Scarf,Lavender Dusk Purple,White,Red Round Shades,No Hat,Surprised,0.0173,0.0087,0.0087,0.0473,0.0133,0.008,0.008,0.0367,0.0127,0.002,0.0187,0.0067,0.0247,0.0087,0.0407,0.1187,0.1393,0.1187,0.0593,0.0587,0.3147
1476,3.97,3.97,Scarf,Lavender Dusk Purple,White,Red Round Shades,No Hat,Surprised,0.0173,0.0087,0.0087,0.0473,0.0133,0.008,0.008,0.0367,0.0127,0.002,0.0187,0.0067,0.0247,0.0087,0.0407,0.1187,0.1393,0.1187,0.0593,0.0587,0.3147
897,6.85,6.85,Gold Chain,Spiced Orange,Cream,White Shades,Pirate,Bubble Gum,0.0107,0.0067,0.0133,0.0073,0.0033,0.0087,0.0147,0.006,0.0073,0.01,0.004,0.0053,0.008,0.0087,0.0033,0.05,0.09,0.118,0.0787,0.148,0.06
897,2.71,2.71,Gold Chain,Spiced Orange,Cream,White Shades,Pirate,Bubble Gum,0.0107,0.0067,0.0133,0.0073,0.0033,0.0087,0.0147,0.006,0.0073,0.01,0.004,0.0053,0.008,0.0087,0.0033,0.05,0.09,0.118,0.0787,0.148,0.06
772,6.85,6.85,Scarf,Forest Moss Green,Black,White Shades,Headband,Happy,0.0233,0.0347,0.0187,0.0113,0.0353,0.032,0.0133,0.0073,0.0267,0.0327,0.0087,0.0613,0.0087,0.034,0.0113,0.226,0.1393,0.1247,0.2333,0.148,0.0447
772,8.69,8.03,Scarf,Forest Moss Green,Black,White Shades,Headband,Happy,0.0233,0.0347,0.0187,0.0113,0.0353,0.032,0.0133,0.0073,0.0267,0.0327,0.0087,0.0613,0.0087,0.034,0.0113,0.226,0.1393,0.1247,0.2333,0.148,0.0447
772,3.82,3.82,Scarf,Forest Moss Green,Black,White Shades,Headband,Happy,0.0233,0.0347,0.0187,0.0113,0.0353,0.032,0.0133,0.0073,0.0267,0.0327,0.0087,0.0613,0.0087,0.034,0.0113,0.226,0.1393,0.1247,0.2333,0.148,0.0447
621,6.85,6.85,nan,Spiced Orange,Tan,Drowsy,Sobrero,Happy,0.0527,0.066,0.0233,0.02,0.0967,0.0207,0.004,0.0053,0.0307,0.008,0.0067,0.028,0.002,0.01,0.0173,0.226,0.4247,0.118,0.1553,0.0407,0.06
621,7.05,7.05,nan,Spiced Orange,Tan,Drowsy,Sobrero,Happy,0.0527,0.066,0.0233,0.02,0.0967,0.0207,0.004,0.0053,0.0307,0.008,0.0067,0.028,0.002,0.01,0.0173,0.226,0.4247,0.118,0.1553,0.0407,0.06
621,2.85,2.85,nan,Spiced Orange,Tan,Drowsy,Sobrero,Happy,0.0527,0.066,0.0233,0.02,0.0967,0.0207,0.004,0.0053,0.0307,0.008,0.0067,0.028,0.002,0.01,0.0173,0.226,0.4247,0.118,0.1553,0.0407,0.06
396,6.85,6.85,Scarf,Lavender Dusk Purple,Lilac,Normal,No Hat,Happy,0.0173,0.0047,0.0467,0.0473,0.0353,0.0053,0.0353,0.0367,0.0213,0.0133,0.016,0.0133,0.0747,0.0553,0.0707,0.226,0.1393,0.1187,0.0433,0.2567,0.3147
396,8.24,8.24,Scarf,Lavender Dusk Purple,Lilac,Normal,No Hat,Happy,0.0173,0.0047,0.0467,0.0473,0.0353,0.0053,0.0353,0.0367,0.0213,0.0133,0.016,0.0133,0.0747,0.0553,0.0707,0.226,0.1393,0.1187,0.0433,0.2567,0.3147
1231,22.57,6.85,Earrings,Forest Moss Green,Tan - Overweight,Concerned,Cylinder,Sad,0.0013,0.0013,0.0007,0.0007,0.002,0.0067,0.0087,0.01,0.0127,0.0033,0.0053,0.0127,0.002,0.0047,0.004,0.118,0.01,0.1247,0.0727,0.0293,0.0493
1087,6.83,6.83,nan,Midnight Sapphire Blue,Black,Normal,Cowboy,Feral,0.0567,0.0873,0.102,0.0253,0.0187,0.0233,0.03,0.01,0.0053,0.0613,0.0133,0.0073,0.0167,0.0147,0.0033,0.048,0.4247,0.1167,0.2333,0.2567,0.058
1087,4.75,4.75,nan,Midnight Sapphire Blue,Black,Normal,Cowboy,Feral,0.0567,0.0873,0.102,0.0253,0.0187,0.0233,0.03,0.01,0.0053,0.0613,0.0133,0.0073,0.0167,0.0147,0.0033,0.048,0.4247,0.1167,0.2333,0.2567,0.058
1087,3.1,3.1,nan,Midnight Sapphire Blue,Black,Normal,Cowboy,Feral,0.0567,0.0873,0.102,0.0253,0.0187,0.0233,0.03,0.01,0.0053,0.0613,0.0133,0.0073,0.0167,0.0147,0.0033,0.048,0.4247,0.1167,0.2333,0.2567,0.058
812,25.38,6.83,nan,Forest Moss Green,Sable,Laser Eyes,Devil Horns,Mustache,0.0467,0.0293,0.0067,0.006,0.0347,0.0053,0.0013,0.0013,0.008,0.0007,0.0013,0.0073,0.0013,0.0013,0.0007,0.0767,0.4247,0.1247,0.0633,0.0167,0.0093
812,26.32,7.22,nan,Forest Moss Green,Sable,Laser Eyes,Devil Horns,Mustache,0.0467,0.0293,0.0067,0.006,0.0347,0.0053,0.0013,0.0013,0.008,0.0007,0.0013,0.0073,0.0013,0.0013,0.0007,0.0767,0.4247,0.1247,0.0633,0.0167,0.0093
812,32.45,8.6,nan,Forest Moss Green,Sable,Laser Eyes,Devil Horns,Mustache,0.0467,0.0293,0.0067,0.006,0.0347,0.0053,0.0013,0.0013,0.008,0.0007,0.0013,0.0073,0.0013,0.0013,0.0007,0.0767,0.4247,0.1247,0.0633,0.0167,0.0093
812,28.2,6.55,nan,Forest Moss Green,Sable,Laser Eyes,Devil Horns,Mustache,0.0467,0.0293,0.0067,0.006,0.0347,0.0053,0.0013,0.0013,0.008,0.0007,0.0013,0.0073,0.0013,0.0013,0.0007,0.0767,0.4247,0.1247,0.0633,0.0167,0.0093
599,7.7,6.83,Neck Tattoo,Midnight Sapphire Blue,Sable,Nouns Glasses,Headband,Sad,0.002,0.002,0.0027,0.0027,0.0047,0.0073,0.0047,0.0027,0.0153,0.002,0.0027,0.0073,0.002,0.0053,0.0033,0.118,0.03,0.1167,0.0633,0.0393,0.0447
599,8.35,7.0,Neck Tattoo,Midnight Sapphire Blue,Sable,Nouns Glasses,Headband,Sad,0.002,0.002,0.0027,0.0027,0.0047,0.0073,0.0047,0.0027,0.0153,0.002,0.0027,0.0073,0.002,0.0053,0.0033,0.118,0.03,0.1167,0.0633,0.0393,0.0447
599,7.59,7.59,Neck Tattoo,Midnight Sapphire Blue,Sable,Nouns Glasses,Headband,Sad,0.002,0.002,0.0027,0.0027,0.0047,0.0073,0.0047,0.0027,0.0153,0.002,0.0027,0.0073,0.002,0.0053,0.0033,0.118,0.03,0.1167,0.0633,0.0393,0.0447
599,10.72,8.54,Neck Tattoo,Midnight Sapphire Blue,Sable,Nouns Glasses,Headband,Sad,0.002,0.002,0.0027,0.0027,0.0047,0.0073,0.0047,0.0027,0.0153,0.002,0.0027,0.0073,0.002,0.0053,0.0033,0.118,0.03,0.1167,0.0633,0.0393,0.0447
599,5.54,4.75,Neck Tattoo,Midnight Sapphire Blue,Sable,Nouns Glasses,Headband,Sad,0.002,0.002,0.0027,0.0027,0.0047,0.0073,0.0047,0.0027,0.0153,0.002,0.0027,0.0073,0.002,0.0053,0.0033,0.118,0.03,0.1167,0.0633,0.0393,0.0447
965,10.97,6.83,Cape,Stormcloud Grey,Black - Overweight,Normal,Cowboy,Drooling,0.002,0.0033,0.0027,0.0013,0.0013,0.018,0.0287,0.0047,0.0093,0.0393,0.0147,0.0133,0.0167,0.0173,0.004,0.07,0.01,0.1187,0.1773,0.2567,0.058
965,14.59,7.18,Cape,Stormcloud Grey,Black - Overweight,Normal,Cowboy,Drooling,0.002,0.0033,0.0027,0.0013,0.0013,0.018,0.0287,0.0047,0.0093,0.0393,0.0147,0.0133,0.0167,0.0173,0.004,0.07,0.01,0.1187,0.1773,0.2567,0.058
965,8.96,5.1,Cape,Stormcloud Grey,Black - Overweight,Normal,Cowboy,Drooling,0.002,0.0033,0.0027,0.0013,0.0013,0.018,0.0287,0.0047,0.0093,0.0393,0.0147,0.0133,0.0167,0.0173,0.004,0.07,0.01,0.1187,0.1773,0.2567,0.058
153,8.31,6.83,Neck Tattoo,Lavender Dusk Purple,Blue,Nouns Glasses,Headband,Toothy,0.0047,0.0013,0.0027,0.0027,0.0027,0.0073,0.0033,0.0047,0.022,0.0033,0.004,0.0113,0.002,0.0067,0.0107,0.1853,0.03,0.1187,0.0633,0.0393,0.0447
153,7.22,5.36,Neck Tattoo,Lavender Dusk Purple,Blue,Nouns Glasses,Headband,Toothy,0.0047,0.0013,0.0027,0.0027,0.0027,0.0073,0.0033,0.0047,0.022,0.0033,0.004,0.0113,0.002,0.0067,0.0107,0.1853,0.03,0.1187,0.0633,0.0393,0.0447
996,6.9,6.9,Gold Chain,Forest Moss Green,Black - Overweight,White Shades,Afro,Feral,0.006,0.008,0.0133,0.006,0.0047,0.026,0.0133,0.006,0.0067,0.0347,0.008,0.0093,0.012,0.008,0.0027,0.048,0.09,0.1247,0.1773,0.148,0.07
996,8.95,8.95,Gold Chain,Forest Moss Green,Black - Overweight,White Shades,Afro,Feral,0.006,0.008,0.0133,0.006,0.0047,0.026,0.0133,0.006,0.0067,0.0347,0.008,0.0093,0.012,0.008,0.0027,0.048,0.09,0.1247,0.1773,0.148,0.07
531,7.55,6.9,Tie,Lavender Dusk Purple,Lilac,3-D Glasses,Cylinder,Happy,0.0087,0.0053,0.002,0.0047,0.01,0.0053,0.0033,0.0047,0.0213,0.002,0.0013,0.0133,0.0033,0.0107,0.0087,0.226,0.0627,0.1187,0.0433,0.0293,0.0493
531,7.96,7.05,Tie,Lavender Dusk Purple,Lilac,3-D Glasses,Cylinder,Happy,0.0087,0.0053,0.002,0.0047,0.01,0.0053,0.0033,0.0047,0.0213,0.002,0.0013,0.0133,0.0033,0.0107,0.0087,0.226,0.0627,0.1187,0.0433,0.0293,0.0493
531,6.31,4.48,Tie,Lavender Dusk Purple,Lilac,3-D Glasses,Cylinder,Happy,0.0087,0.0053,0.002,0.0047,0.01,0.0053,0.0033,0.0047,0.0213,0.002,0.0013,0.0133,0.0033,0.0107,0.0087,0.226,0.0627,0.1187,0.0433,0.0293,0.0493
531,1.76,1.76,Tie,Lavender Dusk Purple,Lilac,3-D Glasses,Cylinder,Happy,0.0087,0.0053,0.002,0.0047,0.01,0.0053,0.0033,0.0047,0.0213,0.002,0.0013,0.0133,0.0033,0.0107,0.0087,0.226,0.0627,0.1187,0.0433,0.0293,0.0493
1443,6.9,6.9,Bow Tie,Forest Moss Green,Black,Cyclop,Afro,Happy,0.0147,0.022,0.002,0.0067,0.0207,0.032,0.0047,0.006,0.0267,0.0087,0.0193,0.0613,0.002,0.0047,0.0113,0.226,0.0933,0.1247,0.2333,0.0187,0.07
1443,3.2,3.2,Bow Tie,Forest Moss Green,Black,Cyclop,Afro,Happy,0.0147,0.022,0.002,0.0067,0.0207,0.032,0.0047,0.006,0.0267,0.0087,0.0193,0.0613,0.002,0.0047,0.0113,0.226,0.0933,0.1247,0.2333,0.0187,0.07
1443,0.91,0.91,Bow Tie,Forest Moss Green,Black,Cyclop,Afro,Happy,0.0147,0.022,0.002,0.0067,0.0207,0.032,0.0047,0.006,0.0267,0.0087,0.0193,0.0613,0.002,0.0047,0.0113,0.226,0.0933,0.1247,0.2333,0.0187,0.07
1305,6.9,6.9,nan,Rose Quartz Pink,Black - Overweight,White Shades,No Hat,Bubble Gum,0.048,0.08,0.066,0.132,0.0227,0.0187,0.0207,0.0407,0.0047,0.0347,0.0607,0.01,0.0487,0.0087,0.0107,0.05,0.4247,0.116,0.1773,0.148,0.3147
1305,8.22,8.22,nan,Rose Quartz Pink,Black - Overweight,White Shades,No Hat,Bubble Gum,0.048,0.08,0.066,0.132,0.0227,0.0187,0.0207,0.0407,0.0047,0.0347,0.0607,0.01,0.0487,0.0087,0.0107,0.05,0.4247,0.116,0.1773,0.148,0.3147
1305,4.46,4.46,nan,Rose Quartz Pink,Black - Overweight,White Shades,No Hat,Bubble Gum,0.048,0.08,0.066,0.132,0.0227,0.0187,0.0207,0.0407,0.0047,0.0347,0.0607,0.01,0.0487,0.0087,0.0107,0.05,0.4247,0.116,0.1773,0.148,0.3147
1305,3.75,3.75,nan,Rose Quartz Pink,Black - Overweight,White Shades,No Hat,Bubble Gum,0.048,0.08,0.066,0.132,0.0227,0.0187,0.0207,0.0407,0.0047,0.0347,0.0607,0.01,0.0487,0.0087,0.0107,0.05,0.4247,0.116,0.1773,0.148,0.3147
1024,6.96,6.96,nan,Rose Quartz Pink,Black,White Shades,No Hat,Vampire,0.048,0.0873,0.066,0.132,0.026,0.032,0.0207,0.0407,0.0067,0.0327,0.0727,0.0127,0.0487,0.0107,0.0207,0.0593,0.4247,0.116,0.2333,0.148,0.3147
1024,8.15,8.15,nan,Rose Quartz Pink,Black,White Shades,No Hat,Vampire,0.048,0.0873,0.066,0.132,0.026,0.032,0.0207,0.0407,0.0067,0.0327,0.0727,0.0127,0.0487,0.0107,0.0207,0.0593,0.4247,0.116,0.2333,0.148,0.3147
1024,6.89,6.55,nan,Rose Quartz Pink,Black,White Shades,No Hat,Vampire,0.048,0.0873,0.066,0.132,0.026,0.032,0.0207,0.0407,0.0067,0.0327,0.0727,0.0127,0.0487,0.0107,0.0207,0.0593,0.4247,0.116,0.2333,0.148,0.3147
508,6.96,6.96,nan,Sunlit Gold,Black - Overweight,Eye Patch,No Hat,Happy,0.0673,0.08,0.0313,0.132,0.0967,0.032,0.0107,0.044,0.04,0.018,0.0607,0.042,0.0267,0.0173,0.0707,0.226,0.4247,0.15,0.1773,0.08,0.3147
943,6.96,6.96,Tie,Forest Moss Green,Black - Overweight,Normal,No Hat,Feral,0.0073,0.0127,0.0187,0.024,0.0047,0.026,0.034,0.0447,0.0067,0.0393,0.0607,0.0093,0.0747,0.0147,0.0153,0.048,0.0627,0.1247,0.1773,0.2567,0.3147
943,9.06,9.06,Tie,Forest Moss Green,Black - Overweight,Normal,No Hat,Feral,0.0073,0.0127,0.0187,0.024,0.0047,0.026,0.034,0.0447,0.0067,0.0393,0.0607,0.0093,0.0747,0.0147,0.0153,0.048,0.0627,0.1247,0.1773,0.2567,0.3147
300,6.96,6.96,Red Bandana,Lavender Dusk Purple,Black,Eye Patch,Headphones,Toothy,0.0113,0.0253,0.012,0.006,0.0133,0.03,0.0093,0.0067,0.022,0.018,0.01,0.0347,0.0067,0.0167,0.0087,0.1853,0.092,0.1187,0.2333,0.08,0.05
300,3.1,3.1,Red Bandana,Lavender Dusk Purple,Black,Eye Patch,Headphones,Toothy,0.0113,0.0253,0.012,0.006,0.0133,0.03,0.0093,0.0067,0.022,0.018,0.01,0.0347,0.0067,0.0167,0.0087,0.1853,0.092,0.1187,0.2333,0.08,0.05
613,6.96,6.96,Tie,Forest Moss Green,Black - Overweight,Nouns Glasses,No Hat,Drooling,0.0073,0.0127,0.004,0.024,0.0053,0.026,0.0067,0.0447,0.008,0.0047,0.0607,0.0133,0.012,0.0033,0.0253,0.07,0.0627,0.1247,0.1773,0.0393,0.3147
613,3.41,3.41,Tie,Forest Moss Green,Black - Overweight,Nouns Glasses,No Hat,Drooling,0.0073,0.0127,0.004,0.024,0.0053,0.026,0.0067,0.0447,0.008,0.0047,0.0607,0.0133,0.012,0.0033,0.0253,0.07,0.0627,0.1247,0.1773,0.0393,0.3147
1081,6.96,6.96,Tie,Forest Moss Green,Cream,Eye Patch,No Hat,Sad,0.0073,0.0027,0.004,0.024,0.0087,0.0087,0.0107,0.0447,0.0127,0.004,0.0347,0.0093,0.0267,0.0093,0.0387,0.118,0.0627,0.1247,0.0787,0.08,0.3147
1081,7.69,7.69,Tie,Forest Moss Green,Cream,Eye Patch,No Hat,Sad,0.0073,0.0027,0.004,0.024,0.0087,0.0087,0.0107,0.0447,0.0127,0.004,0.0347,0.0093,0.0267,0.0093,0.0387,0.118,0.0627,0.1247,0.0787,0.08,0.3147
1082,6.96,6.96,Gold Chain,Lavender Dusk Purple,Black - Overweight,Red Shades,No Hat,Surprised,0.0093,0.008,0.006,0.0273,0.014,0.0187,0.0093,0.0367,0.0127,0.012,0.0607,0.0213,0.0213,0.0093,0.0407,0.1187,0.09,0.1187,0.1773,0.0687,0.3147
1143,12.56,6.96,nan,Rose Quartz Pink,Lilac,White Shades,Devil Horns,Happy,0.048,0.018,0.066,0.006,0.0967,0.0027,0.0207,0.0013,0.0247,0.0067,0.0007,0.0133,0.0013,0.034,0.0027,0.226,0.4247,0.116,0.0433,0.148,0.0093
615,8.44,6.96,Neck Tattoo,Sunlit Gold,Black - Overweight,Concerned,Headband,Surprised,0.0047,0.0033,0.0007,0.0027,0.0033,0.032,0.002,0.0093,0.018,0.008,0.006,0.0213,0.0033,0.002,0.0053,0.1187,0.03,0.15,0.1773,0.0293,0.0447
615,11.42,7.89,Neck Tattoo,Sunlit Gold,Black - Overweight,Concerned,Headband,Surprised,0.0047,0.0033,0.0007,0.0027,0.0033,0.032,0.002,0.0093,0.018,0.008,0.006,0.0213,0.0033,0.002,0.0053,0.1187,0.03,0.15,0.1773,0.0293,0.0447
615,12.6,8.14,Neck Tattoo,Sunlit Gold,Black - Overweight,Concerned,Headband,Surprised,0.0047,0.0033,0.0007,0.0027,0.0033,0.032,0.002,0.0093,0.018,0.008,0.006,0.0213,0.0033,0.002,0.0053,0.1187,0.03,0.15,0.1773,0.0293,0.0447
211,11.59,7.05,Scarf,Rose Quartz Pink,Sable,Normal,Angel Halo,Happy,0.0167,0.0073,0.0467,0.0013,0.0353,0.008,0.0273,0.002,0.0247,0.0193,0.0013,0.012,0.002,0.0553,0.0033,0.226,0.1393,0.116,0.0633,0.2567,0.01
211,3.7,2.71,Scarf,Rose Quartz Pink,Sable,Normal,Angel Halo,Happy,0.0167,0.0073,0.0467,0.0013,0.0353,0.008,0.0273,0.002,0.0247,0.0193,0.0013,0.012,0.002,0.0553,0.0033,0.226,0.1393,0.116,0.0633,0.2567,0.01
1280,7.21,7.05,nan,Stormcloud Grey,Black,Red Round Shades,Afro,Panting,0.0467,0.0873,0.0233,0.034,0.0193,0.0287,0.0053,0.0087,0.01,0.0107,0.0193,0.0127,0.002,0.008,0.0027,0.048,0.4247,0.1187,0.2333,0.0587,0.07
1067,7.05,7.05,nan,Sunlit Gold,Black - Overweight,White Shades,No Hat,Toothy,0.0673,0.08,0.066,0.132,0.074,0.032,0.026,0.044,0.0293,0.0347,0.0607,0.0373,0.0487,0.03,0.0533,0.1853,0.4247,0.15,0.1773,0.148,0.3147
1067,9.01,8.99,nan,Sunlit Gold,Black - Overweight,White Shades,No Hat,Toothy,0.0673,0.08,0.066,0.132,0.074,0.032,0.026,0.044,0.0293,0.0347,0.0607,0.0373,0.0487,0.03,0.0533,0.1853,0.4247,0.15,0.1773,0.148,0.3147
1067,3.36,3.36,nan,Sunlit Gold,Black - Overweight,White Shades,No Hat,Toothy,0.0673,0.08,0.066,0.132,0.074,0.032,0.026,0.044,0.0293,0.0347,0.0607,0.0373,0.0487,0.03,0.0533,0.1853,0.4247,0.15,0.1773,0.148,0.3147
1067,4.75,4.75,nan,Sunlit Gold,Black - Overweight,White Shades,No Hat,Toothy,0.0673,0.08,0.066,0.132,0.074,0.032,0.026,0.044,0.0293,0.0347,0.0607,0.0373,0.0487,0.03,0.0533,0.1853,0.4247,0.15,0.1773,0.148,0.3147
910,9.72,7.05,Sickle,Rose Quartz Pink,Tan - Overweight,Normal,No Hat,Happy,0.002,0.0013,0.0027,0.002,0.002,0.008,0.0273,0.0407,0.0247,0.016,0.016,0.016,0.0747,0.0553,0.0707,0.226,0.01,0.116,0.0727,0.2567,0.3147
1249,7.05,7.05,Gold Chain,Rose Quartz Pink,Tan,Concerned,Afro,Toothy,0.01,0.0113,0.004,0.006,0.018,0.018,0.0033,0.01,0.022,0.0027,0.014,0.032,0.0013,0.0047,0.0153,0.1853,0.09,0.116,0.1553,0.0293,0.07
1249,7.7,7.7,Gold Chain,Rose Quartz Pink,Tan,Concerned,Afro,Toothy,0.01,0.0113,0.004,0.006,0.018,0.018,0.0033,0.01,0.022,0.0027,0.014,0.032,0.0013,0.0047,0.0153,0.1853,0.09,0.116,0.1553,0.0293,0.07
1249,8.19,8.19,Gold Chain,Rose Quartz Pink,Tan,Concerned,Afro,Toothy,0.01,0.0113,0.004,0.006,0.018,0.018,0.0033,0.01,0.022,0.0027,0.014,0.032,0.0013,0.0047,0.0153,0.1853,0.09,0.116,0.1553,0.0293,0.07
1249,8.03,8.03,Gold Chain,Rose Quartz Pink,Tan,Concerned,Afro,Toothy,0.01,0.0113,0.004,0.006,0.018,0.018,0.0033,0.01,0.022,0.0027,0.014,0.032,0.0013,0.0047,0.0153,0.1853,0.09,0.116,0.1553,0.0293,0.07
1249,5.36,5.36,Gold Chain,Rose Quartz Pink,Tan,Concerned,Afro,Toothy,0.01,0.0113,0.004,0.006,0.018,0.018,0.0033,0.01,0.022,0.0027,0.014,0.032,0.0013,0.0047,0.0153,0.1853,0.09,0.116,0.1553,0.0293,0.07
630,7.05,7.05,Bow Tie,Sunlit Gold,Tan,Normal,No Hat,Toothy,0.0133,0.018,0.02,0.0307,0.018,0.0267,0.0427,0.044,0.0293,0.038,0.048,0.032,0.0747,0.0513,0.0533,0.1853,0.0933,0.15,0.1553,0.2567,0.3147
630,3.83,3.83,Bow Tie,Sunlit Gold,Tan,Normal,No Hat,Toothy,0.0133,0.018,0.02,0.0307,0.018,0.0267,0.0427,0.044,0.0293,0.038,0.048,0.032,0.0747,0.0513,0.0533,0.1853,0.0933,0.15,0.1553,0.2567,0.3147
1298,7.17,7.05,Wings,Sunlit Gold,Black,White Round Shades,Sobrero,Sad,0.0053,0.0033,0.0027,0.002,0.0027,0.0313,0.0147,0.0073,0.014,0.024,0.018,0.0247,0.0073,0.012,0.0067,0.118,0.0193,0.15,0.2333,0.0987,0.06
1298,5.36,5.36,Wings,Sunlit Gold,Black,White Round Shades,Sobrero,Sad,0.0053,0.0033,0.0027,0.002,0.0027,0.0313,0.0147,0.0073,0.014,0.024,0.018,0.0247,0.0073,0.012,0.0067,0.118,0.0193,0.15,0.2333,0.0987,0.06
299,7.07,7.05,nan,Rose Quartz Pink,Tan - Overweight,Normal,Afro,Bubble Gum,0.048,0.0313,0.102,0.034,0.0227,0.008,0.0273,0.01,0.0047,0.016,0.0067,0.002,0.0173,0.0113,0.0047,0.05,0.4247,0.116,0.0727,0.2567,0.07
1415,7.67,7.05,Bow Tie,Midnight Sapphire Blue,Tan,Red Shades,Headphones,Mustache,0.0067,0.018,0.0073,0.0047,0.004,0.0167,0.0073,0.0053,0.0133,0.0093,0.0087,0.012,0.0027,0.0053,0.0053,0.0767,0.0933,0.1167,0.1553,0.0687,0.05
1104,7.18,7.18,nan,Lavender Dusk Purple,Black - Overweight,Normal,No Hat,Toothy,0.0507,0.08,0.102,0.132,0.074,0.0187,0.0353,0.0367,0.022,0.0393,0.0607,0.0373,0.0747,0.0513,0.0533,0.1853,0.4247,0.1187,0.1773,0.2567,0.3147
1286,7.18,7.18,Scarf,Forest Moss Green,Black,Drowsy,Slickback,Bubble Gum,0.0233,0.0347,0.0073,0.0093,0.0073,0.032,0.004,0.0053,0.0093,0.0087,0.0147,0.012,0.002,0.0013,0.0013,0.05,0.1393,0.1247,0.2333,0.0407,0.0493
1286,7.59,7.59,Scarf,Forest Moss Green,Black,Drowsy,Slickback,Bubble Gum,0.0233,0.0347,0.0073,0.0093,0.0073,0.032,0.004,0.0053,0.0093,0.0087,0.0147,0.012,0.002,0.0013,0.0013,0.05,0.1393,0.1247,0.2333,0.0407,0.0493
1286,3.85,3.85,Scarf,Forest Moss Green,Black,Drowsy,Slickback,Bubble Gum,0.0233,0.0347,0.0073,0.0093,0.0073,0.032,0.004,0.0053,0.0093,0.0087,0.0147,0.012,0.002,0.0013,0.0013,0.05,0.1393,0.1247,0.2333,0.0407,0.0493
53,7.18,7.18,Gold Chain,Rose Quartz Pink,Black,White Shades,Pirate,Panting,0.01,0.0267,0.0133,0.0073,0.0053,0.032,0.0207,0.006,0.0053,0.0327,0.0147,0.0127,0.008,0.0087,0.0033,0.048,0.09,0.116,0.2333,0.148,0.06
469,9.94,7.18,Bow Tie,Midnight Sapphire Blue,Tan,White Round Shades,Angel Halo,Sad,0.0067,0.018,0.0113,0.002,0.0127,0.0167,0.0127,0.0007,0.0153,0.0207,0.0027,0.0167,0.0033,0.012,0.002,0.118,0.0933,0.1167,0.1553,0.0987,0.01
332,7.18,7.18,Samurai Sword,Midnight Sapphire Blue,Black - Overweight,Red Round Shades,No Hat,Surprised,0.0027,0.0027,0.0013,0.0047,0.0033,0.0173,0.0053,0.0367,0.0133,0.01,0.0607,0.0213,0.0247,0.0087,0.0407,0.1187,0.0187,0.1167,0.1773,0.0587,0.3147
332,3.56,3.56,Samurai Sword,Midnight Sapphire Blue,Black - Overweight,Red Round Shades,No Hat,Surprised,0.0027,0.0027,0.0013,0.0047,0.0033,0.0173,0.0053,0.0367,0.0133,0.01,0.0607,0.0213,0.0247,0.0087,0.0407,0.1187,0.0187,0.1167,0.1773,0.0587,0.3147
649,7.18,7.18,nan,Sunlit Gold,Cream,Red Round Shades,No Hat,Surprised,0.0673,0.0327,0.0233,0.132,0.056,0.0127,0.0053,0.044,0.018,0.004,0.0347,0.0133,0.0247,0.0087,0.0407,0.1187,0.4247,0.15,0.0787,0.0587,0.3147
649,3.82,3.82,nan,Sunlit Gold,Cream,Red Round Shades,No Hat,Surprised,0.0673,0.0327,0.0233,0.132,0.056,0.0127,0.0053,0.044,0.018,0.004,0.0347,0.0133,0.0247,0.0087,0.0407,0.1187,0.4247,0.15,0.0787,0.0587,0.3147
98,7.18,7.18,nan,Sunlit Gold,Tan,Cyclop,Afro,Sad,0.0673,0.066,0.0067,0.034,0.0447,0.0267,0.0007,0.0133,0.014,0.002,0.014,0.0167,0.002,0.004,0.006,0.118,0.4247,0.15,0.1553,0.0187,0.07
98,7.03,7.03,nan,Sunlit Gold,Tan,Cyclop,Afro,Sad,0.0673,0.066,0.0067,0.034,0.0447,0.0267,0.0007,0.0133,0.014,0.002,0.014,0.0167,0.002,0.004,0.006,0.118,0.4247,0.15,0.1553,0.0187,0.07
1229,7.3,7.18,nan,Midnight Sapphire Blue,Tan,Eye Patch,No Hat,Happy,0.0567,0.066,0.0313,0.132,0.0967,0.0167,0.0107,0.0367,0.0253,0.0113,0.048,0.028,0.0267,0.0173,0.0707,0.226,0.4247,0.1167,0.1553,0.08,0.3147
1229,7.59,7.59,nan,Midnight Sapphire Blue,Tan,Eye Patch,No Hat,Happy,0.0567,0.066,0.0313,0.132,0.0967,0.0167,0.0107,0.0367,0.0253,0.0113,0.048,0.028,0.0267,0.0173,0.0707,0.226,0.4247,0.1167,0.1553,0.08,0.3147
41,7.18,7.18,Scarf,Rose Quartz Pink,Chocolate,Normal,No Hat,Sad,0.0167,0.004,0.0467,0.0473,0.0187,0.0053,0.0273,0.0407,0.012,0.0113,0.0113,0.0073,0.0747,0.0293,0.0387,0.118,0.1393,0.116,0.0433,0.2567,0.3147
41,7.18,7.18,Scarf,Rose Quartz Pink,Chocolate,Normal,No Hat,Sad,0.0167,0.004,0.0467,0.0473,0.0187,0.0053,0.0273,0.0407,0.012,0.0113,0.0113,0.0073,0.0747,0.0293,0.0387,0.118,0.1393,0.116,0.0433,0.2567,0.3147
41,7.03,7.03,Scarf,Rose Quartz Pink,Chocolate,Normal,No Hat,Sad,0.0167,0.004,0.0467,0.0473,0.0187,0.0053,0.0273,0.0407,0.012,0.0113,0.0113,0.0073,0.0747,0.0293,0.0387,0.118,0.1393,0.116,0.0433,0.2567,0.3147
556,7.18,7.18,Scarf,Forest Moss Green,Black - Overweight,Normal,Elvis,Happy,0.0233,0.0273,0.0467,0.006,0.0353,0.026,0.034,0.0107,0.0267,0.0393,0.0127,0.042,0.0167,0.0553,0.0207,0.226,0.1393,0.1247,0.1773,0.2567,0.07
556,2.71,2.71,Scarf,Forest Moss Green,Black - Overweight,Normal,Elvis,Happy,0.0233,0.0273,0.0467,0.006,0.0353,0.026,0.034,0.0107,0.0267,0.0393,0.0127,0.042,0.0167,0.0553,0.0207,0.226,0.1393,0.1247,0.1773,0.2567,0.07
1490,7.18,7.18,Bow Tie,Lavender Dusk Purple,Black,White Shades,Slickback,Drooling,0.01,0.022,0.0153,0.0067,0.0067,0.03,0.014,0.006,0.0087,0.0327,0.0147,0.02,0.004,0.0067,0.004,0.07,0.0933,0.1187,0.2333,0.148,0.0493
1490,8.23,8.23,Bow Tie,Lavender Dusk Purple,Black,White Shades,Slickback,Drooling,0.01,0.022,0.0153,0.0067,0.0067,0.03,0.014,0.006,0.0087,0.0327,0.0147,0.02,0.004,0.0067,0.004,0.07,0.0933,0.1187,0.2333,0.148,0.0493
1490,4.16,4.16,Bow Tie,Lavender Dusk Purple,Black,White Shades,Slickback,Drooling,0.01,0.022,0.0153,0.0067,0.0067,0.03,0.014,0.006,0.0087,0.0327,0.0147,0.02,0.004,0.0067,0.004,0.07,0.0933,0.1187,0.2333,0.148,0.0493
957,7.18,7.18,Scarf,Seashell Pink,Sable,Red Shades,No Hat,Happy,0.022,0.0073,0.0067,0.0473,0.0353,0.006,0.0067,0.0373,0.0307,0.0047,0.014,0.012,0.0213,0.016,0.0707,0.226,0.1393,0.118,0.0633,0.0687,0.3147
957,3.44,3.44,Scarf,Seashell Pink,Sable,Red Shades,No Hat,Happy,0.022,0.0073,0.0067,0.0473,0.0353,0.006,0.0067,0.0373,0.0307,0.0047,0.014,0.012,0.0213,0.016,0.0707,0.226,0.1393,0.118,0.0633,0.0687,0.3147
987,7.18,7.18,nan,Seashell Pink,Black,Normal,Slickback,Mustache,0.046,0.0873,0.102,0.016,0.0347,0.0253,0.0307,0.004,0.0073,0.0613,0.0147,0.0213,0.018,0.022,0.0033,0.0767,0.4247,0.118,0.2333,0.2567,0.0493
987,8.22,8.22,nan,Seashell Pink,Black,Normal,Slickback,Mustache,0.046,0.0873,0.102,0.016,0.0347,0.0253,0.0307,0.004,0.0073,0.0613,0.0147,0.0213,0.018,0.022,0.0033,0.0767,0.4247,0.118,0.2333,0.2567,0.0493
987,7.59,7.59,nan,Seashell Pink,Black,Normal,Slickback,Mustache,0.046,0.0873,0.102,0.016,0.0347,0.0253,0.0307,0.004,0.0073,0.0613,0.0147,0.0213,0.018,0.022,0.0033,0.0767,0.4247,0.118,0.2333,0.2567,0.0493
196,7.18,7.18,Tie,Midnight Sapphire Blue,Lilac,Red Round Shades,Pirate,Feral,0.0073,0.0053,0.006,0.0033,0.0047,0.0053,0.0053,0.0093,0.0053,0.0027,0.0027,0.0033,0.004,0.0033,0.0033,0.048,0.0627,0.1167,0.0433,0.0587,0.06
196,7.51,7.51,Tie,Midnight Sapphire Blue,Lilac,Red Round Shades,Pirate,Feral,0.0073,0.0053,0.006,0.0033,0.0047,0.0053,0.0053,0.0093,0.0053,0.0027,0.0027,0.0033,0.004,0.0033,0.0033,0.048,0.0627,0.1167,0.0433,0.0587,0.06
196,8.67,8.67,Tie,Midnight Sapphire Blue,Lilac,Red Round Shades,Pirate,Feral,0.0073,0.0053,0.006,0.0033,0.0047,0.0053,0.0053,0.0093,0.0053,0.0027,0.0027,0.0033,0.004,0.0033,0.0033,0.048,0.0627,0.1167,0.0433,0.0587,0.06
196,3.36,3.36,Tie,Midnight Sapphire Blue,Lilac,Red Round Shades,Pirate,Feral,0.0073,0.0053,0.006,0.0033,0.0047,0.0053,0.0053,0.0093,0.0053,0.0027,0.0027,0.0033,0.004,0.0033,0.0033,0.048,0.0627,0.1167,0.0433,0.0587,0.06
1052,9.82,7.18,Scarf,Seashell Pink,Black - Overweight,Normal,Angel Halo,Toothy,0.022,0.0273,0.0467,0.0013,0.0367,0.0253,0.0307,0.0027,0.0247,0.0393,0.0013,0.0373,0.002,0.0513,0.0027,0.1853,0.1393,0.118,0.1773,0.2567,0.01
923,12.81,7.18,nan,Rose Quartz Pink,Cream,Normal,Beret,Surprised,0.048,0.0327,0.102,0.0047,0.056,0.0093,0.0273,0.0007,0.0173,0.0227,0.0007,0.0133,0.0007,0.03,0.004,0.1187,0.4247,0.116,0.0787,0.2567,0.0093
1023,29.03,7.18,Sickle,Outer Space,Black - Overweight,Nouns Glasses,Afro,Mustache,0.0007,0.002,0.0007,0.0013,0.0013,0.0027,0.0007,0.0007,0.0013,0.0047,0.008,0.0127,0.002,0.0067,0.01,0.0767,0.01,0.0093,0.1773,0.0393,0.07
1023,37.71,7.91,Sickle,Outer Space,Black - Overweight,Nouns Glasses,Afro,Mustache,0.0007,0.002,0.0007,0.0013,0.0013,0.0027,0.0007,0.0007,0.0013,0.0047,0.008,0.0127,0.002,0.0067,0.01,0.0767,0.01,0.0093,0.1773,0.0393,0.07
1023,34.57,7.89,Sickle,Outer Space,Black - Overweight,Nouns Glasses,Afro,Mustache,0.0007,0.002,0.0007,0.0013,0.0013,0.0027,0.0007,0.0007,0.0013,0.0047,0.008,0.0127,0.002,0.0067,0.01,0.0767,0.01,0.0093,0.1773,0.0393,0.07
863,7.18,7.18,nan,Sunlit Gold,Black,Normal,No Hat,Mustache,0.0673,0.0873,0.102,0.132,0.0347,0.0313,0.0427,0.044,0.0113,0.0613,0.0727,0.0213,0.0747,0.022,0.022,0.0767,0.4247,0.15,0.2333,0.2567,0.3147
1237,7.18,7.18,Scarf,Lavender Dusk Purple,White,Goggles,Headphones,Sad,0.0173,0.0087,0.004,0.0067,0.0187,0.008,0.0047,0.0067,0.0147,0.0033,0.0027,0.0067,0.0047,0.0073,0.0093,0.118,0.1393,0.1187,0.0593,0.0573,0.05
1237,4.7,4.7,Scarf,Lavender Dusk Purple,White,Goggles,Headphones,Sad,0.0173,0.0087,0.004,0.0067,0.0187,0.008,0.0047,0.0067,0.0147,0.0033,0.0027,0.0067,0.0047,0.0073,0.0093,0.118,0.1393,0.1187,0.0593,0.0573,0.05
1237,3.72,3.72,Scarf,Lavender Dusk Purple,White,Goggles,Headphones,Sad,0.0173,0.0087,0.004,0.0067,0.0187,0.008,0.0047,0.0067,0.0147,0.0033,0.0027,0.0067,0.0047,0.0073,0.0093,0.118,0.1393,0.1187,0.0593,0.0573,0.05
1445,7.18,7.18,nan,Rose Quartz Pink,Tan - Overweight,Drowsy,Headphones,Surprised,0.048,0.0313,0.0233,0.022,0.056,0.008,0.006,0.006,0.0173,0.002,0.004,0.0067,0.0027,0.0047,0.0033,0.1187,0.4247,0.116,0.0727,0.0407,0.05
1445,7.22,7.22,nan,Rose Quartz Pink,Tan - Overweight,Drowsy,Headphones,Surprised,0.048,0.0313,0.0233,0.022,0.056,0.008,0.006,0.006,0.0173,0.002,0.004,0.0067,0.0027,0.0047,0.0033,0.1187,0.4247,0.116,0.0727,0.0407,0.05
1381,7.18,7.18,Gold Chain,Sunlit Gold,Black - Overweight,Eye Patch,No Hat,Happy,0.0133,0.008,0.0073,0.0273,0.0147,0.032,0.0107,0.044,0.04,0.018,0.0607,0.042,0.0267,0.0173,0.0707,0.226,0.09,0.15,0.1773,0.08,0.3147
1381,8.83,8.83,Gold Chain,Sunlit Gold,Black - Overweight,Eye Patch,No Hat,Happy,0.0133,0.008,0.0073,0.0273,0.0147,0.032,0.0107,0.044,0.04,0.018,0.0607,0.042,0.0267,0.0173,0.0707,0.226,0.09,0.15,0.1773,0.08,0.3147
1381,3.82,3.82,Gold Chain,Sunlit Gold,Black - Overweight,Eye Patch,No Hat,Happy,0.0133,0.008,0.0073,0.0273,0.0147,0.032,0.0107,0.044,0.04,0.018,0.0607,0.042,0.0267,0.0173,0.0707,0.226,0.09,0.15,0.1773,0.08,0.3147
1381,0.94,0.94,Gold Chain,Sunlit Gold,Black - Overweight,Eye Patch,No Hat,Happy,0.0133,0.008,0.0073,0.0273,0.0147,0.032,0.0107,0.044,0.04,0.018,0.0607,0.042,0.0267,0.0173,0.0707,0.226,0.09,0.15,0.1773,0.08,0.3147
1326,6.99,6.99,Bow Tie,Rose Quartz Pink,Tan,Eye Patch,No Hat,Bubble Gum,0.0093,0.018,0.0093,0.0307,0.004,0.018,0.014,0.0407,0.0047,0.0113,0.048,0.008,0.0267,0.0053,0.0107,0.05,0.0933,0.116,0.1553,0.08,0.3147
1326,7.01,6.55,Bow Tie,Rose Quartz Pink,Tan,Eye Patch,No Hat,Bubble Gum,0.0093,0.018,0.0093,0.0307,0.004,0.018,0.014,0.0407,0.0047,0.0113,0.048,0.008,0.0267,0.0053,0.0107,0.05,0.0933,0.116,0.1553,0.08,0.3147
455,6.99,6.99,Gold Chain,Seashell Pink,Tan - Overweight,Nouns Glasses,Slickback,Happy,0.0113,0.0067,0.0033,0.0033,0.0147,0.008,0.004,0.004,0.0307,0.0033,0.0047,0.016,0.0047,0.008,0.0073,0.226,0.09,0.118,0.0727,0.0393,0.0493
455,4.14,4.14,Gold Chain,Seashell Pink,Tan - Overweight,Nouns Glasses,Slickback,Happy,0.0113,0.0067,0.0033,0.0033,0.0147,0.008,0.004,0.004,0.0307,0.0033,0.0047,0.016,0.0047,0.008,0.0073,0.226,0.09,0.118,0.0727,0.0393,0.0493
999,7.0,7.0,nan,Midnight Sapphire Blue,Tan - Overweight,Normal,Party Hat,Feral,0.0567,0.0313,0.102,0.0247,0.0187,0.0093,0.03,0.0073,0.0053,0.016,0.0033,0.004,0.0127,0.0147,0.004,0.048,0.4247,0.1167,0.0727,0.2567,0.05
1029,7.0,7.0,nan,Seashell Pink,Black - Overweight,White Round Shades,Cylinder,Happy,0.046,0.08,0.0427,0.0193,0.0967,0.0253,0.01,0.004,0.0307,0.012,0.0067,0.042,0.004,0.0207,0.0087,0.226,0.4247,0.118,0.1773,0.0987,0.0493
341,7.0,7.0,Gold Chain,Sunlit Gold,Blue,White Round Shades,Elvis,Happy,0.0133,0.0053,0.0073,0.012,0.0147,0.0067,0.0147,0.0073,0.04,0.0107,0.0033,0.012,0.008,0.0207,0.0207,0.226,0.09,0.15,0.0633,0.0987,0.07
341,5.62,5.45,Gold Chain,Sunlit Gold,Blue,White Round Shades,Elvis,Happy,0.0133,0.0053,0.0073,0.012,0.0147,0.0067,0.0147,0.0073,0.04,0.0107,0.0033,0.012,0.008,0.0207,0.0207,0.226,0.09,0.15,0.0633,0.0987,0.07
1245,27.97,7.0,Scarf,Seashell Pink,Black - Overweight,Laser Eyes,Devil Horns,Happy,0.022,0.0273,0.0033,0.0007,0.0353,0.0253,0.0027,0.0007,0.0307,0.0053,0.002,0.042,0.0013,0.004,0.0027,0.226,0.1393,0.118,0.1773,0.0167,0.0093
1089,8.49,7.22,Tie,Stormcloud Grey,White,White Round Shades,Cylinder,Vampire,0.0133,0.002,0.0047,0.0047,0.0047,0.0107,0.016,0.006,0.0093,0.0053,0.0013,0.0073,0.004,0.0047,0.0047,0.0593,0.0627,0.1187,0.0593,0.0987,0.0493
1089,4.14,4.14,Tie,Stormcloud Grey,White,White Round Shades,Cylinder,Vampire,0.0133,0.002,0.0047,0.0047,0.0047,0.0107,0.016,0.006,0.0093,0.0053,0.0013,0.0073,0.004,0.0047,0.0047,0.0593,0.0627,0.1187,0.0593,0.0987,0.0493
1441,7.22,7.22,Tie,Stormcloud Grey,White,Concerned,Sobrero,Toothy,0.0133,0.002,0.002,0.0053,0.0107,0.0107,0.0033,0.0093,0.0193,0.002,0.0047,0.0093,0.002,0.0047,0.0133,0.1853,0.0627,0.1187,0.0593,0.0293,0.06
1441,6.55,6.55,Tie,Stormcloud Grey,White,Concerned,Sobrero,Toothy,0.0133,0.002,0.002,0.0053,0.0107,0.0107,0.0033,0.0093,0.0193,0.002,0.0047,0.0093,0.002,0.0047,0.0133,0.1853,0.0627,0.1187,0.0593,0.0293,0.06
890,7.22,7.22,Red Bandana,Rose Quartz Pink,Blue,Red Round Shades,Headband,Happy,0.0113,0.0053,0.006,0.0047,0.0267,0.0093,0.0107,0.0033,0.0247,0.004,0.004,0.012,0.0027,0.0073,0.0113,0.226,0.092,0.116,0.0633,0.0587,0.0447
890,7.22,7.22,Red Bandana,Rose Quartz Pink,Blue,Red Round Shades,Headband,Happy,0.0113,0.0053,0.006,0.0047,0.0267,0.0093,0.0107,0.0033,0.0247,0.004,0.004,0.012,0.0027,0.0073,0.0113,0.226,0.092,0.116,0.0633,0.0587,0.0447
890,8.95,8.95,Red Bandana,Rose Quartz Pink,Blue,Red Round Shades,Headband,Happy,0.0113,0.0053,0.006,0.0047,0.0267,0.0093,0.0107,0.0033,0.0247,0.004,0.004,0.012,0.0027,0.0073,0.0113,0.226,0.092,0.116,0.0633,0.0587,0.0447
578,9.7,7.22,Bow Tie,Spiced Orange,Black,VR Headset,Pirate,Panting,0.0133,0.022,0.0013,0.0047,0.0053,0.0267,0.0027,0.006,0.0053,0.0047,0.0147,0.0127,0.0013,0.0007,0.0033,0.048,0.0933,0.118,0.2333,0.0193,0.06
578,10.98,7.59,Bow Tie,Spiced Orange,Black,VR Headset,Pirate,Panting,0.0133,0.022,0.0013,0.0047,0.0053,0.0267,0.0027,0.006,0.0053,0.0047,0.0147,0.0127,0.0013,0.0007,0.0033,0.048,0.0933,0.118,0.2333,0.0193,0.06
578,11.22,9.02,Bow Tie,Spiced Orange,Black,VR Headset,Pirate,Panting,0.0133,0.022,0.0013,0.0047,0.0053,0.0267,0.0027,0.006,0.0053,0.0047,0.0147,0.0127,0.0013,0.0007,0.0033,0.048,0.0933,0.118,0.2333,0.0193,0.06
1486,7.22,7.22,Scarf,Forest Moss Green,Black - Overweight,Normal,Cowboy,Toothy,0.0233,0.0273,0.0467,0.0073,0.0367,0.026,0.034,0.006,0.0253,0.0393,0.0147,0.0373,0.0167,0.0513,0.0093,0.1853,0.1393,0.1247,0.1773,0.2567,0.058
1486,8.05,8.05,Scarf,Forest Moss Green,Black - Overweight,Normal,Cowboy,Toothy,0.0233,0.0273,0.0467,0.0073,0.0367,0.026,0.034,0.006,0.0253,0.0393,0.0147,0.0373,0.0167,0.0513,0.0093,0.1853,0.1393,0.1247,0.1773,0.2567,0.058
155,13.2,7.22,Sickle,Spiced Orange,Black,White Round Shades,Sobrero,Toothy,0.0013,0.002,0.002,0.0033,0.0013,0.0267,0.018,0.0053,0.02,0.024,0.018,0.0347,0.0073,0.0147,0.0133,0.1853,0.01,0.118,0.2333,0.0987,0.06
155,17.89,8.95,Sickle,Spiced Orange,Black,White Round Shades,Sobrero,Toothy,0.0013,0.002,0.002,0.0033,0.0013,0.0267,0.018,0.0053,0.02,0.024,0.018,0.0347,0.0073,0.0147,0.0133,0.1853,0.01,0.118,0.2333,0.0987,0.06
1492,7.22,7.22,nan,Lavender Dusk Purple,Tan,White Shades,Afro,Bubble Gum,0.0507,0.066,0.066,0.034,0.0227,0.018,0.014,0.006,0.0073,0.0207,0.014,0.008,0.012,0.0087,0.0047,0.05,0.4247,0.1187,0.1553,0.148,0.07
1492,5.36,5.36,nan,Lavender Dusk Purple,Tan,White Shades,Afro,Bubble Gum,0.0507,0.066,0.066,0.034,0.0227,0.018,0.014,0.006,0.0073,0.0207,0.014,0.008,0.012,0.0087,0.0047,0.05,0.4247,0.1187,0.1553,0.148,0.07
1125,7.77,7.03,Red Bandana,Stormcloud Grey,Tan,Eye Patch,Afro,Happy,0.01,0.0127,0.012,0.0067,0.0267,0.0167,0.0087,0.0087,0.022,0.0113,0.014,0.028,0.006,0.0173,0.0113,0.226,0.092,0.1187,0.1553,0.08,0.07
1125,6.87,6.55,Red Bandana,Stormcloud Grey,Tan,Eye Patch,Afro,Happy,0.01,0.0127,0.012,0.0067,0.0267,0.0167,0.0087,0.0087,0.022,0.0113,0.014,0.028,0.006,0.0173,0.0113,0.226,0.092,0.1187,0.1553,0.08,0.07
429,7.03,7.03,nan,Stormcloud Grey,Black,Normal,Headband,Happy,0.0467,0.0873,0.102,0.016,0.0967,0.0287,0.0287,0.0047,0.022,0.0613,0.0087,0.0613,0.0127,0.0553,0.0113,0.226,0.4247,0.1187,0.2333,0.2567,0.0447
429,5.36,5.36,nan,Stormcloud Grey,Black,Normal,Headband,Happy,0.0467,0.0873,0.102,0.016,0.0967,0.0287,0.0287,0.0047,0.022,0.0613,0.0087,0.0613,0.0127,0.0553,0.0113,0.226,0.4247,0.1187,0.2333,0.2567,0.0447
429,5.32,5.32,nan,Stormcloud Grey,Black,Normal,Headband,Happy,0.0467,0.0873,0.102,0.016,0.0967,0.0287,0.0287,0.0047,0.022,0.0613,0.0087,0.0613,0.0127,0.0553,0.0113,0.226,0.4247,0.1187,0.2333,0.2567,0.0447
429,4.92,4.92,nan,Stormcloud Grey,Black,Normal,Headband,Happy,0.0467,0.0873,0.102,0.016,0.0967,0.0287,0.0287,0.0047,0.022,0.0613,0.0087,0.0613,0.0127,0.0553,0.0113,0.226,0.4247,0.1187,0.2333,0.2567,0.0447
429,2.64,2.64,nan,Stormcloud Grey,Black,Normal,Headband,Happy,0.0467,0.0873,0.102,0.016,0.0967,0.0287,0.0287,0.0047,0.022,0.0613,0.0087,0.0613,0.0127,0.0553,0.0113,0.226,0.4247,0.1187,0.2333,0.2567,0.0447
398,7.03,7.03,nan,Stormcloud Grey,Black - Overweight,Nouns Glasses,Wizard,Toothy,0.0467,0.08,0.018,0.0093,0.074,0.018,0.0047,0.0027,0.0193,0.0047,0.004,0.0373,0.0013,0.0067,0.0033,0.1853,0.4247,0.1187,0.1773,0.0393,0.02
806,7.03,7.03,nan,Midnight Sapphire Blue,Black,Red Shades,No Hat,Surprised,0.0567,0.0873,0.0293,0.132,0.056,0.0233,0.0073,0.0367,0.0133,0.016,0.0727,0.0267,0.0213,0.0093,0.0407,0.1187,0.4247,0.1167,0.2333,0.0687,0.3147
806,7.7,7.7,nan,Midnight Sapphire Blue,Black,Red Shades,No Hat,Surprised,0.0567,0.0873,0.0293,0.132,0.056,0.0233,0.0073,0.0367,0.0133,0.016,0.0727,0.0267,0.0213,0.0093,0.0407,0.1187,0.4247,0.1167,0.2333,0.0687,0.3147
449,7.03,7.03,Bow Tie,Forest Moss Green,Blue,Goggles,No Hat,Toothy,0.0147,0.008,0.008,0.0307,0.018,0.0093,0.008,0.0447,0.0253,0.0033,0.0207,0.0113,0.0167,0.012,0.0533,0.1853,0.0933,0.1247,0.0633,0.0573,0.3147
449,7.79,7.79,Bow Tie,Forest Moss Green,Blue,Goggles,No Hat,Toothy,0.0147,0.008,0.008,0.0307,0.018,0.0093,0.008,0.0447,0.0253,0.0033,0.0207,0.0113,0.0167,0.012,0.0533,0.1853,0.0933,0.1247,0.0633,0.0573,0.3147
103,7.8,7.03,Wings,Stormcloud Grey,Cream,Red Shades,Cowboy,Happy,0.002,0.0033,0.0013,0.0013,0.0067,0.0107,0.008,0.0047,0.022,0.0067,0.0067,0.018,0.0073,0.016,0.0127,0.226,0.0193,0.1187,0.0787,0.0687,0.058
103,9.95,8.14,Wings,Stormcloud Grey,Cream,Red Shades,Cowboy,Happy,0.002,0.0033,0.0013,0.0013,0.0067,0.0107,0.008,0.0047,0.022,0.0067,0.0067,0.018,0.0073,0.016,0.0127,0.226,0.0193,0.1187,0.0787,0.0687,0.058
103,10.69,9.53,Wings,Stormcloud Grey,Cream,Red Shades,Cowboy,Happy,0.002,0.0033,0.0013,0.0013,0.0067,0.0107,0.008,0.0047,0.022,0.0067,0.0067,0.018,0.0073,0.016,0.0127,0.226,0.0193,0.1187,0.0787,0.0687,0.058
103,4.66,4.15,Wings,Stormcloud Grey,Cream,Red Shades,Cowboy,Happy,0.002,0.0033,0.0013,0.0013,0.0067,0.0107,0.008,0.0047,0.022,0.0067,0.0067,0.018,0.0073,0.016,0.0127,0.226,0.0193,0.1187,0.0787,0.0687,0.058
1001,7.03,7.03,Neck Tattoo,Sunlit Gold,Lilac,White Shades,Sobrero,Happy,0.0047,0.002,0.0047,0.0013,0.006,0.0087,0.026,0.0073,0.04,0.0067,0.004,0.0133,0.01,0.034,0.0173,0.226,0.03,0.15,0.0433,0.148,0.06
1001,9.15,9.15,Neck Tattoo,Sunlit Gold,Lilac,White Shades,Sobrero,Happy,0.0047,0.002,0.0047,0.0013,0.006,0.0087,0.026,0.0073,0.04,0.0067,0.004,0.0133,0.01,0.034,0.0173,0.226,0.03,0.15,0.0433,0.148,0.06
1001,9.15,9.15,Neck Tattoo,Sunlit Gold,Lilac,White Shades,Sobrero,Happy,0.0047,0.002,0.0047,0.0013,0.006,0.0087,0.026,0.0073,0.04,0.0067,0.004,0.0133,0.01,0.034,0.0173,0.226,0.03,0.15,0.0433,0.148,0.06
1001,9.36,9.36,Neck Tattoo,Sunlit Gold,Lilac,White Shades,Sobrero,Happy,0.0047,0.002,0.0047,0.0013,0.006,0.0087,0.026,0.0073,0.04,0.0067,0.004,0.0133,0.01,0.034,0.0173,0.226,0.03,0.15,0.0433,0.148,0.06
1001,3.97,3.97,Neck Tattoo,Sunlit Gold,Lilac,White Shades,Sobrero,Happy,0.0047,0.002,0.0047,0.0013,0.006,0.0087,0.026,0.0073,0.04,0.0067,0.004,0.0133,0.01,0.034,0.0173,0.226,0.03,0.15,0.0433,0.148,0.06
157,7.03,7.03,nan,Seashell Pink,Black - Overweight,Goggles,No Hat,Toothy,0.046,0.08,0.0267,0.132,0.074,0.0253,0.0053,0.0373,0.0247,0.0067,0.0607,0.0373,0.0167,0.012,0.0533,0.1853,0.4247,0.118,0.1773,0.0573,0.3147
118,7.03,7.03,nan,Sunlit Gold,Tan,Normal,Cylinder,Happy,0.0673,0.066,0.102,0.0193,0.0967,0.0267,0.0427,0.0067,0.04,0.038,0.0107,0.028,0.012,0.0553,0.0087,0.226,0.4247,0.15,0.1553,0.2567,0.0493
1011,7.03,7.03,nan,Spiced Orange,Chocolate,Red Round Shades,No Hat,Sad,0.0527,0.0173,0.0233,0.132,0.0447,0.008,0.008,0.032,0.0147,0.0033,0.0113,0.0073,0.0247,0.0067,0.0387,0.118,0.4247,0.118,0.0433,0.0587,0.3147
1011,8.39,8.39,nan,Spiced Orange,Chocolate,Red Round Shades,No Hat,Sad,0.0527,0.0173,0.0233,0.132,0.0447,0.008,0.008,0.032,0.0147,0.0033,0.0113,0.0073,0.0247,0.0067,0.0387,0.118,0.4247,0.118,0.0433,0.0587,0.3147
1011,8.82,8.82,nan,Spiced Orange,Chocolate,Red Round Shades,No Hat,Sad,0.0527,0.0173,0.0233,0.132,0.0447,0.008,0.008,0.032,0.0147,0.0033,0.0113,0.0073,0.0247,0.0067,0.0387,0.118,0.4247,0.118,0.0433,0.0587,0.3147
1011,9.08,9.08,nan,Spiced Orange,Chocolate,Red Round Shades,No Hat,Sad,0.0527,0.0173,0.0233,0.132,0.0447,0.008,0.008,0.032,0.0147,0.0033,0.0113,0.0073,0.0247,0.0067,0.0387,0.118,0.4247,0.118,0.0433,0.0587,0.3147
1064,7.88,7.03,Samurai Sword,Forest Moss Green,Tan,Normal,Elvis,Feral,0.002,0.0033,0.006,0.0027,0.002,0.0173,0.034,0.0107,0.0067,0.038,0.0073,0.0067,0.0167,0.0147,0.0053,0.048,0.0187,0.1247,0.1553,0.2567,0.07
1064,10.4,8.03,Samurai Sword,Forest Moss Green,Tan,Normal,Elvis,Feral,0.002,0.0033,0.006,0.0027,0.002,0.0173,0.034,0.0107,0.0067,0.038,0.0073,0.0067,0.0167,0.0147,0.0053,0.048,0.0187,0.1247,0.1553,0.2567,0.07
368,14.28,7.03,Red Bandana,Lavender Dusk Purple,Tan,White Shades,Top Hat,Panting,0.0113,0.0127,0.0133,0.002,0.0073,0.018,0.014,0.0007,0.008,0.0207,0.0033,0.012,0.0013,0.0087,0.0007,0.048,0.092,0.1187,0.1553,0.148,0.01
368,13.32,7.59,Red Bandana,Lavender Dusk Purple,Tan,White Shades,Top Hat,Panting,0.0113,0.0127,0.0133,0.002,0.0073,0.018,0.014,0.0007,0.008,0.0207,0.0033,0.012,0.0013,0.0087,0.0007,0.048,0.092,0.1187,0.1553,0.148,0.01
368,22.37,8.82,Red Bandana,Lavender Dusk Purple,Tan,White Shades,Top Hat,Panting,0.0113,0.0127,0.0133,0.002,0.0073,0.018,0.014,0.0007,0.008,0.0207,0.0033,0.012,0.0013,0.0087,0.0007,0.048,0.092,0.1187,0.1553,0.148,0.01
368,9.41,4.7,Red Bandana,Lavender Dusk Purple,Tan,White Shades,Top Hat,Panting,0.0113,0.0127,0.0133,0.002,0.0073,0.018,0.014,0.0007,0.008,0.0207,0.0033,0.012,0.0013,0.0087,0.0007,0.048,0.092,0.1187,0.1553,0.148,0.01
522,7.03,7.03,nan,Seashell Pink,Black,Laser Eyes,No Hat,Bubble Gum,0.046,0.0873,0.0067,0.132,0.0227,0.0253,0.0027,0.0373,0.0053,0.0027,0.0727,0.012,0.006,0.0007,0.0107,0.05,0.4247,0.118,0.2333,0.0167,0.3147
940,7.03,7.03,Gold Chain,Stormcloud Grey,Black,Normal,Slickback,Toothy,0.0153,0.0267,0.0233,0.0033,0.018,0.0287,0.0287,0.0067,0.0193,0.0613,0.0147,0.0347,0.018,0.0513,0.0107,0.1853,0.09,0.1187,0.2333,0.2567,0.0493
940,8.44,7.96,Gold Chain,Stormcloud Grey,Black,Normal,Slickback,Toothy,0.0153,0.0267,0.0233,0.0033,0.018,0.0287,0.0287,0.0067,0.0193,0.0613,0.0147,0.0347,0.018,0.0513,0.0107,0.1853,0.09,0.1187,0.2333,0.2567,0.0493
940,8.56,8.56,Gold Chain,Stormcloud Grey,Black,Normal,Slickback,Toothy,0.0153,0.0267,0.0233,0.0033,0.018,0.0287,0.0287,0.0067,0.0193,0.0613,0.0147,0.0347,0.018,0.0513,0.0107,0.1853,0.09,0.1187,0.2333,0.2567,0.0493
940,9.02,9.02,Gold Chain,Stormcloud Grey,Black,Normal,Slickback,Toothy,0.0153,0.0267,0.0233,0.0033,0.018,0.0287,0.0287,0.0067,0.0193,0.0613,0.0147,0.0347,0.018,0.0513,0.0107,0.1853,0.09,0.1187,0.2333,0.2567,0.0493
924,8.84,7.49,nan,Seashell Pink,Chocolate,VR Headset,Elvis,Toothy,0.046,0.0173,0.01,0.0273,0.074,0.0027,0.0027,0.0093,0.0247,0.0007,0.0027,0.0087,0.0013,0.004,0.0113,0.1853,0.4247,0.118,0.0433,0.0193,0.07
924,10.28,8.83,nan,Seashell Pink,Chocolate,VR Headset,Elvis,Toothy,0.046,0.0173,0.01,0.0273,0.074,0.0027,0.0027,0.0093,0.0247,0.0007,0.0027,0.0087,0.0013,0.004,0.0113,0.1853,0.4247,0.118,0.0433,0.0193,0.07
497,22.13,7.49,Cape,Stormcloud Grey,Blue,Red Shades,Sobrero,Bubble Gum,0.002,0.0007,0.002,0.0007,0.0007,0.0067,0.008,0.0093,0.0053,0.0053,0.002,0.0053,0.0053,0.002,0.004,0.05,0.01,0.1187,0.0633,0.0687,0.06
497,28.43,8.68,Cape,Stormcloud Grey,Blue,Red Shades,Sobrero,Bubble Gum,0.002,0.0007,0.002,0.0007,0.0007,0.0067,0.008,0.0093,0.0053,0.0053,0.002,0.0053,0.0053,0.002,0.004,0.05,0.01,0.1187,0.0633,0.0687,0.06
203,7.53,7.53,Bow Tie,Stormcloud Grey,White,White Round Shades,Pirate,Toothy,0.012,0.0047,0.0113,0.0047,0.018,0.0107,0.016,0.0053,0.0193,0.0053,0.0047,0.0093,0.0053,0.0147,0.01,0.1853,0.0933,0.1187,0.0593,0.0987,0.06
222,7.53,7.53,Red Bandana,Sunlit Gold,Black - Overweight,Eye Patch,Headphones,Drooling,0.0147,0.018,0.012,0.006,0.0053,0.032,0.0107,0.0053,0.0107,0.018,0.01,0.0133,0.0067,0.0073,0.0007,0.07,0.092,0.15,0.1773,0.08,0.05
1288,7.51,7.51,Tie,Rose Quartz Pink,Black,Normal,Pirate,Surprised,0.0087,0.0167,0.0187,0.0033,0.008,0.032,0.0273,0.006,0.0173,0.0613,0.0147,0.0267,0.0153,0.03,0.0053,0.1187,0.0627,0.116,0.2333,0.2567,0.06
1288,3.72,3.72,Tie,Rose Quartz Pink,Black,Normal,Pirate,Surprised,0.0087,0.0167,0.0187,0.0033,0.008,0.032,0.0273,0.006,0.0173,0.0613,0.0147,0.0267,0.0153,0.03,0.0053,0.1187,0.0627,0.116,0.2333,0.2567,0.06
1107,7.51,7.51,Red Bandana,Midnight Sapphire Blue,Tan - Overweight,Eye Patch,Pirate,Happy,0.0113,0.006,0.012,0.004,0.0267,0.0093,0.0107,0.0093,0.0253,0.0047,0.006,0.016,0.006,0.0173,0.014,0.226,0.092,0.1167,0.0727,0.08,0.06
1107,7.79,7.79,Red Bandana,Midnight Sapphire Blue,Tan - Overweight,Eye Patch,Pirate,Happy,0.0113,0.006,0.012,0.004,0.0267,0.0093,0.0107,0.0093,0.0253,0.0047,0.006,0.016,0.006,0.0173,0.014,0.226,0.092,0.1167,0.0727,0.08,0.06
399,7.51,7.51,Red Bandana,Sunlit Gold,Blue,White Shades,No Hat,Toothy,0.0147,0.0053,0.0133,0.0307,0.0133,0.0067,0.026,0.044,0.0293,0.008,0.0207,0.0113,0.0487,0.03,0.0533,0.1853,0.092,0.15,0.0633,0.148,0.3147
399,8.17,8.17,Red Bandana,Sunlit Gold,Blue,White Shades,No Hat,Toothy,0.0147,0.0053,0.0133,0.0307,0.0133,0.0067,0.026,0.044,0.0293,0.008,0.0207,0.0113,0.0487,0.03,0.0533,0.1853,0.092,0.15,0.0633,0.148,0.3147
193,14.51,7.51,nan,Rose Quartz Pink,Blue,White Round Shades,Baseball Cap,Surprised,0.048,0.03,0.0427,0.0047,0.056,0.0093,0.008,0.0007,0.0173,0.0107,0.002,0.0087,0.002,0.014,0.0007,0.1187,0.4247,0.116,0.0633,0.0987,0.0093
193,8.45,3.72,nan,Rose Quartz Pink,Blue,White Round Shades,Baseball Cap,Surprised,0.048,0.03,0.0427,0.0047,0.056,0.0093,0.008,0.0007,0.0173,0.0107,0.002,0.0087,0.002,0.014,0.0007,0.1187,0.4247,0.116,0.0633,0.0987,0.0093
284,7.51,7.51,nan,Sunlit Gold,Tan,White Round Shades,No Hat,Sad,0.0673,0.066,0.0427,0.132,0.0447,0.0267,0.0147,0.044,0.014,0.0207,0.048,0.0167,0.0327,0.012,0.0387,0.118,0.4247,0.15,0.1553,0.0987,0.3147
31,7.51,7.51,nan,Stormcloud Grey,Tan,Normal,No Hat,Sad,0.0467,0.066,0.102,0.132,0.0447,0.0167,0.0287,0.0367,0.016,0.038,0.048,0.0167,0.0747,0.0293,0.0387,0.118,0.4247,0.1187,0.1553,0.2567,0.3147
713,7.51,7.51,nan,Sunlit Gold,Tan - Overweight,White Shades,Party Hat,Surprised,0.0673,0.0313,0.066,0.0247,0.056,0.0113,0.026,0.008,0.018,0.0153,0.0033,0.0067,0.0067,0.0167,0.004,0.1187,0.4247,0.15,0.0727,0.148,0.05
1164,7.51,7.51,nan,Rose Quartz Pink,Black,Red Round Shades,No Hat,Panting,0.048,0.0873,0.0233,0.132,0.0193,0.032,0.0107,0.0407,0.0053,0.0107,0.0727,0.0127,0.0247,0.008,0.0173,0.048,0.4247,0.116,0.2333,0.0587,0.3147
1164,7.84,7.84,nan,Rose Quartz Pink,Black,Red Round Shades,No Hat,Panting,0.048,0.0873,0.0233,0.132,0.0193,0.032,0.0107,0.0407,0.0053,0.0107,0.0727,0.0127,0.0247,0.008,0.0173,0.048,0.4247,0.116,0.2333,0.0587,0.3147
1164,8.99,8.99,nan,Rose Quartz Pink,Black,Red Round Shades,No Hat,Panting,0.048,0.0873,0.0233,0.132,0.0193,0.032,0.0107,0.0407,0.0053,0.0107,0.0727,0.0127,0.0247,0.008,0.0173,0.048,0.4247,0.116,0.2333,0.0587,0.3147
1164,9.9,9.0,nan,Rose Quartz Pink,Black,Red Round Shades,No Hat,Panting,0.048,0.0873,0.0233,0.132,0.0193,0.032,0.0107,0.0407,0.0053,0.0107,0.0727,0.0127,0.0247,0.008,0.0173,0.048,0.4247,0.116,0.2333,0.0587,0.3147
1164,1.7,1.7,nan,Rose Quartz Pink,Black,Red Round Shades,No Hat,Panting,0.048,0.0873,0.0233,0.132,0.0193,0.032,0.0107,0.0407,0.0053,0.0107,0.0727,0.0127,0.0247,0.008,0.0173,0.048,0.4247,0.116,0.2333,0.0587,0.3147
198,7.66,7.56,Tie,Rose Quartz Pink,Sable,Eye Patch,No Hat,Toothy,0.0087,0.0047,0.004,0.024,0.0107,0.008,0.014,0.0407,0.022,0.0053,0.014,0.0127,0.0267,0.0167,0.0533,0.1853,0.0627,0.116,0.0633,0.08,0.3147
198,8.67,8.67,Tie,Rose Quartz Pink,Sable,Eye Patch,No Hat,Toothy,0.0087,0.0047,0.004,0.024,0.0107,0.008,0.014,0.0407,0.022,0.0053,0.014,0.0127,0.0267,0.0167,0.0533,0.1853,0.0627,0.116,0.0633,0.08,0.3147
198,8.68,8.68,Tie,Rose Quartz Pink,Sable,Eye Patch,No Hat,Toothy,0.0087,0.0047,0.004,0.024,0.0107,0.008,0.014,0.0407,0.022,0.0053,0.014,0.0127,0.0267,0.0167,0.0533,0.1853,0.0627,0.116,0.0633,0.08,0.3147
198,4.43,4.43,Tie,Rose Quartz Pink,Sable,Eye Patch,No Hat,Toothy,0.0087,0.0047,0.004,0.024,0.0107,0.008,0.014,0.0407,0.022,0.0053,0.014,0.0127,0.0267,0.0167,0.0533,0.1853,0.0627,0.116,0.0633,0.08,0.3147
198,2.37,2.37,Tie,Rose Quartz Pink,Sable,Eye Patch,No Hat,Toothy,0.0087,0.0047,0.004,0.024,0.0107,0.008,0.014,0.0407,0.022,0.0053,0.014,0.0127,0.0267,0.0167,0.0533,0.1853,0.0627,0.116,0.0633,0.08,0.3147
1380,7.56,7.56,nan,Forest Moss Green,Black - Overweight,White Shades,No Hat,Happy,0.0467,0.08,0.066,0.132,0.0967,0.026,0.0133,0.0447,0.0267,0.0347,0.0607,0.042,0.0487,0.034,0.0707,0.226,0.4247,0.1247,0.1773,0.148,0.3147
1092,7.56,7.56,nan,Spiced Orange,Black,Red Shades,Cylinder,Vampire,0.0527,0.0873,0.0293,0.0193,0.026,0.0267,0.008,0.0073,0.0067,0.016,0.008,0.0127,0.0013,0.0053,0.0047,0.0593,0.4247,0.118,0.2333,0.0687,0.0493
1092,8.22,8.22,nan,Spiced Orange,Black,Red Shades,Cylinder,Vampire,0.0527,0.0873,0.0293,0.0193,0.026,0.0267,0.008,0.0073,0.0067,0.016,0.008,0.0127,0.0013,0.0053,0.0047,0.0593,0.4247,0.118,0.2333,0.0687,0.0493
1092,4.94,4.94,nan,Spiced Orange,Black,Red Shades,Cylinder,Vampire,0.0527,0.0873,0.0293,0.0193,0.026,0.0267,0.008,0.0073,0.0067,0.016,0.008,0.0127,0.0013,0.0053,0.0047,0.0593,0.4247,0.118,0.2333,0.0687,0.0493
1301,7.56,7.56,nan,Lavender Dusk Purple,Black - Overweight,Normal,Cylinder,Toothy,0.0507,0.08,0.102,0.0193,0.074,0.0187,0.0353,0.0047,0.022,0.0393,0.0067,0.0373,0.012,0.0513,0.0107,0.1853,0.4247,0.1187,0.1773,0.2567,0.0493
1301,6.65,6.65,nan,Lavender Dusk Purple,Black - Overweight,Normal,Cylinder,Toothy,0.0507,0.08,0.102,0.0193,0.074,0.0187,0.0353,0.0047,0.022,0.0393,0.0067,0.0373,0.012,0.0513,0.0107,0.1853,0.4247,0.1187,0.1773,0.2567,0.0493
1301,2.71,2.71,nan,Lavender Dusk Purple,Black - Overweight,Normal,Cylinder,Toothy,0.0507,0.08,0.102,0.0193,0.074,0.0187,0.0353,0.0047,0.022,0.0393,0.0067,0.0373,0.012,0.0513,0.0107,0.1853,0.4247,0.1187,0.1773,0.2567,0.0493
976,7.56,7.56,nan,Lavender Dusk Purple,Cream,Normal,No Hat,Bubble Gum,0.0507,0.0327,0.102,0.132,0.0227,0.0087,0.0353,0.0367,0.0073,0.0227,0.0347,0.0053,0.0747,0.0113,0.0107,0.05,0.4247,0.1187,0.0787,0.2567,0.3147
1086,9.62,7.56,Gold Chain,Stormcloud Grey,Black,Cyclop,Elvis,Panting,0.0153,0.0267,0.0027,0.012,0.0053,0.0287,0.002,0.01,0.01,0.0087,0.018,0.0127,0.002,0.0013,0.0047,0.048,0.09,0.1187,0.2333,0.0187,0.07
1086,10.46,7.69,Gold Chain,Stormcloud Grey,Black,Cyclop,Elvis,Panting,0.0153,0.0267,0.0027,0.012,0.0053,0.0287,0.002,0.01,0.01,0.0087,0.018,0.0127,0.002,0.0013,0.0047,0.048,0.09,0.1187,0.2333,0.0187,0.07
350,7.59,7.59,Scarf,Seashell Pink,Sable,Normal,Slickback,Toothy,0.022,0.0073,0.0467,0.0093,0.0367,0.006,0.0307,0.004,0.0247,0.0193,0.0033,0.0127,0.018,0.0513,0.0107,0.1853,0.1393,0.118,0.0633,0.2567,0.0493
350,8.73,8.73,Scarf,Seashell Pink,Sable,Normal,Slickback,Toothy,0.022,0.0073,0.0467,0.0093,0.0367,0.006,0.0307,0.004,0.0247,0.0193,0.0033,0.0127,0.018,0.0513,0.0107,0.1853,0.1393,0.118,0.0633,0.2567,0.0493
350,3.97,3.97,Scarf,Seashell Pink,Sable,Normal,Slickback,Toothy,0.022,0.0073,0.0467,0.0093,0.0367,0.006,0.0307,0.004,0.0247,0.0193,0.0033,0.0127,0.018,0.0513,0.0107,0.1853,0.1393,0.118,0.0633,0.2567,0.0493
521,7.59,7.59,nan,Spiced Orange,White,Normal,No Hat,Vampire,0.0527,0.028,0.102,0.132,0.026,0.0053,0.0253,0.032,0.0067,0.0207,0.0187,0.0073,0.0747,0.018,0.0207,0.0593,0.4247,0.118,0.0593,0.2567,0.3147
521,7.84,7.84,nan,Spiced Orange,White,Normal,No Hat,Vampire,0.0527,0.028,0.102,0.132,0.026,0.0053,0.0253,0.032,0.0067,0.0207,0.0187,0.0073,0.0747,0.018,0.0207,0.0593,0.4247,0.118,0.0593,0.2567,0.3147
521,1.66,1.66,nan,Spiced Orange,White,Normal,No Hat,Vampire,0.0527,0.028,0.102,0.132,0.026,0.0053,0.0253,0.032,0.0067,0.0207,0.0187,0.0073,0.0747,0.018,0.0207,0.0593,0.4247,0.118,0.0593,0.2567,0.3147
1369,7.59,7.59,Scarf,Seashell Pink,Cream,Red Round Shades,Pirate,Sad,0.022,0.014,0.0087,0.0053,0.0187,0.008,0.0087,0.0093,0.0147,0.004,0.004,0.0093,0.004,0.0067,0.0073,0.118,0.1393,0.118,0.0787,0.0587,0.06
1019,16.31,7.59,nan,Sunlit Gold,White,Nouns Glasses,Beret,Happy,0.0673,0.028,0.018,0.0047,0.0967,0.0067,0.0067,0.0027,0.04,0.002,0.0007,0.0113,0.0007,0.008,0.0027,0.226,0.4247,0.15,0.0593,0.0393,0.0093
1019,9.78,4.16,nan,Sunlit Gold,White,Nouns Glasses,Beret,Happy,0.0673,0.028,0.018,0.0047,0.0967,0.0067,0.0067,0.0027,0.04,0.002,0.0007,0.0113,0.0007,0.008,0.0027,0.226,0.4247,0.15,0.0593,0.0393,0.0093
1337,7.59,7.59,nan,Midnight Sapphire Blue,Black,White Shades,No Hat,Sad,0.0567,0.0873,0.066,0.132,0.0447,0.0233,0.0147,0.0367,0.0153,0.0327,0.0727,0.0247,0.0487,0.0147,0.0387,0.118,0.4247,0.1167,0.2333,0.148,0.3147
1337,7.59,7.59,nan,Midnight Sapphire Blue,Black,White Shades,No Hat,Sad,0.0567,0.0873,0.066,0.132,0.0447,0.0233,0.0147,0.0367,0.0153,0.0327,0.0727,0.0247,0.0487,0.0147,0.0387,0.118,0.4247,0.1167,0.2333,0.148,0.3147
452,7.59,7.59,Neck Tattoo,Lavender Dusk Purple,White,White Round Shades,Elvis,Drooling,0.0047,0.0027,0.004,0.0047,0.0033,0.008,0.01,0.0067,0.0087,0.0053,0.0053,0.006,0.008,0.0073,0.0053,0.07,0.03,0.1187,0.0593,0.0987,0.07
452,2.71,2.71,Neck Tattoo,Lavender Dusk Purple,White,White Round Shades,Elvis,Drooling,0.0047,0.0027,0.004,0.0047,0.0033,0.008,0.01,0.0067,0.0087,0.0053,0.0053,0.006,0.008,0.0073,0.0053,0.07,0.03,0.1187,0.0593,0.0987,0.07
767,7.59,7.59,nan,Lavender Dusk Purple,Sable,VR Headset,Pirate,Happy,0.0507,0.0293,0.01,0.03,0.0967,0.008,0.0033,0.0107,0.0213,0.002,0.006,0.012,0.0013,0.006,0.014,0.226,0.4247,0.1187,0.0633,0.0193,0.06
767,9.32,8.99,nan,Lavender Dusk Purple,Sable,VR Headset,Pirate,Happy,0.0507,0.0293,0.01,0.03,0.0967,0.008,0.0033,0.0107,0.0213,0.002,0.006,0.012,0.0013,0.006,0.014,0.226,0.4247,0.1187,0.0633,0.0193,0.06
767,5.36,5.36,nan,Lavender Dusk Purple,Sable,VR Headset,Pirate,Happy,0.0507,0.0293,0.01,0.03,0.0967,0.008,0.0033,0.0107,0.0213,0.002,0.006,0.012,0.0013,0.006,0.014,0.226,0.4247,0.1187,0.0633,0.0193,0.06
1271,7.59,7.59,Gold Chain,Stormcloud Grey,Black,White Shades,No Hat,Happy,0.0153,0.0267,0.0133,0.0273,0.0147,0.0287,0.02,0.0367,0.022,0.0327,0.0727,0.0613,0.0487,0.034,0.0707,0.226,0.09,0.1187,0.2333,0.148,0.3147
1271,8.22,8.22,Gold Chain,Stormcloud Grey,Black,White Shades,No Hat,Happy,0.0153,0.0267,0.0133,0.0273,0.0147,0.0287,0.02,0.0367,0.022,0.0327,0.0727,0.0613,0.0487,0.034,0.0707,0.226,0.09,0.1187,0.2333,0.148,0.3147
1271,4.14,4.14,Gold Chain,Stormcloud Grey,Black,White Shades,No Hat,Happy,0.0153,0.0267,0.0133,0.0273,0.0147,0.0287,0.02,0.0367,0.022,0.0327,0.0727,0.0613,0.0487,0.034,0.0707,0.226,0.09,0.1187,0.2333,0.148,0.3147
362,7.59,7.59,Bow Tie,Lavender Dusk Purple,Tan - Overweight,Eye Patch,No Hat,Drooling,0.01,0.0067,0.0093,0.0307,0.0067,0.008,0.0093,0.0367,0.0087,0.0047,0.016,0.004,0.0267,0.0073,0.0253,0.07,0.0933,0.1187,0.0727,0.08,0.3147
362,2.84,2.71,Bow Tie,Lavender Dusk Purple,Tan - Overweight,Eye Patch,No Hat,Drooling,0.01,0.0067,0.0093,0.0307,0.0067,0.008,0.0093,0.0367,0.0087,0.0047,0.016,0.004,0.0267,0.0073,0.0253,0.07,0.0933,0.1187,0.0727,0.08,0.3147
994,7.59,7.59,nan,Rose Quartz Pink,Cream,Normal,Sobrero,Sad,0.048,0.0327,0.102,0.02,0.0447,0.0093,0.0273,0.0067,0.012,0.0227,0.0027,0.0093,0.016,0.0293,0.0067,0.118,0.4247,0.116,0.0787,0.2567,0.06
1120,7.59,7.59,nan,Stormcloud Grey,Lilac,White Round Shades,No Hat,Happy,0.0467,0.018,0.0427,0.132,0.0967,0.0033,0.016,0.0367,0.022,0.006,0.016,0.0133,0.0327,0.0207,0.0707,0.226,0.4247,0.1187,0.0433,0.0987,0.3147
1120,8.46,8.46,nan,Stormcloud Grey,Lilac,White Round Shades,No Hat,Happy,0.0467,0.018,0.0427,0.132,0.0967,0.0033,0.016,0.0367,0.022,0.006,0.016,0.0133,0.0327,0.0207,0.0707,0.226,0.4247,0.1187,0.0433,0.0987,0.3147
1120,4.31,4.31,nan,Stormcloud Grey,Lilac,White Round Shades,No Hat,Happy,0.0467,0.018,0.0427,0.132,0.0967,0.0033,0.016,0.0367,0.022,0.006,0.016,0.0133,0.0327,0.0207,0.0707,0.226,0.4247,0.1187,0.0433,0.0987,0.3147
842,7.59,7.59,nan,Lavender Dusk Purple,Blue,Normal,Afro,Toothy,0.0507,0.03,0.102,0.034,0.074,0.0073,0.0353,0.006,0.022,0.0133,0.0073,0.0113,0.0173,0.0513,0.0153,0.1853,0.4247,0.1187,0.0633,0.2567,0.07
45,7.59,7.59,Tie,Stormcloud Grey,Tan - Overweight,Red Shades,No Hat,Mustache,0.0133,0.004,0.0033,0.024,0.0067,0.0127,0.008,0.0367,0.0087,0.0067,0.016,0.0047,0.0213,0.0053,0.022,0.0767,0.0627,0.1187,0.0727,0.0687,0.3147
45,9.36,9.36,Tie,Stormcloud Grey,Tan - Overweight,Red Shades,No Hat,Mustache,0.0133,0.004,0.0033,0.024,0.0067,0.0127,0.008,0.0367,0.0087,0.0067,0.016,0.0047,0.0213,0.0053,0.022,0.0767,0.0627,0.1187,0.0727,0.0687,0.3147
45,1.5,1.5,Tie,Stormcloud Grey,Tan - Overweight,Red Shades,No Hat,Mustache,0.0133,0.004,0.0033,0.024,0.0067,0.0127,0.008,0.0367,0.0087,0.0067,0.016,0.0047,0.0213,0.0053,0.022,0.0767,0.0627,0.1187,0.0727,0.0687,0.3147
725,7.7,7.7,nan,Stormcloud Grey,Black,Goggles,Elvis,Drooling,0.0467,0.0873,0.0267,0.0273,0.032,0.0287,0.0073,0.01,0.0093,0.016,0.018,0.02,0.004,0.0047,0.0053,0.07,0.4247,0.1187,0.2333,0.0573,0.07
725,8.83,8.83,nan,Stormcloud Grey,Black,Goggles,Elvis,Drooling,0.0467,0.0873,0.0267,0.0273,0.032,0.0287,0.0073,0.01,0.0093,0.016,0.018,0.02,0.004,0.0047,0.0053,0.07,0.4247,0.1187,0.2333,0.0573,0.07
725,3.44,3.44,nan,Stormcloud Grey,Black,Goggles,Elvis,Drooling,0.0467,0.0873,0.0267,0.0273,0.032,0.0287,0.0073,0.01,0.0093,0.016,0.018,0.02,0.004,0.0047,0.0053,0.07,0.4247,0.1187,0.2333,0.0573,0.07
1463,7.7,7.7,nan,Midnight Sapphire Blue,Black - Overweight,Eye Patch,No Hat,Vampire,0.0567,0.08,0.0313,0.132,0.026,0.0173,0.0107,0.0367,0.0047,0.018,0.0607,0.0073,0.0267,0.0053,0.0207,0.0593,0.4247,0.1167,0.1773,0.08,0.3147
1172,7.7,7.7,nan,Sunlit Gold,Cream,Normal,Afro,Toothy,0.0673,0.0327,0.102,0.034,0.074,0.0127,0.0427,0.0133,0.0293,0.0227,0.0013,0.018,0.0173,0.0513,0.0153,0.1853,0.4247,0.15,0.0787,0.2567,0.07
1084,7.7,7.7,Red Bandana,Seashell Pink,Tan,White Shades,No Hat,Happy,0.008,0.0127,0.0133,0.0307,0.0267,0.0193,0.02,0.0373,0.0307,0.0207,0.048,0.028,0.0487,0.034,0.0707,0.226,0.092,0.118,0.1553,0.148,0.3147
1084,7.97,7.97,Red Bandana,Seashell Pink,Tan,White Shades,No Hat,Happy,0.008,0.0127,0.0133,0.0307,0.0267,0.0193,0.02,0.0373,0.0307,0.0207,0.048,0.028,0.0487,0.034,0.0707,0.226,0.092,0.118,0.1553,0.148,0.3147
18,7.7,7.7,nan,Stormcloud Grey,Chocolate,White Round Shades,No Hat,Happy,0.0467,0.0173,0.0427,0.132,0.0967,0.004,0.016,0.0367,0.022,0.0067,0.0113,0.01,0.0327,0.0207,0.0707,0.226,0.4247,0.1187,0.0433,0.0987,0.3147
18,3.82,3.82,nan,Stormcloud Grey,Chocolate,White Round Shades,No Hat,Happy,0.0467,0.0173,0.0427,0.132,0.0967,0.004,0.016,0.0367,0.022,0.0067,0.0113,0.01,0.0327,0.0207,0.0707,0.226,0.4247,0.1187,0.0433,0.0987,0.3147
129,7.83,7.83,Tie,Stormcloud Grey,Tan - Overweight,White Shades,Elvis,Sad,0.0133,0.004,0.0087,0.004,0.0087,0.0127,0.02,0.01,0.016,0.0153,0.0053,0.0127,0.0113,0.0147,0.008,0.118,0.0627,0.1187,0.0727,0.148,0.07
982,11.41,7.83,nan,Forest Moss Green,Black,Drowsy Cyclop,Cowboy,Happy,0.0467,0.0873,0.0033,0.0253,0.0967,0.032,0.002,0.006,0.0267,0.002,0.0133,0.0613,0.0007,0.004,0.0127,0.226,0.4247,0.1247,0.2333,0.01,0.058
982,10.28,7.59,nan,Forest Moss Green,Black,Drowsy Cyclop,Cowboy,Happy,0.0467,0.0873,0.0033,0.0253,0.0967,0.032,0.002,0.006,0.0267,0.002,0.0133,0.0613,0.0007,0.004,0.0127,0.226,0.4247,0.1247,0.2333,0.01,0.058
982,7.33,4.43,nan,Forest Moss Green,Black,Drowsy Cyclop,Cowboy,Happy,0.0467,0.0873,0.0033,0.0253,0.0967,0.032,0.002,0.006,0.0267,0.002,0.0133,0.0613,0.0007,0.004,0.0127,0.226,0.4247,0.1247,0.2333,0.01,0.058
1134,10.2,7.83,Scarf,"Red, White, and Blue",Blue,Eye Patch,Headband,Surprised,0.0027,0.006,0.01,0.0113,0.0133,0.0007,0.0007,0.0013,0.0013,0.0053,0.004,0.0087,0.0047,0.0093,0.0053,0.1187,0.1393,0.01,0.0633,0.08,0.0447
1134,2.27,1.5,Scarf,"Red, White, and Blue",Blue,Eye Patch,Headband,Surprised,0.0027,0.006,0.01,0.0113,0.0133,0.0007,0.0007,0.0013,0.0013,0.0053,0.004,0.0087,0.0047,0.0093,0.0053,0.1187,0.1393,0.01,0.0633,0.08,0.0447
822,7.83,7.83,Scarf,Seashell Pink,Tan,Red Shades,No Hat,Toothy,0.022,0.0227,0.0067,0.0473,0.0367,0.0193,0.0067,0.0373,0.0247,0.0093,0.048,0.032,0.0213,0.0113,0.0533,0.1853,0.1393,0.118,0.1553,0.0687,0.3147
822,8.99,8.99,Scarf,Seashell Pink,Tan,Red Shades,No Hat,Toothy,0.022,0.0227,0.0067,0.0473,0.0367,0.0193,0.0067,0.0373,0.0247,0.0093,0.048,0.032,0.0213,0.0113,0.0533,0.1853,0.1393,0.118,0.1553,0.0687,0.3147
822,8.49,8.49,Scarf,Seashell Pink,Tan,Red Shades,No Hat,Toothy,0.022,0.0227,0.0067,0.0473,0.0367,0.0193,0.0067,0.0373,0.0247,0.0093,0.048,0.032,0.0213,0.0113,0.0533,0.1853,0.1393,0.118,0.1553,0.0687,0.3147
822,3.73,3.73,Scarf,Seashell Pink,Tan,Red Shades,No Hat,Toothy,0.022,0.0227,0.0067,0.0473,0.0367,0.0193,0.0067,0.0373,0.0247,0.0093,0.048,0.032,0.0213,0.0113,0.0533,0.1853,0.1393,0.118,0.1553,0.0687,0.3147
822,4.05,4.05,Scarf,Seashell Pink,Tan,Red Shades,No Hat,Toothy,0.022,0.0227,0.0067,0.0473,0.0367,0.0193,0.0067,0.0373,0.0247,0.0093,0.048,0.032,0.0213,0.0113,0.0533,0.1853,0.1393,0.118,0.1553,0.0687,0.3147
1437,7.83,7.83,Gold Chain,Lavender Dusk Purple,Chocolate,Normal,Cowboy,Happy,0.0093,0.0067,0.0233,0.0087,0.0147,0.0047,0.0353,0.0073,0.0213,0.0113,0.0033,0.01,0.0167,0.0553,0.0127,0.226,0.09,0.1187,0.0433,0.2567,0.058
1437,8.05,8.05,Gold Chain,Lavender Dusk Purple,Chocolate,Normal,Cowboy,Happy,0.0093,0.0067,0.0233,0.0087,0.0147,0.0047,0.0353,0.0073,0.0213,0.0113,0.0033,0.01,0.0167,0.0553,0.0127,0.226,0.09,0.1187,0.0433,0.2567,0.058
1437,8.55,8.55,Gold Chain,Lavender Dusk Purple,Chocolate,Normal,Cowboy,Happy,0.0093,0.0067,0.0233,0.0087,0.0147,0.0047,0.0353,0.0073,0.0213,0.0113,0.0033,0.01,0.0167,0.0553,0.0127,0.226,0.09,0.1187,0.0433,0.2567,0.058
1250,8.67,7.84,nan,Rose Quartz Pink,Tan - Overweight,Red Round Shades,No Hat,Toothy,0.048,0.0313,0.0233,0.132,0.074,0.008,0.0107,0.0407,0.022,0.0033,0.016,0.0147,0.0247,0.0127,0.0533,0.1853,0.4247,0.116,0.0727,0.0587,0.3147
247,7.84,7.84,Scarf,Rose Quartz Pink,Cream,Goggles,Afro,Surprised,0.0167,0.014,0.004,0.0087,0.0133,0.0093,0.006,0.01,0.0173,0.0067,0.0013,0.0133,0.0047,0.0067,0.008,0.1187,0.1393,0.116,0.0787,0.0573,0.07
247,7.75,7.75,Scarf,Rose Quartz Pink,Cream,Goggles,Afro,Surprised,0.0167,0.014,0.004,0.0087,0.0133,0.0093,0.006,0.01,0.0173,0.0067,0.0013,0.0133,0.0047,0.0067,0.008,0.1187,0.1393,0.116,0.0787,0.0573,0.07
441,8.86,7.79,Bow Tie,Lavender Dusk Purple,Black - Overweight,Normal,Party Hat,Happy,0.01,0.014,0.02,0.0067,0.0207,0.0187,0.0353,0.0067,0.0213,0.0393,0.008,0.042,0.0127,0.0553,0.012,0.226,0.0933,0.1187,0.1773,0.2567,0.05
441,8.05,8.05,Bow Tie,Lavender Dusk Purple,Black - Overweight,Normal,Party Hat,Happy,0.01,0.014,0.02,0.0067,0.0207,0.0187,0.0353,0.0067,0.0213,0.0393,0.008,0.042,0.0127,0.0553,0.012,0.226,0.0933,0.1187,0.1773,0.2567,0.05
441,6.65,6.65,Bow Tie,Lavender Dusk Purple,Black - Overweight,Normal,Party Hat,Happy,0.01,0.014,0.02,0.0067,0.0207,0.0187,0.0353,0.0067,0.0213,0.0393,0.008,0.042,0.0127,0.0553,0.012,0.226,0.0933,0.1187,0.1773,0.2567,0.05
1378,12.94,7.79,nan,Midnight Sapphire Blue,Cream,White Shades,Leprechaun,Surprised,0.0567,0.0327,0.066,0.0053,0.056,0.0093,0.0147,0.0013,0.0133,0.01,0.002,0.0133,0.0027,0.0167,0.002,0.1187,0.4247,0.1167,0.0787,0.148,0.01
65,7.79,7.79,Scarf,Rose Quartz Pink,Black,Normal,No Hat,Happy,0.0167,0.0347,0.0467,0.0473,0.0353,0.032,0.0273,0.0407,0.0247,0.0613,0.0727,0.0613,0.0747,0.0553,0.0707,0.226,0.1393,0.116,0.2333,0.2567,0.3147
65,8.6,8.6,Scarf,Rose Quartz Pink,Black,Normal,No Hat,Happy,0.0167,0.0347,0.0467,0.0473,0.0353,0.032,0.0273,0.0407,0.0247,0.0613,0.0727,0.0613,0.0747,0.0553,0.0707,0.226,0.1393,0.116,0.2333,0.2567,0.3147
241,7.79,7.79,Tie,Stormcloud Grey,Tan,Normal,Slickback,Vampire,0.0133,0.01,0.0187,0.002,0.0047,0.0167,0.0287,0.0067,0.0093,0.038,0.0073,0.012,0.018,0.018,0.0067,0.0593,0.0627,0.1187,0.1553,0.2567,0.0493
241,8.05,8.05,Tie,Stormcloud Grey,Tan,Normal,Slickback,Vampire,0.0133,0.01,0.0187,0.002,0.0047,0.0167,0.0287,0.0067,0.0093,0.038,0.0073,0.012,0.018,0.018,0.0067,0.0593,0.0627,0.1187,0.1553,0.2567,0.0493
241,9.08,9.08,Tie,Stormcloud Grey,Tan,Normal,Slickback,Vampire,0.0133,0.01,0.0187,0.002,0.0047,0.0167,0.0287,0.0067,0.0093,0.038,0.0073,0.012,0.018,0.018,0.0067,0.0593,0.0627,0.1187,0.1553,0.2567,0.0493
1175,7.79,7.79,Gold Chain,Lavender Dusk Purple,Tan,Red Shades,Pirate,Panting,0.0093,0.0113,0.006,0.0073,0.0053,0.018,0.0093,0.0107,0.008,0.0093,0.008,0.012,0.004,0.0033,0.0033,0.048,0.09,0.1187,0.1553,0.0687,0.06
759,8.0,7.79,Red Bandana,Stormcloud Grey,Black,Laser Eyes,Afro,Happy,0.01,0.0253,0.0027,0.0067,0.0267,0.0287,0.002,0.0087,0.022,0.0027,0.0193,0.0613,0.002,0.004,0.0113,0.226,0.092,0.1187,0.2333,0.0167,0.07
759,8.57,8.57,Red Bandana,Stormcloud Grey,Black,Laser Eyes,Afro,Happy,0.01,0.0253,0.0027,0.0067,0.0267,0.0287,0.002,0.0087,0.022,0.0027,0.0193,0.0613,0.002,0.004,0.0113,0.226,0.092,0.1187,0.2333,0.0167,0.07
123,7.79,7.79,Red Bandana,Forest Moss Green,Black,Normal,Cylinder,Toothy,0.0167,0.0253,0.02,0.0067,0.0133,0.032,0.034,0.01,0.0253,0.0613,0.008,0.0347,0.012,0.0513,0.0107,0.1853,0.092,0.1247,0.2333,0.2567,0.0493
123,7.75,7.75,Red Bandana,Forest Moss Green,Black,Normal,Cylinder,Toothy,0.0167,0.0253,0.02,0.0067,0.0133,0.032,0.034,0.01,0.0253,0.0613,0.008,0.0347,0.012,0.0513,0.0107,0.1853,0.092,0.1247,0.2333,0.2567,0.0493
123,8.09,8.09,Red Bandana,Forest Moss Green,Black,Normal,Cylinder,Toothy,0.0167,0.0253,0.02,0.0067,0.0133,0.032,0.034,0.01,0.0253,0.0613,0.008,0.0347,0.012,0.0513,0.0107,0.1853,0.092,0.1247,0.2333,0.2567,0.0493
123,8.73,8.73,Red Bandana,Forest Moss Green,Black,Normal,Cylinder,Toothy,0.0167,0.0253,0.02,0.0067,0.0133,0.032,0.034,0.01,0.0253,0.0613,0.008,0.0347,0.012,0.0513,0.0107,0.1853,0.092,0.1247,0.2333,0.2567,0.0493
123,4.57,4.57,Red Bandana,Forest Moss Green,Black,Normal,Cylinder,Toothy,0.0167,0.0253,0.02,0.0067,0.0133,0.032,0.034,0.01,0.0253,0.0613,0.008,0.0347,0.012,0.0513,0.0107,0.1853,0.092,0.1247,0.2333,0.2567,0.0493
191,7.79,7.79,Tie,Spiced Orange,Lilac,Normal,Pirate,Sad,0.004,0.0053,0.0187,0.0033,0.0087,0.0073,0.0253,0.006,0.0147,0.0133,0.0027,0.0073,0.0153,0.0293,0.0073,0.118,0.0627,0.118,0.0433,0.2567,0.06
753,8.29,7.98,Scarf,Forest Moss Green,Black - Overweight,Concerned,Slickback,Surprised,0.0233,0.0273,0.0053,0.0093,0.0133,0.026,0.0087,0.0053,0.0147,0.008,0.0067,0.0213,0.0027,0.002,0.0053,0.1187,0.1393,0.1247,0.1773,0.0293,0.0493
753,8.52,8.52,Scarf,Forest Moss Green,Black - Overweight,Concerned,Slickback,Surprised,0.0233,0.0273,0.0053,0.0093,0.0133,0.026,0.0087,0.0053,0.0147,0.008,0.0067,0.0213,0.0027,0.002,0.0053,0.1187,0.1393,0.1247,0.1773,0.0293,0.0493
753,6.73,6.73,Scarf,Forest Moss Green,Black - Overweight,Concerned,Slickback,Surprised,0.0233,0.0273,0.0053,0.0093,0.0133,0.026,0.0087,0.0053,0.0147,0.008,0.0067,0.0213,0.0027,0.002,0.0053,0.1187,0.1393,0.1247,0.1773,0.0293,0.0493
753,3.77,3.4,Scarf,Forest Moss Green,Black - Overweight,Concerned,Slickback,Surprised,0.0233,0.0273,0.0053,0.0093,0.0133,0.026,0.0087,0.0053,0.0147,0.008,0.0067,0.0213,0.0027,0.002,0.0053,0.1187,0.1393,0.1247,0.1773,0.0293,0.0493
1122,8.1,7.98,Red Bandana,Forest Moss Green,Black - Overweight,Red Shades,No Hat,Happy,0.0167,0.018,0.0067,0.0307,0.0267,0.026,0.01,0.0447,0.0267,0.012,0.0607,0.042,0.0213,0.016,0.0707,0.226,0.092,0.1247,0.1773,0.0687,0.3147
1122,8.83,8.83,Red Bandana,Forest Moss Green,Black - Overweight,Red Shades,No Hat,Happy,0.0167,0.018,0.0067,0.0307,0.0267,0.026,0.01,0.0447,0.0267,0.012,0.0607,0.042,0.0213,0.016,0.0707,0.226,0.092,0.1247,0.1773,0.0687,0.3147
1122,8.83,8.83,Red Bandana,Forest Moss Green,Black - Overweight,Red Shades,No Hat,Happy,0.0167,0.018,0.0067,0.0307,0.0267,0.026,0.01,0.0447,0.0267,0.012,0.0607,0.042,0.0213,0.016,0.0707,0.226,0.092,0.1247,0.1773,0.0687,0.3147
1122,3.94,3.94,Red Bandana,Forest Moss Green,Black - Overweight,Red Shades,No Hat,Happy,0.0167,0.018,0.0067,0.0307,0.0267,0.026,0.01,0.0447,0.0267,0.012,0.0607,0.042,0.0213,0.016,0.0707,0.226,0.092,0.1247,0.1773,0.0687,0.3147
376,8.0,8.0,Scarf,Sunlit Gold,Black,Normal,No Hat,Happy,0.0193,0.0347,0.0467,0.0473,0.0353,0.0313,0.0427,0.044,0.04,0.0613,0.0727,0.0613,0.0747,0.0553,0.0707,0.226,0.1393,0.15,0.2333,0.2567,0.3147
1140,8.02,8.02,nan,Lavender Dusk Purple,Cream,Gold Shades,Cowboy,Happy,0.0507,0.0327,0.006,0.0253,0.0967,0.0087,0.0033,0.0073,0.0213,0.002,0.0067,0.018,0.0007,0.0067,0.0127,0.226,0.4247,0.1187,0.0787,0.02,0.058
819,8.03,8.03,Gold Chain,Sunlit Gold,Tan,Red Round Shades,Wizard,Happy,0.0133,0.0113,0.0067,0.0027,0.0147,0.0267,0.0053,0.002,0.04,0.014,0.0033,0.028,0.002,0.0073,0.006,0.226,0.09,0.15,0.1553,0.0587,0.02
819,7.58,7.58,Gold Chain,Sunlit Gold,Tan,Red Round Shades,Wizard,Happy,0.0133,0.0113,0.0067,0.0027,0.0147,0.0267,0.0053,0.002,0.04,0.014,0.0033,0.028,0.002,0.0073,0.006,0.226,0.09,0.15,0.1553,0.0587,0.02
762,8.03,8.03,Tie,Stormcloud Grey,Black,White Round Shades,Party Hat,Bubble Gum,0.0133,0.0167,0.0047,0.004,0.0027,0.0287,0.016,0.0053,0.0053,0.024,0.014,0.012,0.004,0.0067,0.004,0.05,0.0627,0.1187,0.2333,0.0987,0.05
762,8.03,8.03,Tie,Stormcloud Grey,Black,White Round Shades,Party Hat,Bubble Gum,0.0133,0.0167,0.0047,0.004,0.0027,0.0287,0.016,0.0053,0.0053,0.024,0.014,0.012,0.004,0.0067,0.004,0.05,0.0627,0.1187,0.2333,0.0987,0.05
762,4.24,4.16,Tie,Stormcloud Grey,Black,White Round Shades,Party Hat,Bubble Gum,0.0133,0.0167,0.0047,0.004,0.0027,0.0287,0.016,0.0053,0.0053,0.024,0.014,0.012,0.004,0.0067,0.004,0.05,0.0627,0.1187,0.2333,0.0987,0.05
762,1.6,1.5,Tie,Stormcloud Grey,Black,White Round Shades,Party Hat,Bubble Gum,0.0133,0.0167,0.0047,0.004,0.0027,0.0287,0.016,0.0053,0.0053,0.024,0.014,0.012,0.004,0.0067,0.004,0.05,0.0627,0.1187,0.2333,0.0987,0.05
1388,8.37,8.03,nan,Stormcloud Grey,Blue,Normal,Cylinder,Surprised,0.0467,0.03,0.102,0.0193,0.056,0.0067,0.0287,0.006,0.0127,0.0133,0.0033,0.0087,0.012,0.03,0.0073,0.1187,0.4247,0.1187,0.0633,0.2567,0.0493
1388,9.0,9.0,nan,Stormcloud Grey,Blue,Normal,Cylinder,Surprised,0.0467,0.03,0.102,0.0193,0.056,0.0067,0.0287,0.006,0.0127,0.0133,0.0033,0.0087,0.012,0.03,0.0073,0.1187,0.4247,0.1187,0.0633,0.2567,0.0493
1388,3.36,3.36,nan,Stormcloud Grey,Blue,Normal,Cylinder,Surprised,0.0467,0.03,0.102,0.0193,0.056,0.0067,0.0287,0.006,0.0127,0.0133,0.0033,0.0087,0.012,0.03,0.0073,0.1187,0.4247,0.1187,0.0633,0.2567,0.0493
204,10.12,8.03,Neck Tattoo,Rose Quartz Pink,White,Red Shades,Elvis,Vampire,0.0027,0.0027,0.0033,0.0047,0.002,0.004,0.0053,0.0067,0.0067,0.0013,0.0053,0.0073,0.0053,0.0053,0.002,0.0593,0.03,0.116,0.0593,0.0687,0.07
204,9.41,8.83,Neck Tattoo,Rose Quartz Pink,White,Red Shades,Elvis,Vampire,0.0027,0.0027,0.0033,0.0047,0.002,0.004,0.0053,0.0067,0.0067,0.0013,0.0053,0.0073,0.0053,0.0053,0.002,0.0593,0.03,0.116,0.0593,0.0687,0.07
204,3.67,3.67,Neck Tattoo,Rose Quartz Pink,White,Red Shades,Elvis,Vampire,0.0027,0.0027,0.0033,0.0047,0.002,0.004,0.0053,0.0067,0.0067,0.0013,0.0053,0.0073,0.0053,0.0053,0.002,0.0593,0.03,0.116,0.0593,0.0687,0.07
1446,8.03,8.03,Tie,Lavender Dusk Purple,Black - Overweight,Normal,Headphones,Mustache,0.0087,0.0127,0.0187,0.0033,0.0067,0.0187,0.0353,0.0067,0.01,0.0393,0.01,0.0127,0.0153,0.022,0.0053,0.0767,0.0627,0.1187,0.1773,0.2567,0.05
1446,1.54,1.54,Tie,Lavender Dusk Purple,Black - Overweight,Normal,Headphones,Mustache,0.0087,0.0127,0.0187,0.0033,0.0067,0.0187,0.0353,0.0067,0.01,0.0393,0.01,0.0127,0.0153,0.022,0.0053,0.0767,0.0627,0.1187,0.1773,0.2567,0.05
674,28.65,8.03,Scarf,Outer Space,Sable,Drowsy,Baseball Cap,Happy,0.0007,0.0073,0.0073,0.0013,0.0353,0.0007,0.0007,0.0007,0.002,0.002,0.0007,0.012,0.0007,0.01,0.002,0.226,0.1393,0.0093,0.0633,0.0407,0.0093
674,34.16,8.24,Scarf,Outer Space,Sable,Drowsy,Baseball Cap,Happy,0.0007,0.0073,0.0073,0.0013,0.0353,0.0007,0.0007,0.0007,0.002,0.002,0.0007,0.012,0.0007,0.01,0.002,0.226,0.1393,0.0093,0.0633,0.0407,0.0093
764,8.03,8.03,Red Bandana,Spiced Orange,Black - Overweight,3-D Glasses,Afro,Toothy,0.0087,0.018,0.0047,0.0067,0.0133,0.018,0.0047,0.006,0.02,0.0073,0.008,0.0373,0.002,0.004,0.0153,0.1853,0.092,0.118,0.1773,0.0293,0.07
315,8.03,8.03,Scarf,Spiced Orange,Chocolate,Red Round Shades,Cylinder,Toothy,0.014,0.004,0.0087,0.0087,0.0367,0.008,0.008,0.0073,0.02,0.0033,0.006,0.0087,0.006,0.0127,0.0107,0.1853,0.1393,0.118,0.0433,0.0587,0.0493
1075,8.64,8.03,nan,Sunlit Gold,Black - Overweight,Nouns Glasses,No Hat,Toothy,0.0673,0.08,0.018,0.132,0.074,0.032,0.0067,0.044,0.0293,0.0047,0.0607,0.0373,0.012,0.0067,0.0533,0.1853,0.4247,0.15,0.1773,0.0393,0.3147
427,17.35,8.03,Earrings,Rose Quartz Pink,Blue,Normal,Party Hat,Surprised,0.002,0.0007,0.0053,0.0007,0.0007,0.0093,0.0273,0.0053,0.0173,0.0133,0.004,0.0087,0.0127,0.03,0.004,0.1187,0.01,0.116,0.0633,0.2567,0.05
427,17.82,8.22,Earrings,Rose Quartz Pink,Blue,Normal,Party Hat,Surprised,0.002,0.0007,0.0053,0.0007,0.0007,0.0093,0.0273,0.0053,0.0173,0.0133,0.004,0.0087,0.0127,0.03,0.004,0.1187,0.01,0.116,0.0633,0.2567,0.05
427,16.56,8.39,Earrings,Rose Quartz Pink,Blue,Normal,Party Hat,Surprised,0.002,0.0007,0.0053,0.0007,0.0007,0.0093,0.0273,0.0053,0.0173,0.0133,0.004,0.0087,0.0127,0.03,0.004,0.1187,0.01,0.116,0.0633,0.2567,0.05
1079,8.03,8.03,nan,Spiced Orange,Black,Eye Patch,Elvis,Happy,0.0527,0.0873,0.0313,0.0273,0.0967,0.0267,0.0107,0.0093,0.0307,0.018,0.018,0.0613,0.006,0.0173,0.0207,0.226,0.4247,0.118,0.2333,0.08,0.07
1079,8.92,8.92,nan,Spiced Orange,Black,Eye Patch,Elvis,Happy,0.0527,0.0873,0.0313,0.0273,0.0967,0.0267,0.0107,0.0093,0.0307,0.018,0.018,0.0613,0.006,0.0173,0.0207,0.226,0.4247,0.118,0.2333,0.08,0.07
1079,9.36,9.36,nan,Spiced Orange,Black,Eye Patch,Elvis,Happy,0.0527,0.0873,0.0313,0.0273,0.0967,0.0267,0.0107,0.0093,0.0307,0.018,0.018,0.0613,0.006,0.0173,0.0207,0.226,0.4247,0.118,0.2333,0.08,0.07
1066,8.03,8.03,nan,Stormcloud Grey,Cream,White Shades,Sobrero,Happy,0.0467,0.0327,0.066,0.02,0.0967,0.0107,0.02,0.0093,0.022,0.01,0.0027,0.018,0.01,0.034,0.0173,0.226,0.4247,0.1187,0.0787,0.148,0.06
1153,8.03,8.03,nan,Rose Quartz Pink,Black,White Shades,Pirate,Drooling,0.048,0.0873,0.066,0.03,0.032,0.032,0.0207,0.006,0.0087,0.0327,0.0147,0.02,0.008,0.0067,0.0053,0.07,0.4247,0.116,0.2333,0.148,0.06
1469,8.03,8.03,nan,Stormcloud Grey,Tan - Overweight,White Shades,Headphones,Vampire,0.0467,0.0313,0.066,0.022,0.026,0.0127,0.02,0.006,0.0093,0.0153,0.004,0.0047,0.0087,0.0107,0.0033,0.0593,0.4247,0.1187,0.0727,0.148,0.05
1469,8.27,8.27,nan,Stormcloud Grey,Tan - Overweight,White Shades,Headphones,Vampire,0.0467,0.0313,0.066,0.022,0.026,0.0127,0.02,0.006,0.0093,0.0153,0.004,0.0047,0.0087,0.0107,0.0033,0.0593,0.4247,0.1187,0.0727,0.148,0.05
1469,3.73,3.73,nan,Stormcloud Grey,Tan - Overweight,White Shades,Headphones,Vampire,0.0467,0.0313,0.066,0.022,0.026,0.0127,0.02,0.006,0.0093,0.0153,0.004,0.0047,0.0087,0.0107,0.0033,0.0593,0.4247,0.1187,0.0727,0.148,0.05
646,8.12,8.03,nan,Rose Quartz Pink,Black,Goggles,Party Hat,Vampire,0.048,0.0873,0.0267,0.0247,0.026,0.032,0.006,0.0053,0.0067,0.016,0.014,0.0127,0.0033,0.004,0.004,0.0593,0.4247,0.116,0.2333,0.0573,0.05
646,8.99,8.99,nan,Rose Quartz Pink,Black,Goggles,Party Hat,Vampire,0.048,0.0873,0.0267,0.0247,0.026,0.032,0.006,0.0053,0.0067,0.016,0.014,0.0127,0.0033,0.004,0.004,0.0593,0.4247,0.116,0.2333,0.0573,0.05
646,9.53,9.53,nan,Rose Quartz Pink,Black,Goggles,Party Hat,Vampire,0.048,0.0873,0.0267,0.0247,0.026,0.032,0.006,0.0053,0.0067,0.016,0.014,0.0127,0.0033,0.004,0.004,0.0593,0.4247,0.116,0.2333,0.0573,0.05
657,8.03,8.03,nan,Forest Moss Green,Cream,Cyclop,Headband,Happy,0.0467,0.0327,0.0067,0.016,0.0967,0.0087,0.0047,0.0073,0.0267,0.0013,0.002,0.018,0.0007,0.0047,0.0113,0.226,0.4247,0.1247,0.0787,0.0187,0.0447
657,3.41,3.36,nan,Forest Moss Green,Cream,Cyclop,Headband,Happy,0.0467,0.0327,0.0067,0.016,0.0967,0.0087,0.0047,0.0073,0.0267,0.0013,0.002,0.018,0.0007,0.0047,0.0113,0.226,0.4247,0.1247,0.0787,0.0187,0.0447
117,8.41,8.03,Gold Chain,Lavender Dusk Purple,Tan,Red Round Shades,Pirate,Toothy,0.0093,0.0113,0.0067,0.0073,0.018,0.018,0.008,0.0107,0.022,0.014,0.008,0.032,0.004,0.0127,0.01,0.1853,0.09,0.1187,0.1553,0.0587,0.06
1284,9.57,8.03,Red Bandana,Forest Moss Green,Black - Overweight,Gold Shades,Party Hat,Mustache,0.0167,0.018,0.0033,0.002,0.0087,0.026,0.002,0.004,0.008,0.0033,0.008,0.0127,0.0027,0.0013,0.0027,0.0767,0.092,0.1247,0.1773,0.02,0.05
1391,8.03,8.03,nan,Stormcloud Grey,Black,White Shades,Slickback,Bubble Gum,0.0467,0.0873,0.066,0.016,0.0227,0.0287,0.02,0.0067,0.0053,0.0327,0.0147,0.012,0.004,0.0087,0.0013,0.05,0.4247,0.1187,0.2333,0.148,0.0493
1391,9.04,8.99,nan,Stormcloud Grey,Black,White Shades,Slickback,Bubble Gum,0.0467,0.0873,0.066,0.016,0.0227,0.0287,0.02,0.0067,0.0053,0.0327,0.0147,0.012,0.004,0.0087,0.0013,0.05,0.4247,0.1187,0.2333,0.148,0.0493
798,8.03,8.03,nan,Forest Moss Green,Tan - Overweight,Red Shades,Sobrero,Happy,0.0467,0.0313,0.0293,0.02,0.0967,0.0067,0.01,0.006,0.0267,0.0067,0.006,0.016,0.0053,0.016,0.0173,0.226,0.4247,0.1247,0.0727,0.0687,0.06
488,8.03,8.03,Gold Chain,Forest Moss Green,Black,Red Shades,No Hat,Toothy,0.006,0.0267,0.006,0.0273,0.018,0.032,0.01,0.0447,0.0253,0.016,0.0727,0.0347,0.0213,0.0113,0.0533,0.1853,0.09,0.1247,0.2333,0.0687,0.3147
488,8.17,8.17,Gold Chain,Forest Moss Green,Black,Red Shades,No Hat,Toothy,0.006,0.0267,0.006,0.0273,0.018,0.032,0.01,0.0447,0.0253,0.016,0.0727,0.0347,0.0213,0.0113,0.0533,0.1853,0.09,0.1247,0.2333,0.0687,0.3147
167,8.03,8.03,Gold Chain,Seashell Pink,Black - Overweight,White Shades,Cowboy,Happy,0.0113,0.008,0.0133,0.0087,0.0147,0.0253,0.02,0.004,0.0307,0.0347,0.0147,0.042,0.0073,0.034,0.0127,0.226,0.09,0.118,0.1773,0.148,0.058
1021,17.1,8.19,Bow Tie,Forest Moss Green,Tan,Goggles,Fire,Sad,0.0147,0.018,0.008,0.0033,0.0127,0.0173,0.008,0.002,0.0127,0.008,0.0013,0.0167,0.0007,0.0073,0.002,0.118,0.0933,0.1247,0.1553,0.0573,0.0093
1021,19.38,8.14,Bow Tie,Forest Moss Green,Tan,Goggles,Fire,Sad,0.0147,0.018,0.008,0.0033,0.0127,0.0173,0.008,0.002,0.0127,0.008,0.0013,0.0167,0.0007,0.0073,0.002,0.118,0.0933,0.1247,0.1553,0.0573,0.0093
1021,12.98,4.36,Bow Tie,Forest Moss Green,Tan,Goggles,Fire,Sad,0.0147,0.018,0.008,0.0033,0.0127,0.0173,0.008,0.002,0.0127,0.008,0.0013,0.0167,0.0007,0.0073,0.002,0.118,0.0933,0.1247,0.1553,0.0573,0.0093
505,8.19,8.19,nan,Sunlit Gold,Tan,Red Shades,No Hat,Surprised,0.0673,0.066,0.0293,0.132,0.056,0.0267,0.0133,0.044,0.018,0.0093,0.048,0.02,0.0213,0.0093,0.0407,0.1187,0.4247,0.15,0.1553,0.0687,0.3147
505,8.73,8.55,nan,Sunlit Gold,Tan,Red Shades,No Hat,Surprised,0.0673,0.066,0.0293,0.132,0.056,0.0267,0.0133,0.044,0.018,0.0093,0.048,0.02,0.0213,0.0093,0.0407,0.1187,0.4247,0.15,0.1553,0.0687,0.3147
607,8.19,8.19,Bow Tie,Spiced Orange,Tan,Goggles,No Hat,Drooling,0.0133,0.018,0.008,0.0307,0.0067,0.0207,0.0073,0.032,0.008,0.008,0.048,0.008,0.0167,0.0047,0.0253,0.07,0.0933,0.118,0.1553,0.0573,0.3147
607,7.75,7.75,Bow Tie,Spiced Orange,Tan,Goggles,No Hat,Drooling,0.0133,0.018,0.008,0.0307,0.0067,0.0207,0.0073,0.032,0.008,0.008,0.048,0.008,0.0167,0.0047,0.0253,0.07,0.0933,0.118,0.1553,0.0573,0.3147
816,8.35,8.19,nan,Stormcloud Grey,Black,3-D Glasses,No Hat,Mustache,0.0467,0.0873,0.012,0.132,0.0347,0.0287,0.004,0.0367,0.0087,0.0067,0.0727,0.0213,0.008,0.0027,0.022,0.0767,0.4247,0.1187,0.2333,0.0293,0.3147
1449,8.19,8.19,Scarf,Sunlit Gold,Cream,Red Shades,Elvis,Happy,0.0193,0.014,0.0067,0.006,0.0353,0.0127,0.0133,0.0073,0.04,0.0067,0.004,0.018,0.0053,0.016,0.0207,0.226,0.1393,0.15,0.0787,0.0687,0.07
1449,4.57,4.57,Scarf,Sunlit Gold,Cream,Red Shades,Elvis,Happy,0.0193,0.014,0.0067,0.006,0.0353,0.0127,0.0133,0.0073,0.04,0.0067,0.004,0.018,0.0053,0.016,0.0207,0.226,0.1393,0.15,0.0787,0.0687,0.07
391,14.69,8.19,nan,Sunlit Gold,Tan,Red Round Shades,Devil Horns,Happy,0.0673,0.066,0.0233,0.006,0.0967,0.0267,0.0053,0.004,0.04,0.014,0.0013,0.028,0.0013,0.0073,0.0027,0.226,0.4247,0.15,0.1553,0.0587,0.0093
706,8.03,8.03,Gold Chain,Midnight Sapphire Blue,Tan - Overweight,White Shades,Sobrero,Toothy,0.0127,0.0067,0.0133,0.0053,0.018,0.0093,0.0147,0.0107,0.0207,0.0153,0.006,0.0147,0.01,0.03,0.0133,0.1853,0.09,0.1167,0.0727,0.148,0.06
706,8.52,8.52,Gold Chain,Midnight Sapphire Blue,Tan - Overweight,White Shades,Sobrero,Toothy,0.0127,0.0067,0.0133,0.0053,0.018,0.0093,0.0147,0.0107,0.0207,0.0153,0.006,0.0147,0.01,0.03,0.0133,0.1853,0.09,0.1167,0.0727,0.148,0.06
706,6.55,6.55,Gold Chain,Midnight Sapphire Blue,Tan - Overweight,White Shades,Sobrero,Toothy,0.0127,0.0067,0.0133,0.0053,0.018,0.0093,0.0147,0.0107,0.0207,0.0153,0.006,0.0147,0.01,0.03,0.0133,0.1853,0.09,0.1167,0.0727,0.148,0.06
706,4.7,4.7,Gold Chain,Midnight Sapphire Blue,Tan - Overweight,White Shades,Sobrero,Toothy,0.0127,0.0067,0.0133,0.0053,0.018,0.0093,0.0147,0.0107,0.0207,0.0153,0.006,0.0147,0.01,0.03,0.0133,0.1853,0.09,0.1167,0.0727,0.148,0.06
1103,7.97,7.97,Tie,Stormcloud Grey,Black,White Round Shades,Party Hat,Sad,0.0133,0.0167,0.0047,0.004,0.0087,0.0287,0.016,0.0053,0.016,0.024,0.014,0.0247,0.004,0.012,0.0053,0.118,0.0627,0.1187,0.2333,0.0987,0.05
1103,2.37,2.37,Tie,Stormcloud Grey,Black,White Round Shades,Party Hat,Sad,0.0133,0.0167,0.0047,0.004,0.0087,0.0287,0.016,0.0053,0.016,0.024,0.014,0.0247,0.004,0.012,0.0053,0.118,0.0627,0.1187,0.2333,0.0987,0.05
1347,7.97,7.97,nan,Stormcloud Grey,Chocolate,White Shades,Headband,Surprised,0.0467,0.0173,0.066,0.016,0.056,0.004,0.02,0.0047,0.0127,0.0033,0.0013,0.0053,0.0087,0.0167,0.0053,0.1187,0.4247,0.1187,0.0433,0.148,0.0447
1347,8.14,8.14,nan,Stormcloud Grey,Chocolate,White Shades,Headband,Surprised,0.0467,0.0173,0.066,0.016,0.056,0.004,0.02,0.0047,0.0127,0.0033,0.0013,0.0053,0.0087,0.0167,0.0053,0.1187,0.4247,0.1187,0.0433,0.148,0.0447
1347,1.02,1.02,nan,Stormcloud Grey,Chocolate,White Shades,Headband,Surprised,0.0467,0.0173,0.066,0.016,0.056,0.004,0.02,0.0047,0.0127,0.0033,0.0013,0.0053,0.0087,0.0167,0.0053,0.1187,0.4247,0.1187,0.0433,0.148,0.0447
334,8.44,7.97,Scarf,Lavender Dusk Purple,Black,Normal,Pirate,Happy,0.0173,0.0347,0.0467,0.0053,0.0353,0.03,0.0353,0.0107,0.0213,0.0613,0.0147,0.0613,0.0153,0.0553,0.014,0.226,0.1393,0.1187,0.2333,0.2567,0.06
777,18.28,7.97,nan,Spiced Orange,Lilac,White Round Shades,Baseball Cap,Happy,0.0527,0.018,0.0427,0.0047,0.0967,0.0073,0.018,0.0013,0.0307,0.006,0.0007,0.0133,0.002,0.0207,0.002,0.226,0.4247,0.118,0.0433,0.0987,0.0093
777,17.62,8.05,nan,Spiced Orange,Lilac,White Round Shades,Baseball Cap,Happy,0.0527,0.018,0.0427,0.0047,0.0967,0.0073,0.018,0.0013,0.0307,0.006,0.0007,0.0133,0.002,0.0207,0.002,0.226,0.4247,0.118,0.0433,0.0987,0.0093
777,19.27,8.89,nan,Spiced Orange,Lilac,White Round Shades,Baseball Cap,Happy,0.0527,0.018,0.0427,0.0047,0.0967,0.0073,0.018,0.0013,0.0307,0.006,0.0007,0.0133,0.002,0.0207,0.002,0.226,0.4247,0.118,0.0433,0.0987,0.0093
309,8.62,7.97,nan,Sunlit Gold,Tan,White Shades,Headband,Mustache,0.0673,0.066,0.066,0.016,0.0347,0.0267,0.026,0.0093,0.0113,0.0207,0.012,0.012,0.0087,0.01,0.004,0.0767,0.4247,0.15,0.1553,0.148,0.0447
489,8.05,8.05,Red Bandana,Sunlit Gold,Black - Overweight,Goggles,Afro,Sad,0.0147,0.018,0.004,0.0067,0.0107,0.032,0.0087,0.0133,0.014,0.0067,0.008,0.0187,0.0047,0.0073,0.006,0.118,0.092,0.15,0.1773,0.0573,0.07
115,10.28,8.05,Cape,Seashell Pink,Black - Overweight,White Shades,No Hat,Happy,0.0013,0.0033,0.0027,0.0027,0.0013,0.0253,0.02,0.0373,0.0307,0.0347,0.0607,0.042,0.0487,0.034,0.0707,0.226,0.01,0.118,0.1773,0.148,0.3147
115,6.71,5.1,Cape,Seashell Pink,Black - Overweight,White Shades,No Hat,Happy,0.0013,0.0033,0.0027,0.0027,0.0013,0.0253,0.02,0.0373,0.0307,0.0347,0.0607,0.042,0.0487,0.034,0.0707,0.226,0.01,0.118,0.1773,0.148,0.3147
932,16.92,8.05,nan,Spiced Orange,Sable,White Shades,Leprechaun,Drooling,0.0527,0.0293,0.066,0.0053,0.032,0.0113,0.0147,0.0013,0.008,0.01,0.0007,0.0067,0.0027,0.0067,0.0013,0.07,0.4247,0.118,0.0633,0.148,0.01
932,14.48,8.56,nan,Spiced Orange,Sable,White Shades,Leprechaun,Drooling,0.0527,0.0293,0.066,0.0053,0.032,0.0113,0.0147,0.0013,0.008,0.01,0.0007,0.0067,0.0027,0.0067,0.0013,0.07,0.4247,0.118,0.0633,0.148,0.01
176,8.05,8.05,Bow Tie,Seashell Pink,Cream,Laser Eyes,No Hat,Happy,0.0127,0.008,0.0013,0.0307,0.0207,0.008,0.0027,0.0373,0.0307,0.0013,0.0347,0.018,0.006,0.004,0.0707,0.226,0.0933,0.118,0.0787,0.0167,0.3147
176,3.41,3.41,Bow Tie,Seashell Pink,Cream,Laser Eyes,No Hat,Happy,0.0127,0.008,0.0013,0.0307,0.0207,0.008,0.0027,0.0373,0.0307,0.0013,0.0347,0.018,0.006,0.004,0.0707,0.226,0.0933,0.118,0.0787,0.0167,0.3147
176,0.91,0.91,Bow Tie,Seashell Pink,Cream,Laser Eyes,No Hat,Happy,0.0127,0.008,0.0013,0.0307,0.0207,0.008,0.0027,0.0373,0.0307,0.0013,0.0347,0.018,0.006,0.004,0.0707,0.226,0.0933,0.118,0.0787,0.0167,0.3147
696,8.05,8.05,nan,Seashell Pink,Black - Overweight,Normal,No Hat,Mustache,0.046,0.08,0.102,0.132,0.0347,0.0253,0.0307,0.0373,0.0073,0.0393,0.0607,0.0127,0.0747,0.022,0.022,0.0767,0.4247,0.118,0.1773,0.2567,0.3147
696,8.15,8.15,nan,Seashell Pink,Black - Overweight,Normal,No Hat,Mustache,0.046,0.08,0.102,0.132,0.0347,0.0253,0.0307,0.0373,0.0073,0.0393,0.0607,0.0127,0.0747,0.022,0.022,0.0767,0.4247,0.118,0.1773,0.2567,0.3147
696,4.05,4.05,nan,Seashell Pink,Black - Overweight,Normal,No Hat,Mustache,0.046,0.08,0.102,0.132,0.0347,0.0253,0.0307,0.0373,0.0073,0.0393,0.0607,0.0127,0.0747,0.022,0.022,0.0767,0.4247,0.118,0.1773,0.2567,0.3147
785,9.15,8.05,Scarf,Seashell Pink,Black - Overweight,Normal,Wizard,Happy,0.022,0.0273,0.0467,0.004,0.0353,0.0253,0.0307,0.0027,0.0307,0.0393,0.004,0.042,0.0033,0.0553,0.006,0.226,0.1393,0.118,0.1773,0.2567,0.02
785,9.15,9.15,Scarf,Seashell Pink,Black - Overweight,Normal,Wizard,Happy,0.022,0.0273,0.0467,0.004,0.0353,0.0253,0.0307,0.0027,0.0307,0.0393,0.004,0.042,0.0033,0.0553,0.006,0.226,0.1393,0.118,0.1773,0.2567,0.02
1333,8.22,8.22,nan,Forest Moss Green,Black - Overweight,White Shades,Elvis,Panting,0.0467,0.08,0.066,0.0273,0.0193,0.026,0.0133,0.0107,0.0053,0.0347,0.0127,0.0053,0.0113,0.0087,0.0047,0.048,0.4247,0.1247,0.1773,0.148,0.07
1333,4.57,4.57,nan,Forest Moss Green,Black - Overweight,White Shades,Elvis,Panting,0.0467,0.08,0.066,0.0273,0.0193,0.026,0.0133,0.0107,0.0053,0.0347,0.0127,0.0053,0.0113,0.0087,0.0047,0.048,0.4247,0.1247,0.1773,0.148,0.07
1252,8.22,8.22,nan,Sunlit Gold,Black - Overweight,Drowsy,Cowboy,Drooling,0.0673,0.08,0.0233,0.0253,0.032,0.032,0.0047,0.01,0.0107,0.01,0.0147,0.0133,0.002,0.0053,0.004,0.07,0.4247,0.15,0.1773,0.0407,0.058
1252,8.95,8.95,nan,Sunlit Gold,Black - Overweight,Drowsy,Cowboy,Drooling,0.0673,0.08,0.0233,0.0253,0.032,0.032,0.0047,0.01,0.0107,0.01,0.0147,0.0133,0.002,0.0053,0.004,0.07,0.4247,0.15,0.1773,0.0407,0.058
1252,3.36,3.36,nan,Sunlit Gold,Black - Overweight,Drowsy,Cowboy,Drooling,0.0673,0.08,0.0233,0.0253,0.032,0.032,0.0047,0.01,0.0107,0.01,0.0147,0.0133,0.002,0.0053,0.004,0.07,0.4247,0.15,0.1773,0.0407,0.058
1252,1.54,1.54,nan,Sunlit Gold,Black - Overweight,Drowsy,Cowboy,Drooling,0.0673,0.08,0.0233,0.0253,0.032,0.032,0.0047,0.01,0.0107,0.01,0.0147,0.0133,0.002,0.0053,0.004,0.07,0.4247,0.15,0.1773,0.0407,0.058
289,8.22,8.22,nan,Forest Moss Green,Black - Overweight,Normal,Party Hat,Surprised,0.0467,0.08,0.102,0.0247,0.056,0.026,0.034,0.004,0.0147,0.0393,0.008,0.0213,0.0127,0.03,0.004,0.1187,0.4247,0.1247,0.1773,0.2567,0.05
289,9.39,8.54,nan,Forest Moss Green,Black - Overweight,Normal,Party Hat,Surprised,0.0467,0.08,0.102,0.0247,0.056,0.026,0.034,0.004,0.0147,0.0393,0.008,0.0213,0.0127,0.03,0.004,0.1187,0.4247,0.1247,0.1773,0.2567,0.05
289,3.97,3.97,nan,Forest Moss Green,Black - Overweight,Normal,Party Hat,Surprised,0.0467,0.08,0.102,0.0247,0.056,0.026,0.034,0.004,0.0147,0.0393,0.008,0.0213,0.0127,0.03,0.004,0.1187,0.4247,0.1247,0.1773,0.2567,0.05
1414,8.22,8.22,nan,Stormcloud Grey,Tan,White Shades,Afro,Panting,0.0467,0.066,0.066,0.034,0.0193,0.0167,0.02,0.0087,0.01,0.0207,0.014,0.012,0.012,0.0087,0.0027,0.048,0.4247,0.1187,0.1553,0.148,0.07
79,8.22,8.22,Bow Tie,Midnight Sapphire Blue,Tan - Overweight,White Shades,Sobrero,Sad,0.0067,0.0067,0.0153,0.0047,0.0127,0.0093,0.0147,0.0107,0.0153,0.0153,0.006,0.0127,0.01,0.0147,0.0067,0.118,0.0933,0.1167,0.0727,0.148,0.06
79,9.0,9.0,Bow Tie,Midnight Sapphire Blue,Tan - Overweight,White Shades,Sobrero,Sad,0.0067,0.0067,0.0153,0.0047,0.0127,0.0093,0.0147,0.0107,0.0153,0.0153,0.006,0.0127,0.01,0.0147,0.0067,0.118,0.0933,0.1167,0.0727,0.148,0.06
664,8.89,8.22,Tie,Midnight Sapphire Blue,Black,Eye Patch,No Hat,Mustache,0.0073,0.0167,0.004,0.024,0.0067,0.0233,0.0107,0.0367,0.0133,0.018,0.0727,0.0213,0.0267,0.0067,0.022,0.0767,0.0627,0.1167,0.2333,0.08,0.3147
1116,8.22,8.22,Tie,Sunlit Gold,Black - Overweight,Goggles,No Hat,Mustache,0.006,0.0127,0.0027,0.024,0.0067,0.032,0.0087,0.044,0.0113,0.0067,0.0607,0.0127,0.0167,0.0033,0.022,0.0767,0.0627,0.15,0.1773,0.0573,0.3147
1123,8.22,8.22,nan,Rose Quartz Pink,Sable,Normal,Slickback,Toothy,0.048,0.0293,0.102,0.016,0.074,0.008,0.0273,0.006,0.022,0.0193,0.0033,0.0127,0.018,0.0513,0.0107,0.1853,0.4247,0.116,0.0633,0.2567,0.0493
1123,2.78,2.78,nan,Rose Quartz Pink,Sable,Normal,Slickback,Toothy,0.048,0.0293,0.102,0.016,0.074,0.008,0.0273,0.006,0.022,0.0193,0.0033,0.0127,0.018,0.0513,0.0107,0.1853,0.4247,0.116,0.0633,0.2567,0.0493
345,8.22,8.22,Gold Chain,Sunlit Gold,Black,VR Headset,Cowboy,Sad,0.0133,0.0267,0.0013,0.0087,0.0093,0.0313,0.0027,0.01,0.014,0.0047,0.0133,0.0247,0.0007,0.002,0.0073,0.118,0.09,0.15,0.2333,0.0193,0.058
345,4.8,4.14,Gold Chain,Sunlit Gold,Black,VR Headset,Cowboy,Sad,0.0133,0.0267,0.0013,0.0087,0.0093,0.0313,0.0027,0.01,0.014,0.0047,0.0133,0.0247,0.0007,0.002,0.0073,0.118,0.09,0.15,0.2333,0.0193,0.058
345,4.87,4.14,Gold Chain,Sunlit Gold,Black,VR Headset,Cowboy,Sad,0.0133,0.0267,0.0013,0.0087,0.0093,0.0313,0.0027,0.01,0.014,0.0047,0.0133,0.0247,0.0007,0.002,0.0073,0.118,0.09,0.15,0.2333,0.0193,0.058
430,7.69,7.69,nan,Sunlit Gold,White,White Shades,Headband,Toothy,0.0673,0.028,0.066,0.016,0.074,0.0067,0.026,0.0093,0.0293,0.006,0.0047,0.0093,0.0087,0.03,0.0107,0.1853,0.4247,0.15,0.0593,0.148,0.0447
430,8.21,8.21,nan,Sunlit Gold,White,White Shades,Headband,Toothy,0.0673,0.028,0.066,0.016,0.074,0.0067,0.026,0.0093,0.0293,0.006,0.0047,0.0093,0.0087,0.03,0.0107,0.1853,0.4247,0.15,0.0593,0.148,0.0447
430,7.59,7.59,nan,Sunlit Gold,White,White Shades,Headband,Toothy,0.0673,0.028,0.066,0.016,0.074,0.0067,0.026,0.0093,0.0293,0.006,0.0047,0.0093,0.0087,0.03,0.0107,0.1853,0.4247,0.15,0.0593,0.148,0.0447
576,7.69,7.69,nan,Spiced Orange,Black - Overweight,Red Shades,No Hat,Happy,0.0527,0.08,0.0293,0.132,0.0967,0.018,0.008,0.032,0.0307,0.012,0.0607,0.042,0.0213,0.016,0.0707,0.226,0.4247,0.118,0.1773,0.0687,0.3147
576,8.39,8.39,nan,Spiced Orange,Black - Overweight,Red Shades,No Hat,Happy,0.0527,0.08,0.0293,0.132,0.0967,0.018,0.008,0.032,0.0307,0.012,0.0607,0.042,0.0213,0.016,0.0707,0.226,0.4247,0.118,0.1773,0.0687,0.3147
1281,7.69,7.69,Scarf,Stormcloud Grey,Black,Eye Patch,Slickback,Mustache,0.01,0.0347,0.01,0.0093,0.008,0.0287,0.0087,0.0067,0.0087,0.018,0.0147,0.0213,0.0053,0.0067,0.0033,0.0767,0.1393,0.1187,0.2333,0.08,0.0493
1281,5.46,4.48,Scarf,Stormcloud Grey,Black,Eye Patch,Slickback,Mustache,0.01,0.0347,0.01,0.0093,0.008,0.0287,0.0087,0.0067,0.0087,0.018,0.0147,0.0213,0.0053,0.0067,0.0033,0.0767,0.1393,0.1187,0.2333,0.08,0.0493
658,30.77,7.69,Red Bandana,Rose Quartz Pink,Blue,Laser Eyes,Fire,Feral,0.0113,0.0053,0.0027,0.0013,0.0047,0.0093,0.0013,0.002,0.0053,0.0013,0.0013,0.004,0.0007,0.0007,0.0013,0.048,0.092,0.116,0.0633,0.0167,0.0093
658,15.17,3.82,Red Bandana,Rose Quartz Pink,Blue,Laser Eyes,Fire,Feral,0.0113,0.0053,0.0027,0.0013,0.0047,0.0093,0.0013,0.002,0.0053,0.0013,0.0013,0.004,0.0007,0.0007,0.0013,0.048,0.092,0.116,0.0633,0.0167,0.0093
754,8.95,7.69,Wings,Forest Moss Green,Tan,Eye Patch,Headband,Happy,0.0013,0.0033,0.0007,0.0013,0.0067,0.0173,0.0107,0.0073,0.0267,0.0113,0.012,0.028,0.0047,0.0173,0.0113,0.226,0.0193,0.1247,0.1553,0.08,0.0447
754,9.59,8.99,Wings,Forest Moss Green,Tan,Eye Patch,Headband,Happy,0.0013,0.0033,0.0007,0.0013,0.0067,0.0173,0.0107,0.0073,0.0267,0.0113,0.012,0.028,0.0047,0.0173,0.0113,0.226,0.0193,0.1247,0.1553,0.08,0.0447
754,1.28,0.94,Wings,Forest Moss Green,Tan,Eye Patch,Headband,Happy,0.0013,0.0033,0.0007,0.0013,0.0067,0.0173,0.0107,0.0073,0.0267,0.0113,0.012,0.028,0.0047,0.0173,0.0113,0.226,0.0193,0.1247,0.1553,0.08,0.0447
72,7.69,7.69,nan,Stormcloud Grey,Black - Overweight,3-D Glasses,No Hat,Surprised,0.0467,0.08,0.012,0.132,0.056,0.018,0.004,0.0367,0.0127,0.0073,0.0607,0.0213,0.008,0.0047,0.0407,0.1187,0.4247,0.1187,0.1773,0.0293,0.3147
72,3.82,3.82,nan,Stormcloud Grey,Black - Overweight,3-D Glasses,No Hat,Surprised,0.0467,0.08,0.012,0.132,0.056,0.018,0.004,0.0367,0.0127,0.0073,0.0607,0.0213,0.008,0.0047,0.0407,0.1187,0.4247,0.1187,0.1773,0.0293,0.3147
218,7.75,7.75,Bow Tie,Rose Quartz Pink,Black - Overweight,Normal,Cowboy,Toothy,0.0093,0.014,0.02,0.0047,0.018,0.0187,0.0273,0.0067,0.022,0.0393,0.0147,0.0373,0.0167,0.0513,0.0093,0.1853,0.0933,0.116,0.1773,0.2567,0.058
1158,8.84,7.89,Neck Tattoo,Seashell Pink,Tan - Overweight,White Shades,Headband,Panting,0.0047,0.0033,0.0047,0.0027,0.0027,0.008,0.02,0.0047,0.004,0.0153,0.002,0.0033,0.0087,0.0087,0.0027,0.048,0.03,0.118,0.0727,0.148,0.0447
1158,4.04,3.2,Neck Tattoo,Seashell Pink,Tan - Overweight,White Shades,Headband,Panting,0.0047,0.0033,0.0047,0.0027,0.0027,0.008,0.02,0.0047,0.004,0.0153,0.002,0.0033,0.0087,0.0087,0.0027,0.048,0.03,0.118,0.0727,0.148,0.0447
1299,7.89,7.89,Scarf,Forest Moss Green,Black,White Shades,No Hat,Toothy,0.0233,0.0347,0.0187,0.0473,0.0367,0.032,0.0133,0.0447,0.0253,0.0327,0.0727,0.0347,0.0487,0.03,0.0533,0.1853,0.1393,0.1247,0.2333,0.148,0.3147
610,9.09,7.91,nan,Forest Moss Green,Tan - Overweight,Normal,Wizard,Happy,0.0467,0.0313,0.102,0.0093,0.0967,0.0067,0.034,0.004,0.0267,0.016,0.0013,0.016,0.0033,0.0553,0.006,0.226,0.4247,0.1247,0.0727,0.2567,0.02
610,4.04,4.04,nan,Forest Moss Green,Tan - Overweight,Normal,Wizard,Happy,0.0467,0.0313,0.102,0.0093,0.0967,0.0067,0.034,0.004,0.0267,0.016,0.0013,0.016,0.0033,0.0553,0.006,0.226,0.4247,0.1247,0.0727,0.2567,0.02
601,9.63,7.91,nan,Forest Moss Green,Tan,Eye Patch,No Hat,Panting,0.0467,0.066,0.0313,0.132,0.0193,0.0173,0.0107,0.0447,0.0053,0.0113,0.048,0.012,0.0267,0.002,0.0173,0.048,0.4247,0.1247,0.1553,0.08,0.3147
474,7.91,7.91,nan,Rose Quartz Pink,Black,Red Round Shades,No Hat,Happy,0.048,0.0873,0.0233,0.132,0.0967,0.032,0.0107,0.0407,0.0247,0.0107,0.0727,0.0613,0.0247,0.0073,0.0707,0.226,0.4247,0.116,0.2333,0.0587,0.3147
474,7.34,6.93,nan,Rose Quartz Pink,Black,Red Round Shades,No Hat,Happy,0.048,0.0873,0.0233,0.132,0.0967,0.032,0.0107,0.0407,0.0247,0.0107,0.0727,0.0613,0.0247,0.0073,0.0707,0.226,0.4247,0.116,0.2333,0.0587,0.3147
474,4.16,4.16,nan,Rose Quartz Pink,Black,Red Round Shades,No Hat,Happy,0.048,0.0873,0.0233,0.132,0.0967,0.032,0.0107,0.0407,0.0247,0.0107,0.0727,0.0613,0.0247,0.0073,0.0707,0.226,0.4247,0.116,0.2333,0.0587,0.3147
124,7.91,7.91,Bow Tie,Forest Moss Green,Black,Red Shades,Elvis,Toothy,0.0147,0.022,0.0073,0.0047,0.018,0.032,0.01,0.0107,0.0253,0.016,0.018,0.0347,0.0053,0.0113,0.0113,0.1853,0.0933,0.1247,0.2333,0.0687,0.07
124,6.93,6.93,Bow Tie,Forest Moss Green,Black,Red Shades,Elvis,Toothy,0.0147,0.022,0.0073,0.0047,0.018,0.032,0.01,0.0107,0.0253,0.016,0.018,0.0347,0.0053,0.0113,0.0113,0.1853,0.0933,0.1247,0.2333,0.0687,0.07
124,3.75,3.75,Bow Tie,Forest Moss Green,Black,Red Shades,Elvis,Toothy,0.0147,0.022,0.0073,0.0047,0.018,0.032,0.01,0.0107,0.0253,0.016,0.018,0.0347,0.0053,0.0113,0.0113,0.1853,0.0933,0.1247,0.2333,0.0687,0.07
397,42.07,7.91,Bow Tie,Sunlit Gold,Zombie,3-D Glasses,Napoleon,Happy,0.0133,0.0013,0.002,0.0013,0.0207,0.0013,0.0047,0.0027,0.04,0.0013,0.0013,0.002,0.0007,0.0107,0.0027,0.226,0.0933,0.15,0.01,0.0293,0.0093
397,47.97,7.89,Bow Tie,Sunlit Gold,Zombie,3-D Glasses,Napoleon,Happy,0.0133,0.0013,0.002,0.0013,0.0207,0.0013,0.0047,0.0027,0.04,0.0013,0.0013,0.002,0.0007,0.0107,0.0027,0.226,0.0933,0.15,0.01,0.0293,0.0093
397,26.68,5.05,Bow Tie,Sunlit Gold,Zombie,3-D Glasses,Napoleon,Happy,0.0133,0.0013,0.002,0.0013,0.0207,0.0013,0.0047,0.0027,0.04,0.0013,0.0013,0.002,0.0007,0.0107,0.0027,0.226,0.0933,0.15,0.01,0.0293,0.0093
1372,43.95,8.09,Cape,Spiced Orange,White,Drowsy Laser Eyes,No Hat,Toothy,0.0007,0.002,0.0007,0.0027,0.002,0.0053,0.0007,0.032,0.02,0.0013,0.0187,0.0093,0.0033,0.0013,0.0533,0.1853,0.01,0.118,0.0593,0.0087,0.3147
1100,8.09,8.09,nan,Stormcloud Grey,Black - Overweight,Normal,No Hat,Sad,0.0467,0.08,0.102,0.132,0.0447,0.018,0.0287,0.0367,0.016,0.0393,0.0607,0.0187,0.0747,0.0293,0.0387,0.118,0.4247,0.1187,0.1773,0.2567,0.3147
746,9.46,8.09,Scarf,Spiced Orange,Cream,White Round Shades,Cowboy,Feral,0.014,0.014,0.012,0.0073,0.006,0.0087,0.018,0.0093,0.0033,0.0053,0.0067,0.0033,0.0053,0.0073,0.0033,0.048,0.1393,0.118,0.0787,0.0987,0.058
746,3.4,3.4,Scarf,Spiced Orange,Cream,White Round Shades,Cowboy,Feral,0.014,0.014,0.012,0.0073,0.006,0.0087,0.018,0.0093,0.0033,0.0053,0.0067,0.0033,0.0053,0.0073,0.0033,0.048,0.1393,0.118,0.0787,0.0987,0.058
727,8.5,8.09,nan,Sunlit Gold,Tan - Overweight,VR Headset,No Hat,Happy,0.0673,0.0313,0.01,0.132,0.0967,0.0113,0.0027,0.044,0.04,0.0013,0.016,0.016,0.006,0.006,0.0707,0.226,0.4247,0.15,0.0727,0.0193,0.3147
727,5.36,5.36,nan,Sunlit Gold,Tan - Overweight,VR Headset,No Hat,Happy,0.0673,0.0313,0.01,0.132,0.0967,0.0113,0.0027,0.044,0.04,0.0013,0.016,0.016,0.006,0.006,0.0707,0.226,0.4247,0.15,0.0727,0.0193,0.3147
727,3.75,3.75,nan,Sunlit Gold,Tan - Overweight,VR Headset,No Hat,Happy,0.0673,0.0313,0.01,0.132,0.0967,0.0113,0.0027,0.044,0.04,0.0013,0.016,0.016,0.006,0.006,0.0707,0.226,0.4247,0.15,0.0727,0.0193,0.3147
727,4.17,4.17,nan,Sunlit Gold,Tan - Overweight,VR Headset,No Hat,Happy,0.0673,0.0313,0.01,0.132,0.0967,0.0113,0.0027,0.044,0.04,0.0013,0.016,0.016,0.006,0.006,0.0707,0.226,0.4247,0.15,0.0727,0.0193,0.3147
727,0.94,0.94,nan,Sunlit Gold,Tan - Overweight,VR Headset,No Hat,Happy,0.0673,0.0313,0.01,0.132,0.0967,0.0113,0.0027,0.044,0.04,0.0013,0.016,0.016,0.006,0.006,0.0707,0.226,0.4247,0.15,0.0727,0.0193,0.3147
330,8.16,8.16,nan,Rose Quartz Pink,Blue,White Round Shades,Dreads,Happy,0.048,0.03,0.0427,0.0067,0.0967,0.0093,0.008,0.0033,0.0247,0.0107,0.0007,0.012,0.0007,0.0207,0.0027,0.226,0.4247,0.116,0.0633,0.0987,0.018
330,4.18,4.18,nan,Rose Quartz Pink,Blue,White Round Shades,Dreads,Happy,0.048,0.03,0.0427,0.0067,0.0967,0.0093,0.008,0.0033,0.0247,0.0107,0.0007,0.012,0.0007,0.0207,0.0027,0.226,0.4247,0.116,0.0633,0.0987,0.018
1346,8.17,8.17,nan,Spiced Orange,Chocolate,White Round Shades,Headphones,Happy,0.0527,0.0173,0.0427,0.022,0.0967,0.008,0.018,0.0053,0.0307,0.0067,0.0027,0.01,0.0013,0.0207,0.0107,0.226,0.4247,0.118,0.0433,0.0987,0.05
1346,4.33,4.33,nan,Spiced Orange,Chocolate,White Round Shades,Headphones,Happy,0.0527,0.0173,0.0427,0.022,0.0967,0.008,0.018,0.0053,0.0307,0.0067,0.0027,0.01,0.0013,0.0207,0.0107,0.226,0.4247,0.118,0.0433,0.0987,0.05
815,29.49,8.14,Red Bandana,Lavender Dusk Purple,Black,Gold Shades,Beret,Sad,0.0113,0.0253,0.0033,0.0013,0.0107,0.03,0.0033,0.0027,0.0147,0.0047,0.0033,0.0247,0.0013,0.0033,0.0007,0.118,0.092,0.1187,0.2333,0.02,0.0093
815,27.72,8.57,Red Bandana,Lavender Dusk Purple,Black,Gold Shades,Beret,Sad,0.0113,0.0253,0.0033,0.0013,0.0107,0.03,0.0033,0.0027,0.0147,0.0047,0.0033,0.0247,0.0013,0.0033,0.0007,0.118,0.092,0.1187,0.2333,0.02,0.0093
1159,9.73,8.14,Scarf,"Red, White, and Blue",Sable,Normal,Sobrero,Sad,0.0027,0.0073,0.0467,0.0067,0.0187,0.002,0.0013,0.0013,0.002,0.0193,0.0047,0.0073,0.016,0.0293,0.0067,0.118,0.1393,0.01,0.0633,0.2567,0.06
1159,11.16,8.95,Scarf,"Red, White, and Blue",Sable,Normal,Sobrero,Sad,0.0027,0.0073,0.0467,0.0067,0.0187,0.002,0.0013,0.0013,0.002,0.0193,0.0047,0.0073,0.016,0.0293,0.0067,0.118,0.1393,0.01,0.0633,0.2567,0.06
1159,12.44,8.54,Scarf,"Red, White, and Blue",Sable,Normal,Sobrero,Sad,0.0027,0.0073,0.0467,0.0067,0.0187,0.002,0.0013,0.0013,0.002,0.0193,0.0047,0.0073,0.016,0.0293,0.0067,0.118,0.1393,0.01,0.0633,0.2567,0.06
1159,4.16,3.4,Scarf,"Red, White, and Blue",Sable,Normal,Sobrero,Sad,0.0027,0.0073,0.0467,0.0067,0.0187,0.002,0.0013,0.0013,0.002,0.0193,0.0047,0.0073,0.016,0.0293,0.0067,0.118,0.1393,0.01,0.0633,0.2567,0.06
900,8.14,8.14,Red Bandana,Sunlit Gold,Black,Normal,No Hat,Sad,0.0147,0.0253,0.02,0.0307,0.0107,0.0313,0.0427,0.044,0.014,0.0613,0.0727,0.0247,0.0747,0.0293,0.0387,0.118,0.092,0.15,0.2333,0.2567,0.3147
900,3.83,3.83,Red Bandana,Sunlit Gold,Black,Normal,No Hat,Sad,0.0147,0.0253,0.02,0.0307,0.0107,0.0313,0.0427,0.044,0.014,0.0613,0.0727,0.0247,0.0747,0.0293,0.0387,0.118,0.092,0.15,0.2333,0.2567,0.3147
410,8.14,8.14,Wings,Lavender Dusk Purple,Tan,Normal,Afro,Surprised,0.0013,0.0033,0.0047,0.002,0.002,0.018,0.0353,0.006,0.0127,0.038,0.014,0.02,0.0173,0.03,0.008,0.1187,0.0193,0.1187,0.1553,0.2567,0.07
410,8.39,8.39,Wings,Lavender Dusk Purple,Tan,Normal,Afro,Surprised,0.0013,0.0033,0.0047,0.002,0.002,0.018,0.0353,0.006,0.0127,0.038,0.014,0.02,0.0173,0.03,0.008,0.1187,0.0193,0.1187,0.1553,0.2567,0.07
410,1.5,1.5,Wings,Lavender Dusk Purple,Tan,Normal,Afro,Surprised,0.0013,0.0033,0.0047,0.002,0.002,0.018,0.0353,0.006,0.0127,0.038,0.014,0.02,0.0173,0.03,0.008,0.1187,0.0193,0.1187,0.1553,0.2567,0.07
834,8.14,8.14,Tie,Stormcloud Grey,Black,Normal,No Hat,Happy,0.0133,0.0167,0.0187,0.024,0.01,0.0287,0.0287,0.0367,0.022,0.0613,0.0727,0.0613,0.0747,0.0553,0.0707,0.226,0.0627,0.1187,0.2333,0.2567,0.3147
934,8.14,8.14,Neck Tattoo,Seashell Pink,Lilac,Nouns Glasses,No Hat,Sad,0.0047,0.002,0.0027,0.0067,0.0047,0.006,0.004,0.0373,0.0147,0.002,0.016,0.0073,0.012,0.0053,0.0387,0.118,0.03,0.118,0.0433,0.0393,0.3147
934,8.91,8.54,Neck Tattoo,Seashell Pink,Lilac,Nouns Glasses,No Hat,Sad,0.0047,0.002,0.0027,0.0067,0.0047,0.006,0.004,0.0373,0.0147,0.002,0.016,0.0073,0.012,0.0053,0.0387,0.118,0.03,0.118,0.0433,0.0393,0.3147
934,6.55,6.55,Neck Tattoo,Seashell Pink,Lilac,Nouns Glasses,No Hat,Sad,0.0047,0.002,0.0027,0.0067,0.0047,0.006,0.004,0.0373,0.0147,0.002,0.016,0.0073,0.012,0.0053,0.0387,0.118,0.03,0.118,0.0433,0.0393,0.3147
934,3.1,3.1,Neck Tattoo,Seashell Pink,Lilac,Nouns Glasses,No Hat,Sad,0.0047,0.002,0.0027,0.0067,0.0047,0.006,0.004,0.0373,0.0147,0.002,0.016,0.0073,0.012,0.0053,0.0387,0.118,0.03,0.118,0.0433,0.0393,0.3147
1481,8.14,8.14,Scarf,Seashell Pink,Black - Overweight,White Shades,Dreads,Surprised,0.022,0.0273,0.0187,0.0047,0.0133,0.0253,0.02,0.0027,0.0113,0.0347,0.0053,0.0213,0.0027,0.0167,0.002,0.1187,0.1393,0.118,0.1773,0.148,0.018
1269,8.21,8.21,Scarf,Sunlit Gold,Black - Overweight,Normal,Cylinder,Happy,0.0193,0.0273,0.0467,0.0087,0.0353,0.032,0.0427,0.0067,0.04,0.0393,0.0067,0.042,0.012,0.0553,0.0087,0.226,0.1393,0.15,0.1773,0.2567,0.0493
984,8.21,8.21,nan,Seashell Pink,Cream,White Shades,Cowboy,Toothy,0.046,0.0327,0.066,0.0253,0.074,0.008,0.02,0.004,0.0247,0.01,0.0067,0.018,0.0073,0.03,0.0093,0.1853,0.4247,0.118,0.0787,0.148,0.058
984,1.62,1.54,nan,Seashell Pink,Cream,White Shades,Cowboy,Toothy,0.046,0.0327,0.066,0.0253,0.074,0.008,0.02,0.004,0.0247,0.01,0.0067,0.018,0.0073,0.03,0.0093,0.1853,0.4247,0.118,0.0787,0.148,0.058
984,1.66,1.66,nan,Seashell Pink,Cream,White Shades,Cowboy,Toothy,0.046,0.0327,0.066,0.0253,0.074,0.008,0.02,0.004,0.0247,0.01,0.0067,0.018,0.0073,0.03,0.0093,0.1853,0.4247,0.118,0.0787,0.148,0.058
1320,8.21,8.21,Scarf,Forest Moss Green,Blue,Normal,Headphones,Toothy,0.0233,0.006,0.0467,0.0067,0.0367,0.0093,0.034,0.0073,0.0253,0.0133,0.0027,0.0113,0.0153,0.0513,0.0087,0.1853,0.1393,0.1247,0.0633,0.2567,0.05
1412,8.24,8.24,nan,Rose Quartz Pink,Black,Drowsy,Cowboy,Happy,0.048,0.0873,0.0233,0.0253,0.0967,0.032,0.006,0.0067,0.0247,0.0087,0.0133,0.0613,0.002,0.01,0.0127,0.226,0.4247,0.116,0.2333,0.0407,0.058
1412,3.67,3.67,nan,Rose Quartz Pink,Black,Drowsy,Cowboy,Happy,0.048,0.0873,0.0233,0.0253,0.0967,0.032,0.006,0.0067,0.0247,0.0087,0.0133,0.0613,0.002,0.01,0.0127,0.226,0.4247,0.116,0.2333,0.0407,0.058
1319,8.24,8.24,nan,Stormcloud Grey,Tan,White Round Shades,No Hat,Vampire,0.0467,0.066,0.0427,0.132,0.026,0.0167,0.016,0.0367,0.0093,0.0207,0.048,0.012,0.0327,0.0047,0.0207,0.0593,0.4247,0.1187,0.1553,0.0987,0.3147
1319,8.57,8.57,nan,Stormcloud Grey,Tan,White Round Shades,No Hat,Vampire,0.0467,0.066,0.0427,0.132,0.026,0.0167,0.016,0.0367,0.0093,0.0207,0.048,0.012,0.0327,0.0047,0.0207,0.0593,0.4247,0.1187,0.1553,0.0987,0.3147
256,8.27,8.27,nan,Sunlit Gold,Black - Overweight,White Shades,Party Hat,Toothy,0.0673,0.08,0.066,0.0247,0.074,0.032,0.026,0.008,0.0293,0.0347,0.008,0.0373,0.0067,0.03,0.0073,0.1853,0.4247,0.15,0.1773,0.148,0.05
256,5.36,5.36,nan,Sunlit Gold,Black - Overweight,White Shades,Party Hat,Toothy,0.0673,0.08,0.066,0.0247,0.074,0.032,0.026,0.008,0.0293,0.0347,0.008,0.0373,0.0067,0.03,0.0073,0.1853,0.4247,0.15,0.1773,0.148,0.05
873,10.53,8.27,Gold Chain,Forest Moss Green,Black,Cyclop,Cylinder,Vampire,0.006,0.0267,0.0027,0.0027,0.0053,0.032,0.0047,0.01,0.008,0.0087,0.008,0.0127,0.0007,0.0013,0.0047,0.0593,0.09,0.1247,0.2333,0.0187,0.0493
873,4.97,4.31,Gold Chain,Forest Moss Green,Black,Cyclop,Cylinder,Vampire,0.006,0.0267,0.0027,0.0027,0.0053,0.032,0.0047,0.01,0.008,0.0087,0.008,0.0127,0.0007,0.0013,0.0047,0.0593,0.09,0.1247,0.2333,0.0187,0.0493
873,2.29,1.8,Gold Chain,Forest Moss Green,Black,Cyclop,Cylinder,Vampire,0.006,0.0267,0.0027,0.0027,0.0053,0.032,0.0047,0.01,0.008,0.0087,0.008,0.0127,0.0007,0.0013,0.0047,0.0593,0.09,0.1247,0.2333,0.0187,0.0493
907,8.31,8.31,Red Bandana,Sunlit Gold,Sable,White Round Shades,No Hat,Drooling,0.0147,0.004,0.008,0.0307,0.0053,0.0087,0.0147,0.044,0.0107,0.0047,0.014,0.0067,0.0327,0.0073,0.0253,0.07,0.092,0.15,0.0633,0.0987,0.3147
907,5.32,5.32,Red Bandana,Sunlit Gold,Sable,White Round Shades,No Hat,Drooling,0.0147,0.004,0.008,0.0307,0.0053,0.0087,0.0147,0.044,0.0107,0.0047,0.014,0.0067,0.0327,0.0073,0.0253,0.07,0.092,0.15,0.0633,0.0987,0.3147
907,4.14,4.14,Red Bandana,Sunlit Gold,Sable,White Round Shades,No Hat,Drooling,0.0147,0.004,0.008,0.0307,0.0053,0.0087,0.0147,0.044,0.0107,0.0047,0.014,0.0067,0.0327,0.0073,0.0253,0.07,0.092,0.15,0.0633,0.0987,0.3147
752,8.31,8.31,Red Bandana,Lavender Dusk Purple,Cream,Cyclop,No Hat,Toothy,0.0113,0.006,0.002,0.0307,0.0133,0.0087,0.002,0.0367,0.022,0.0013,0.0347,0.018,0.006,0.0027,0.0533,0.1853,0.092,0.1187,0.0787,0.0187,0.3147
752,8.56,8.56,Red Bandana,Lavender Dusk Purple,Cream,Cyclop,No Hat,Toothy,0.0113,0.006,0.002,0.0307,0.0133,0.0087,0.002,0.0367,0.022,0.0013,0.0347,0.018,0.006,0.0027,0.0533,0.1853,0.092,0.1187,0.0787,0.0187,0.3147
752,9.02,9.02,Red Bandana,Lavender Dusk Purple,Cream,Cyclop,No Hat,Toothy,0.0113,0.006,0.002,0.0307,0.0133,0.0087,0.002,0.0367,0.022,0.0013,0.0347,0.018,0.006,0.0027,0.0533,0.1853,0.092,0.1187,0.0787,0.0187,0.3147
752,1.6,1.6,Red Bandana,Lavender Dusk Purple,Cream,Cyclop,No Hat,Toothy,0.0113,0.006,0.002,0.0307,0.0133,0.0087,0.002,0.0367,0.022,0.0013,0.0347,0.018,0.006,0.0027,0.0533,0.1853,0.092,0.1187,0.0787,0.0187,0.3147
1196,8.31,8.31,Red Bandana,Spiced Orange,Black,White Shades,No Hat,Happy,0.0087,0.0253,0.0133,0.0307,0.0267,0.0267,0.0147,0.032,0.0307,0.0327,0.0727,0.0613,0.0487,0.034,0.0707,0.226,0.092,0.118,0.2333,0.148,0.3147
644,8.31,8.31,nan,Spiced Orange,Tan,Eye Patch,Slickback,Surprised,0.0527,0.066,0.0313,0.016,0.056,0.0207,0.0107,0.0073,0.0153,0.0113,0.0073,0.02,0.0053,0.0093,0.0053,0.1187,0.4247,0.118,0.1553,0.08,0.0493
1349,8.46,8.46,nan,Seashell Pink,Tan,Normal,Party Hat,Toothy,0.046,0.066,0.102,0.0247,0.074,0.0193,0.0307,0.0053,0.0247,0.038,0.006,0.032,0.0127,0.0513,0.0073,0.1853,0.4247,0.118,0.1553,0.2567,0.05
1349,4.31,4.31,nan,Seashell Pink,Tan,Normal,Party Hat,Toothy,0.046,0.066,0.102,0.0247,0.074,0.0193,0.0307,0.0053,0.0247,0.038,0.006,0.032,0.0127,0.0513,0.0073,0.1853,0.4247,0.118,0.1553,0.2567,0.05
846,8.48,8.48,Tie,Midnight Sapphire Blue,Black,White Shades,No Hat,Happy,0.0073,0.0167,0.0087,0.024,0.01,0.0233,0.0147,0.0367,0.0253,0.0327,0.0727,0.0613,0.0487,0.034,0.0707,0.226,0.0627,0.1167,0.2333,0.148,0.3147
846,5.51,5.51,Tie,Midnight Sapphire Blue,Black,White Shades,No Hat,Happy,0.0073,0.0167,0.0087,0.024,0.01,0.0233,0.0147,0.0367,0.0253,0.0327,0.0727,0.0613,0.0487,0.034,0.0707,0.226,0.0627,0.1167,0.2333,0.148,0.3147
846,4.05,4.05,Tie,Midnight Sapphire Blue,Black,White Shades,No Hat,Happy,0.0073,0.0167,0.0087,0.024,0.01,0.0233,0.0147,0.0367,0.0253,0.0327,0.0727,0.0613,0.0487,0.034,0.0707,0.226,0.0627,0.1167,0.2333,0.148,0.3147
304,8.48,8.48,Gold Chain,Stormcloud Grey,White,Goggles,Cowboy,Bubble Gum,0.0153,0.0053,0.0067,0.0087,0.0033,0.0107,0.0073,0.0047,0.0053,0.0033,0.0013,0.0033,0.004,0.002,0.004,0.05,0.09,0.1187,0.0593,0.0573,0.058
304,3.59,3.59,Gold Chain,Stormcloud Grey,White,Goggles,Cowboy,Bubble Gum,0.0153,0.0053,0.0067,0.0087,0.0033,0.0107,0.0073,0.0047,0.0053,0.0033,0.0013,0.0033,0.004,0.002,0.004,0.05,0.09,0.1187,0.0593,0.0573,0.058
304,3.55,3.55,Gold Chain,Stormcloud Grey,White,Goggles,Cowboy,Bubble Gum,0.0153,0.0053,0.0067,0.0087,0.0033,0.0107,0.0073,0.0047,0.0053,0.0033,0.0013,0.0033,0.004,0.002,0.004,0.05,0.09,0.1187,0.0593,0.0573,0.058
304,3.1,3.1,Gold Chain,Stormcloud Grey,White,Goggles,Cowboy,Bubble Gum,0.0153,0.0053,0.0067,0.0087,0.0033,0.0107,0.0073,0.0047,0.0053,0.0033,0.0013,0.0033,0.004,0.002,0.004,0.05,0.09,0.1187,0.0593,0.0573,0.058
1394,8.56,8.56,nan,Spiced Orange,Black - Overweight,White Shades,No Hat,Toothy,0.0527,0.08,0.066,0.132,0.074,0.018,0.0147,0.032,0.02,0.0347,0.0607,0.0373,0.0487,0.03,0.0533,0.1853,0.4247,0.118,0.1773,0.148,0.3147
1394,4.31,4.31,nan,Spiced Orange,Black - Overweight,White Shades,No Hat,Toothy,0.0527,0.08,0.066,0.132,0.074,0.018,0.0147,0.032,0.02,0.0347,0.0607,0.0373,0.0487,0.03,0.0533,0.1853,0.4247,0.118,0.1773,0.148,0.3147
1478,8.56,8.56,Scarf,Seashell Pink,Black,Red Shades,Headband,Toothy,0.022,0.0347,0.0067,0.0113,0.0367,0.0253,0.0067,0.0047,0.0247,0.016,0.0087,0.0347,0.0013,0.0113,0.0107,0.1853,0.1393,0.118,0.2333,0.0687,0.0447
1478,8.97,8.89,Scarf,Seashell Pink,Black,Red Shades,Headband,Toothy,0.022,0.0347,0.0067,0.0113,0.0367,0.0253,0.0067,0.0047,0.0247,0.016,0.0087,0.0347,0.0013,0.0113,0.0107,0.1853,0.1393,0.118,0.2333,0.0687,0.0447
901,21.63,8.56,Samurai Sword,Lavender Dusk Purple,Sable,Red Round Shades,Wizard,Surprised,0.0027,0.0027,0.0013,0.0007,0.0033,0.008,0.008,0.0027,0.0127,0.0033,0.002,0.0047,0.002,0.0087,0.0027,0.1187,0.0187,0.1187,0.0633,0.0587,0.02
901,18.44,8.89,Samurai Sword,Lavender Dusk Purple,Sable,Red Round Shades,Wizard,Surprised,0.0027,0.0027,0.0013,0.0007,0.0033,0.008,0.008,0.0027,0.0127,0.0033,0.002,0.0047,0.002,0.0087,0.0027,0.1187,0.0187,0.1187,0.0633,0.0587,0.02
1442,8.56,8.56,Red Bandana,Spiced Orange,Black - Overweight,Red Shades,No Hat,Toothy,0.0087,0.018,0.0067,0.0307,0.0133,0.018,0.008,0.032,0.02,0.012,0.0607,0.0373,0.0213,0.0113,0.0533,0.1853,0.092,0.118,0.1773,0.0687,0.3147
1442,8.99,8.99,Red Bandana,Spiced Orange,Black - Overweight,Red Shades,No Hat,Toothy,0.0087,0.018,0.0067,0.0307,0.0133,0.018,0.008,0.032,0.02,0.012,0.0607,0.0373,0.0213,0.0113,0.0533,0.1853,0.092,0.118,0.1773,0.0687,0.3147
147,8.56,8.56,Bow Tie,Seashell Pink,Black,Normal,Party Hat,Vampire,0.0127,0.022,0.02,0.0067,0.0073,0.0253,0.0307,0.0053,0.0067,0.0613,0.014,0.0127,0.0127,0.018,0.004,0.0593,0.0933,0.118,0.2333,0.2567,0.05
147,3.56,3.56,Bow Tie,Seashell Pink,Black,Normal,Party Hat,Vampire,0.0127,0.022,0.02,0.0067,0.0073,0.0253,0.0307,0.0053,0.0067,0.0613,0.014,0.0127,0.0127,0.018,0.004,0.0593,0.0933,0.118,0.2333,0.2567,0.05
1335,8.57,8.57,Scarf,Lavender Dusk Purple,Black - Overweight,Red Round Shades,No Hat,Drooling,0.0173,0.0273,0.0087,0.0473,0.006,0.0187,0.008,0.0367,0.0087,0.01,0.0607,0.0133,0.0247,0.0033,0.0253,0.07,0.1393,0.1187,0.1773,0.0587,0.3147
1335,8.83,8.83,Scarf,Lavender Dusk Purple,Black - Overweight,Red Round Shades,No Hat,Drooling,0.0173,0.0273,0.0087,0.0473,0.006,0.0187,0.008,0.0367,0.0087,0.01,0.0607,0.0133,0.0247,0.0033,0.0253,0.07,0.1393,0.1187,0.1773,0.0587,0.3147
661,9.3,8.57,Neck Tattoo,Stormcloud Grey,Tan - Overweight,White Shades,Slickback,Feral,0.0027,0.0033,0.0047,0.0027,0.0007,0.0127,0.02,0.0067,0.006,0.0153,0.0047,0.004,0.004,0.008,0.002,0.048,0.03,0.1187,0.0727,0.148,0.0493
661,3.97,3.97,Neck Tattoo,Stormcloud Grey,Tan - Overweight,White Shades,Slickback,Feral,0.0027,0.0033,0.0047,0.0027,0.0007,0.0127,0.02,0.0067,0.006,0.0153,0.0047,0.004,0.004,0.008,0.002,0.048,0.03,0.1187,0.0727,0.148,0.0493
108,8.57,8.57,Scarf,Spiced Orange,White,Normal,No Hat,Happy,0.014,0.0087,0.0467,0.0473,0.0353,0.0053,0.0253,0.032,0.0307,0.0207,0.0187,0.0113,0.0747,0.0553,0.0707,0.226,0.1393,0.118,0.0593,0.2567,0.3147
108,0.94,0.94,Scarf,Spiced Orange,White,Normal,No Hat,Happy,0.014,0.0087,0.0467,0.0473,0.0353,0.0053,0.0253,0.032,0.0307,0.0207,0.0187,0.0113,0.0747,0.0553,0.0707,0.226,0.1393,0.118,0.0593,0.2567,0.3147
1216,11.43,8.57,Scarf,Forest Moss Green,Lilac,VR Headset,Sobrero,Feral,0.0233,0.0047,0.0027,0.0067,0.006,0.0047,0.0007,0.006,0.0067,0.002,0.004,0.0033,0.0007,0.0007,0.0027,0.048,0.1393,0.1247,0.0433,0.0193,0.06
1216,9.02,7.58,Scarf,Forest Moss Green,Lilac,VR Headset,Sobrero,Feral,0.0233,0.0047,0.0027,0.0067,0.006,0.0047,0.0007,0.006,0.0067,0.002,0.004,0.0033,0.0007,0.0007,0.0027,0.048,0.1393,0.1247,0.0433,0.0193,0.06
719,8.57,8.57,nan,Spiced Orange,Tan,White Shades,No Hat,Drooling,0.0527,0.066,0.066,0.132,0.032,0.0207,0.0147,0.032,0.008,0.0207,0.048,0.008,0.0487,0.0067,0.0253,0.07,0.4247,0.118,0.1553,0.148,0.3147
719,8.99,8.99,nan,Spiced Orange,Tan,White Shades,No Hat,Drooling,0.0527,0.066,0.066,0.132,0.032,0.0207,0.0147,0.032,0.008,0.0207,0.048,0.008,0.0487,0.0067,0.0253,0.07,0.4247,0.118,0.1553,0.148,0.3147
1127,13.47,8.57,nan,Lavender Dusk Purple,Tan,White Round Shades,Angel Halo,Toothy,0.0507,0.066,0.0427,0.0033,0.074,0.018,0.01,0.0007,0.022,0.0207,0.0027,0.032,0.0033,0.0147,0.0027,0.1853,0.4247,0.1187,0.1553,0.0987,0.01
1127,9.0,5.36,nan,Lavender Dusk Purple,Tan,White Round Shades,Angel Halo,Toothy,0.0507,0.066,0.0427,0.0033,0.074,0.018,0.01,0.0007,0.022,0.0207,0.0027,0.032,0.0033,0.0147,0.0027,0.1853,0.4247,0.1187,0.1553,0.0987,0.01
249,8.57,8.57,nan,Seashell Pink,Lilac,Drowsy,No Hat,Sad,0.046,0.018,0.0233,0.132,0.0447,0.006,0.0087,0.0373,0.0147,0.0007,0.016,0.0073,0.012,0.0047,0.0387,0.118,0.4247,0.118,0.0433,0.0407,0.3147
249,9.15,9.15,nan,Seashell Pink,Lilac,Drowsy,No Hat,Sad,0.046,0.018,0.0233,0.132,0.0447,0.006,0.0087,0.0373,0.0147,0.0007,0.016,0.0073,0.012,0.0047,0.0387,0.118,0.4247,0.118,0.0433,0.0407,0.3147
249,2.71,2.71,nan,Seashell Pink,Lilac,Drowsy,No Hat,Sad,0.046,0.018,0.0233,0.132,0.0447,0.006,0.0087,0.0373,0.0147,0.0007,0.016,0.0073,0.012,0.0047,0.0387,0.118,0.4247,0.118,0.0433,0.0407,0.3147
182,8.57,8.57,Neck Tattoo,Spiced Orange,Sable,Red Shades,Pirate,Sad,0.0047,0.002,0.0033,0.002,0.0047,0.0113,0.008,0.006,0.0147,0.0047,0.006,0.0073,0.004,0.0093,0.0073,0.118,0.03,0.118,0.0633,0.0687,0.06
1440,8.55,8.55,Scarf,Forest Moss Green,Lilac,3-D Glasses,No Hat,Happy,0.0233,0.0047,0.0047,0.0473,0.0353,0.0047,0.0027,0.0447,0.0267,0.002,0.016,0.0133,0.008,0.0107,0.0707,0.226,0.1393,0.1247,0.0433,0.0293,0.3147
22,14.08,8.55,nan,Lavender Dusk Purple,Tan,Normal,Leprechaun,Toothy,0.0507,0.066,0.102,0.0053,0.074,0.018,0.0353,0.0027,0.022,0.038,0.0007,0.032,0.004,0.0513,0.002,0.1853,0.4247,0.1187,0.1553,0.2567,0.01
22,6.3,4.14,nan,Lavender Dusk Purple,Tan,Normal,Leprechaun,Toothy,0.0507,0.066,0.102,0.0053,0.074,0.018,0.0353,0.0027,0.022,0.038,0.0007,0.032,0.004,0.0513,0.002,0.1853,0.4247,0.1187,0.1553,0.2567,0.01
483,8.54,8.54,Bow Tie,Stormcloud Grey,Black - Overweight,Normal,Pirate,Sad,0.012,0.014,0.02,0.0047,0.0127,0.018,0.0287,0.0053,0.016,0.0393,0.008,0.0187,0.0153,0.0293,0.0073,0.118,0.0933,0.1187,0.1773,0.2567,0.06
483,4.51,4.51,Bow Tie,Stormcloud Grey,Black - Overweight,Normal,Pirate,Sad,0.012,0.014,0.02,0.0047,0.0127,0.018,0.0287,0.0053,0.016,0.0393,0.008,0.0187,0.0153,0.0293,0.0073,0.118,0.0933,0.1187,0.1773,0.2567,0.06
793,8.54,8.54,nan,Sunlit Gold,Sable,Normal,Headband,Feral,0.0673,0.0293,0.102,0.016,0.0187,0.0087,0.0427,0.0093,0.0053,0.0193,0.0027,0.0053,0.0127,0.0147,0.002,0.048,0.4247,0.15,0.0633,0.2567,0.0447
585,8.54,8.54,Bow Tie,Sunlit Gold,Black,Red Shades,No Hat,Happy,0.0133,0.022,0.0073,0.0307,0.0207,0.0313,0.0133,0.044,0.04,0.016,0.0727,0.0613,0.0213,0.016,0.0707,0.226,0.0933,0.15,0.2333,0.0687,0.3147
585,3.82,3.82,Bow Tie,Sunlit Gold,Black,Red Shades,No Hat,Happy,0.0133,0.022,0.0073,0.0307,0.0207,0.0313,0.0133,0.044,0.04,0.016,0.0727,0.0613,0.0213,0.016,0.0707,0.226,0.0933,0.15,0.2333,0.0687,0.3147
697,8.61,8.61,nan,Lavender Dusk Purple,Chocolate,Drowsy,No Hat,Surprised,0.0507,0.0173,0.0233,0.132,0.056,0.0047,0.0047,0.0367,0.0127,0.002,0.0113,0.0053,0.012,0.0047,0.0407,0.1187,0.4247,0.1187,0.0433,0.0407,0.3147
76,8.61,8.61,nan,Midnight Sapphire Blue,Cream,Normal,Slickback,Surprised,0.0567,0.0327,0.102,0.016,0.056,0.0093,0.03,0.0053,0.0133,0.0227,0.0033,0.0133,0.018,0.03,0.0053,0.1187,0.4247,0.1167,0.0787,0.2567,0.0493
76,8.6,8.6,nan,Midnight Sapphire Blue,Cream,Normal,Slickback,Surprised,0.0567,0.0327,0.102,0.016,0.056,0.0093,0.03,0.0053,0.0133,0.0227,0.0033,0.0133,0.018,0.03,0.0053,0.1187,0.4247,0.1167,0.0787,0.2567,0.0493
76,8.99,8.99,nan,Midnight Sapphire Blue,Cream,Normal,Slickback,Surprised,0.0567,0.0327,0.102,0.016,0.056,0.0093,0.03,0.0053,0.0133,0.0227,0.0033,0.0133,0.018,0.03,0.0053,0.1187,0.4247,0.1167,0.0787,0.2567,0.0493
76,9.45,9.45,nan,Midnight Sapphire Blue,Cream,Normal,Slickback,Surprised,0.0567,0.0327,0.102,0.016,0.056,0.0093,0.03,0.0053,0.0133,0.0227,0.0033,0.0133,0.018,0.03,0.0053,0.1187,0.4247,0.1167,0.0787,0.2567,0.0493
76,3.36,3.36,nan,Midnight Sapphire Blue,Cream,Normal,Slickback,Surprised,0.0567,0.0327,0.102,0.016,0.056,0.0093,0.03,0.0053,0.0133,0.0227,0.0033,0.0133,0.018,0.03,0.0053,0.1187,0.4247,0.1167,0.0787,0.2567,0.0493
1360,8.61,8.61,nan,Midnight Sapphire Blue,Chocolate,Normal,Cylinder,Surprised,0.0567,0.0173,0.102,0.0193,0.056,0.008,0.03,0.0053,0.0133,0.0113,0.006,0.0053,0.012,0.03,0.0073,0.1187,0.4247,0.1167,0.0433,0.2567,0.0493
1360,8.99,8.99,nan,Midnight Sapphire Blue,Chocolate,Normal,Cylinder,Surprised,0.0567,0.0173,0.102,0.0193,0.056,0.008,0.03,0.0053,0.0133,0.0113,0.006,0.0053,0.012,0.03,0.0073,0.1187,0.4247,0.1167,0.0433,0.2567,0.0493
1360,4.61,4.61,nan,Midnight Sapphire Blue,Chocolate,Normal,Cylinder,Surprised,0.0567,0.0173,0.102,0.0193,0.056,0.008,0.03,0.0053,0.0133,0.0113,0.006,0.0053,0.012,0.03,0.0073,0.1187,0.4247,0.1167,0.0433,0.2567,0.0493
1370,8.6,8.6,nan,Seashell Pink,White,Normal,Headphones,Bubble Gum,0.046,0.028,0.102,0.022,0.0227,0.0087,0.0307,0.0073,0.0053,0.0207,0.0027,0.0033,0.0153,0.0113,0.0033,0.05,0.4247,0.118,0.0593,0.2567,0.05
1090,9.57,8.6,nan,Sunlit Gold,Tan,Gold Shades,Cylinder,Bubble Gum,0.0673,0.066,0.006,0.0193,0.0227,0.0267,0.0027,0.0067,0.0073,0.0033,0.0107,0.008,0.0033,0.0013,0.0033,0.05,0.4247,0.15,0.1553,0.02,0.0493
1090,11.06,9.53,nan,Sunlit Gold,Tan,Gold Shades,Cylinder,Bubble Gum,0.0673,0.066,0.006,0.0193,0.0227,0.0267,0.0027,0.0067,0.0073,0.0033,0.0107,0.008,0.0033,0.0013,0.0033,0.05,0.4247,0.15,0.1553,0.02,0.0493
1090,3.15,2.64,nan,Sunlit Gold,Tan,Gold Shades,Cylinder,Bubble Gum,0.0673,0.066,0.006,0.0193,0.0227,0.0267,0.0027,0.0067,0.0073,0.0033,0.0107,0.008,0.0033,0.0013,0.0033,0.05,0.4247,0.15,0.1553,0.02,0.0493
403,8.6,8.6,nan,Lavender Dusk Purple,Tan - Overweight,White Shades,Elvis,Surprised,0.0507,0.0313,0.066,0.0273,0.056,0.008,0.014,0.0067,0.0127,0.0153,0.0053,0.0067,0.0113,0.0167,0.0067,0.1187,0.4247,0.1187,0.0727,0.148,0.07
1222,8.6,8.6,Red Bandana,Sunlit Gold,White,White Round Shades,Sobrero,Vampire,0.0147,0.0053,0.008,0.0073,0.006,0.0067,0.0147,0.0073,0.0093,0.0053,0.0047,0.0073,0.0073,0.0047,0.0027,0.0593,0.092,0.15,0.0593,0.0987,0.06
1222,4.59,4.29,Red Bandana,Sunlit Gold,White,White Round Shades,Sobrero,Vampire,0.0147,0.0053,0.008,0.0073,0.006,0.0067,0.0147,0.0073,0.0093,0.0053,0.0047,0.0073,0.0073,0.0047,0.0027,0.0593,0.092,0.15,0.0593,0.0987,0.06
246,8.6,8.6,Red Bandana,Seashell Pink,Black - Overweight,Red Round Shades,Headband,Panting,0.008,0.018,0.006,0.0047,0.0073,0.0253,0.0087,0.0047,0.004,0.01,0.006,0.0053,0.0027,0.008,0.0027,0.048,0.092,0.118,0.1773,0.0587,0.0447
246,8.99,8.99,Red Bandana,Seashell Pink,Black - Overweight,Red Round Shades,Headband,Panting,0.008,0.018,0.006,0.0047,0.0073,0.0253,0.0087,0.0047,0.004,0.01,0.006,0.0053,0.0027,0.008,0.0027,0.048,0.092,0.118,0.1773,0.0587,0.0447
1230,8.6,8.6,Bow Tie,Sunlit Gold,Black,3-D Glasses,Headphones,Surprised,0.0133,0.022,0.002,0.0047,0.0107,0.0313,0.0047,0.0053,0.018,0.0067,0.01,0.0267,0.0007,0.0047,0.0033,0.1187,0.0933,0.15,0.2333,0.0293,0.05
1230,8.57,8.57,Bow Tie,Sunlit Gold,Black,3-D Glasses,Headphones,Surprised,0.0133,0.022,0.002,0.0047,0.0107,0.0313,0.0047,0.0053,0.018,0.0067,0.01,0.0267,0.0007,0.0047,0.0033,0.1187,0.0933,0.15,0.2333,0.0293,0.05
1386,8.6,8.6,nan,Seashell Pink,White,Normal,No Hat,Vampire,0.046,0.028,0.102,0.132,0.026,0.0087,0.0307,0.0373,0.0067,0.0207,0.0187,0.0073,0.0747,0.018,0.0207,0.0593,0.4247,0.118,0.0593,0.2567,0.3147
1386,4.33,4.33,nan,Seashell Pink,White,Normal,No Hat,Vampire,0.046,0.028,0.102,0.132,0.026,0.0087,0.0307,0.0373,0.0067,0.0207,0.0187,0.0073,0.0747,0.018,0.0207,0.0593,0.4247,0.118,0.0593,0.2567,0.3147
1386,3.82,3.82,nan,Seashell Pink,White,Normal,No Hat,Vampire,0.046,0.028,0.102,0.132,0.026,0.0087,0.0307,0.0373,0.0067,0.0207,0.0187,0.0073,0.0747,0.018,0.0207,0.0593,0.4247,0.118,0.0593,0.2567,0.3147
162,9.52,8.67,Gold Chain,Midnight Sapphire Blue,Black,Cyclop,Cowboy,Happy,0.0127,0.0267,0.0027,0.0087,0.0147,0.0233,0.0027,0.01,0.0253,0.0087,0.0133,0.0613,0.0013,0.0047,0.0127,0.226,0.09,0.1167,0.2333,0.0187,0.058
677,8.67,8.67,Red Bandana,Midnight Sapphire Blue,Tan,Normal,Headband,Panting,0.0113,0.0127,0.02,0.0047,0.0073,0.0167,0.03,0.0027,0.0053,0.038,0.012,0.012,0.0127,0.0073,0.0027,0.048,0.092,0.1167,0.1553,0.2567,0.0447
677,8.15,8.15,Red Bandana,Midnight Sapphire Blue,Tan,Normal,Headband,Panting,0.0113,0.0127,0.02,0.0047,0.0073,0.0167,0.03,0.0027,0.0053,0.038,0.012,0.012,0.0127,0.0073,0.0027,0.048,0.092,0.1167,0.1553,0.2567,0.0447
640,19.37,8.67,nan,Spiced Orange,Blue,Drowsy,Bone,Surprised,0.0527,0.03,0.0233,0.0053,0.056,0.006,0.004,0.004,0.0153,0.0027,0.0013,0.0087,0.0013,0.0047,0.0027,0.1187,0.4247,0.118,0.0633,0.0407,0.0093
640,17.09,6.65,nan,Spiced Orange,Blue,Drowsy,Bone,Surprised,0.0527,0.03,0.0233,0.0053,0.056,0.006,0.004,0.004,0.0153,0.0027,0.0013,0.0087,0.0013,0.0047,0.0027,0.1187,0.4247,0.118,0.0633,0.0407,0.0093
640,6.99,2.64,nan,Spiced Orange,Blue,Drowsy,Bone,Surprised,0.0527,0.03,0.0233,0.0053,0.056,0.006,0.004,0.004,0.0153,0.0027,0.0013,0.0087,0.0013,0.0047,0.0027,0.1187,0.4247,0.118,0.0633,0.0407,0.0093
188,8.67,8.67,Gold Chain,Rose Quartz Pink,Sable,White Shades,No Hat,Mustache,0.01,0.01,0.0133,0.0273,0.008,0.008,0.0207,0.0407,0.0093,0.01,0.014,0.0073,0.0487,0.01,0.022,0.0767,0.09,0.116,0.0633,0.148,0.3147
559,53.12,8.67,Wings,Sunlit Gold,Sable,Drowsy Cyclop,Angel Halo,Toothy,0.0053,0.0007,0.0007,0.0007,0.0047,0.0087,0.0007,0.0013,0.0293,0.0007,0.0013,0.0127,0.0013,0.0013,0.0027,0.1853,0.0193,0.15,0.0633,0.01,0.01
559,27.58,4.29,Wings,Sunlit Gold,Sable,Drowsy Cyclop,Angel Halo,Toothy,0.0053,0.0007,0.0007,0.0007,0.0047,0.0087,0.0007,0.0013,0.0293,0.0007,0.0013,0.0127,0.0013,0.0013,0.0027,0.1853,0.0193,0.15,0.0633,0.01,0.01
559,17.0,2.78,Wings,Sunlit Gold,Sable,Drowsy Cyclop,Angel Halo,Toothy,0.0053,0.0007,0.0007,0.0007,0.0047,0.0087,0.0007,0.0013,0.0293,0.0007,0.0013,0.0127,0.0013,0.0013,0.0027,0.1853,0.0193,0.15,0.0633,0.01,0.01
559,10.54,1.8,Wings,Sunlit Gold,Sable,Drowsy Cyclop,Angel Halo,Toothy,0.0053,0.0007,0.0007,0.0007,0.0047,0.0087,0.0007,0.0013,0.0293,0.0007,0.0013,0.0127,0.0013,0.0013,0.0027,0.1853,0.0193,0.15,0.0633,0.01,0.01
463,8.67,8.67,Gold Chain,Stormcloud Grey,Black - Overweight,White Shades,No Hat,Drooling,0.0153,0.008,0.0133,0.0273,0.0073,0.018,0.02,0.0367,0.0093,0.0347,0.0607,0.0133,0.0487,0.0067,0.0253,0.07,0.09,0.1187,0.1773,0.148,0.3147
1454,8.67,8.67,Red Bandana,Seashell Pink,Cream,Eye Patch,Elvis,Toothy,0.008,0.006,0.012,0.0067,0.0133,0.008,0.0047,0.0093,0.0247,0.004,0.004,0.018,0.006,0.0167,0.0113,0.1853,0.092,0.118,0.0787,0.08,0.07
160,8.67,8.67,Gold Chain,Stormcloud Grey,White,White Shades,Afro,Vampire,0.0153,0.0053,0.0133,0.006,0.0053,0.0107,0.02,0.0087,0.0093,0.006,0.0047,0.0073,0.012,0.0107,0.0047,0.0593,0.09,0.1187,0.0593,0.148,0.07
160,8.58,8.58,Gold Chain,Stormcloud Grey,White,White Shades,Afro,Vampire,0.0153,0.0053,0.0133,0.006,0.0053,0.0107,0.02,0.0087,0.0093,0.006,0.0047,0.0073,0.012,0.0107,0.0047,0.0593,0.09,0.1187,0.0593,0.148,0.07
160,3.67,3.67,Gold Chain,Stormcloud Grey,White,White Shades,Afro,Vampire,0.0153,0.0053,0.0133,0.006,0.0053,0.0107,0.02,0.0087,0.0093,0.006,0.0047,0.0073,0.012,0.0107,0.0047,0.0593,0.09,0.1187,0.0593,0.148,0.07
160,5.61,4.75,Gold Chain,Stormcloud Grey,White,White Shades,Afro,Vampire,0.0153,0.0053,0.0133,0.006,0.0053,0.0107,0.02,0.0087,0.0093,0.006,0.0047,0.0073,0.012,0.0107,0.0047,0.0593,0.09,0.1187,0.0593,0.148,0.07
499,8.82,8.82,nan,Seashell Pink,Blue,Red Round Shades,Afro,Mustache,0.046,0.03,0.0233,0.034,0.0347,0.008,0.0087,0.008,0.0073,0.004,0.0073,0.0053,0.002,0.004,0.01,0.0767,0.4247,0.118,0.0633,0.0587,0.07
945,8.92,8.92,nan,Seashell Pink,Black - Overweight,Normal,Headband,Surprised,0.046,0.08,0.102,0.016,0.056,0.0253,0.0307,0.0047,0.0113,0.0393,0.006,0.0213,0.0127,0.03,0.0053,0.1187,0.4247,0.118,0.1773,0.2567,0.0447
1117,8.92,8.92,Scarf,Forest Moss Green,Cream,Normal,No Hat,Happy,0.0233,0.014,0.0467,0.0473,0.0353,0.0087,0.034,0.0447,0.0267,0.0227,0.0347,0.018,0.0747,0.0553,0.0707,0.226,0.1393,0.1247,0.0787,0.2567,0.3147
1117,10.95,9.53,Scarf,Forest Moss Green,Cream,Normal,No Hat,Happy,0.0233,0.014,0.0467,0.0473,0.0353,0.0087,0.034,0.0447,0.0267,0.0227,0.0347,0.018,0.0747,0.0553,0.0707,0.226,0.1393,0.1247,0.0787,0.2567,0.3147
1117,5.36,5.36,Scarf,Forest Moss Green,Cream,Normal,No Hat,Happy,0.0233,0.014,0.0467,0.0473,0.0353,0.0087,0.034,0.0447,0.0267,0.0227,0.0347,0.018,0.0747,0.0553,0.0707,0.226,0.1393,0.1247,0.0787,0.2567,0.3147
1117,5.03,5.03,Scarf,Forest Moss Green,Cream,Normal,No Hat,Happy,0.0233,0.014,0.0467,0.0473,0.0353,0.0087,0.034,0.0447,0.0267,0.0227,0.0347,0.018,0.0747,0.0553,0.0707,0.226,0.1393,0.1247,0.0787,0.2567,0.3147
1117,4.14,4.14,Scarf,Forest Moss Green,Cream,Normal,No Hat,Happy,0.0233,0.014,0.0467,0.0473,0.0353,0.0087,0.034,0.0447,0.0267,0.0227,0.0347,0.018,0.0747,0.0553,0.0707,0.226,0.1393,0.1247,0.0787,0.2567,0.3147
1117,3.38,3.38,Scarf,Forest Moss Green,Cream,Normal,No Hat,Happy,0.0233,0.014,0.0467,0.0473,0.0353,0.0087,0.034,0.0447,0.0267,0.0227,0.0347,0.018,0.0747,0.0553,0.0707,0.226,0.1393,0.1247,0.0787,0.2567,0.3147
1117,2.85,2.85,Scarf,Forest Moss Green,Cream,Normal,No Hat,Happy,0.0233,0.014,0.0467,0.0473,0.0353,0.0087,0.034,0.0447,0.0267,0.0227,0.0347,0.018,0.0747,0.0553,0.0707,0.226,0.1393,0.1247,0.0787,0.2567,0.3147
462,9.26,8.92,nan,Forest Moss Green,Black - Overweight,White Shades,Elvis,Happy,0.0467,0.08,0.066,0.0273,0.0967,0.026,0.0133,0.0107,0.0267,0.0347,0.0127,0.042,0.0113,0.034,0.0207,0.226,0.4247,0.1247,0.1773,0.148,0.07
563,13.21,8.92,nan,Midnight Sapphire Blue,Zombie,Normal,No Hat,Surprised,0.0567,0.0047,0.102,0.132,0.056,0.0027,0.03,0.0367,0.0133,0.0013,0.002,0.0013,0.0747,0.03,0.0407,0.1187,0.4247,0.1167,0.01,0.2567,0.3147
225,8.92,8.92,Bow Tie,Sunlit Gold,Cream,Eye Patch,No Hat,Sad,0.0133,0.008,0.0093,0.0307,0.0127,0.0127,0.0107,0.044,0.014,0.004,0.0347,0.0093,0.0267,0.0093,0.0387,0.118,0.0933,0.15,0.0787,0.08,0.3147
679,8.92,8.92,nan,Stormcloud Grey,Blue,White Round Shades,No Hat,Sad,0.0467,0.03,0.0427,0.132,0.0447,0.0067,0.016,0.0367,0.016,0.0107,0.0207,0.0073,0.0327,0.012,0.0387,0.118,0.4247,0.1187,0.0633,0.0987,0.3147
679,3.41,3.41,nan,Stormcloud Grey,Blue,White Round Shades,No Hat,Sad,0.0467,0.03,0.0427,0.132,0.0447,0.0067,0.016,0.0367,0.016,0.0107,0.0207,0.0073,0.0327,0.012,0.0387,0.118,0.4247,0.1187,0.0633,0.0987,0.3147
679,4.28,4.28,nan,Stormcloud Grey,Blue,White Round Shades,No Hat,Sad,0.0467,0.03,0.0427,0.132,0.0447,0.0067,0.016,0.0367,0.016,0.0107,0.0207,0.0073,0.0327,0.012,0.0387,0.118,0.4247,0.1187,0.0633,0.0987,0.3147
1316,8.92,8.92,Red Bandana,Sunlit Gold,Tan - Overweight,Normal,Sobrero,Happy,0.0147,0.006,0.02,0.0073,0.0267,0.0113,0.0427,0.0073,0.04,0.016,0.006,0.016,0.016,0.0553,0.0173,0.226,0.092,0.15,0.0727,0.2567,0.06
1316,8.81,8.81,Red Bandana,Sunlit Gold,Tan - Overweight,Normal,Sobrero,Happy,0.0147,0.006,0.02,0.0073,0.0267,0.0113,0.0427,0.0073,0.04,0.016,0.006,0.016,0.016,0.0553,0.0173,0.226,0.092,0.15,0.0727,0.2567,0.06
1316,8.15,8.15,Red Bandana,Sunlit Gold,Tan - Overweight,Normal,Sobrero,Happy,0.0147,0.006,0.02,0.0073,0.0267,0.0113,0.0427,0.0073,0.04,0.016,0.006,0.016,0.016,0.0553,0.0173,0.226,0.092,0.15,0.0727,0.2567,0.06
0,8.93,8.93,Neck Tattoo,Lavender Dusk Purple,Cream,Normal,Slickback,Sad,0.0047,0.0027,0.0047,0.0027,0.0047,0.0087,0.0353,0.006,0.0147,0.0227,0.0033,0.0093,0.018,0.0293,0.0073,0.118,0.03,0.1187,0.0787,0.2567,0.0493
1459,8.93,8.93,nan,Seashell Pink,White,White Shades,No Hat,Toothy,0.046,0.028,0.066,0.132,0.074,0.0087,0.02,0.0373,0.0247,0.006,0.0187,0.0093,0.0487,0.03,0.0533,0.1853,0.4247,0.118,0.0593,0.148,0.3147
1459,8.39,8.39,nan,Seashell Pink,White,White Shades,No Hat,Toothy,0.046,0.028,0.066,0.132,0.074,0.0087,0.02,0.0373,0.0247,0.006,0.0187,0.0093,0.0487,0.03,0.0533,0.1853,0.4247,0.118,0.0593,0.148,0.3147
1459,8.44,8.44,nan,Seashell Pink,White,White Shades,No Hat,Toothy,0.046,0.028,0.066,0.132,0.074,0.0087,0.02,0.0373,0.0247,0.006,0.0187,0.0093,0.0487,0.03,0.0533,0.1853,0.4247,0.118,0.0593,0.148,0.3147
181,8.95,8.95,Scarf,Stormcloud Grey,Black - Overweight,Red Shades,No Hat,Sad,0.01,0.0273,0.0067,0.0473,0.0187,0.018,0.008,0.0367,0.016,0.012,0.0607,0.0187,0.0213,0.0093,0.0387,0.118,0.1393,0.1187,0.1773,0.0687,0.3147
181,4.75,4.75,Scarf,Stormcloud Grey,Black - Overweight,Red Shades,No Hat,Sad,0.01,0.0273,0.0067,0.0473,0.0187,0.018,0.008,0.0367,0.016,0.012,0.0607,0.0187,0.0213,0.0093,0.0387,0.118,0.1393,0.1187,0.1773,0.0687,0.3147
1408,9.97,8.95,Samurai Sword,Spiced Orange,Black,Eye Patch,Cowboy,Happy,0.0027,0.0053,0.0013,0.002,0.002,0.0267,0.0107,0.0093,0.0307,0.018,0.0133,0.0613,0.0047,0.0173,0.0127,0.226,0.0187,0.118,0.2333,0.08,0.058
593,32.75,8.95,Scarf,Lavender Dusk Purple,White,Drowsy Laser Eyes,Party Hat,Bubble Gum,0.0173,0.0087,0.0013,0.0033,0.0073,0.008,0.002,0.0067,0.0073,0.0013,0.002,0.0033,0.0013,0.0007,0.004,0.05,0.1393,0.1187,0.0593,0.0087,0.05
593,15.0,4.31,Scarf,Lavender Dusk Purple,White,Drowsy Laser Eyes,Party Hat,Bubble Gum,0.0173,0.0087,0.0013,0.0033,0.0073,0.008,0.002,0.0067,0.0073,0.0013,0.002,0.0033,0.0013,0.0007,0.004,0.05,0.1393,0.1187,0.0593,0.0087,0.05
1049,9.9,8.95,Gold Chain,Lavender Dusk Purple,Tan,Normal,No Hat,Feral,0.0093,0.0113,0.0233,0.0273,0.0047,0.018,0.0353,0.0367,0.0067,0.038,0.048,0.0067,0.0747,0.0147,0.0153,0.048,0.09,0.1187,0.1553,0.2567,0.3147
758,8.95,8.95,nan,Forest Moss Green,Black,Goggles,Elvis,Sad,0.0467,0.0873,0.0267,0.0273,0.0447,0.032,0.008,0.0107,0.0127,0.016,0.018,0.0247,0.004,0.0073,0.008,0.118,0.4247,0.1247,0.2333,0.0573,0.07
758,4.34,4.34,nan,Forest Moss Green,Black,Goggles,Elvis,Sad,0.0467,0.0873,0.0267,0.0273,0.0447,0.032,0.008,0.0107,0.0127,0.016,0.018,0.0247,0.004,0.0073,0.008,0.118,0.4247,0.1247,0.2333,0.0573,0.07
758,3.87,3.87,nan,Forest Moss Green,Black,Goggles,Elvis,Sad,0.0467,0.0873,0.0267,0.0273,0.0447,0.032,0.008,0.0107,0.0127,0.016,0.018,0.0247,0.004,0.0073,0.008,0.118,0.4247,0.1247,0.2333,0.0573,0.07
32,9.02,9.02,Red Bandana,Sunlit Gold,Black - Overweight,Eye Patch,Elvis,Happy,0.0147,0.018,0.012,0.0067,0.0267,0.032,0.0107,0.0073,0.04,0.018,0.0127,0.042,0.006,0.0173,0.0207,0.226,0.092,0.15,0.1773,0.08,0.07
1308,9.02,9.02,nan,Forest Moss Green,White,Eye Patch,No Hat,Toothy,0.0467,0.028,0.0313,0.132,0.074,0.008,0.0107,0.0447,0.0253,0.0093,0.0187,0.0093,0.0267,0.0167,0.0533,0.1853,0.4247,0.1247,0.0593,0.08,0.3147
1308,8.99,8.99,nan,Forest Moss Green,White,Eye Patch,No Hat,Toothy,0.0467,0.028,0.0313,0.132,0.074,0.008,0.0107,0.0447,0.0253,0.0093,0.0187,0.0093,0.0267,0.0167,0.0533,0.1853,0.4247,0.1247,0.0593,0.08,0.3147
1308,8.99,8.99,nan,Forest Moss Green,White,Eye Patch,No Hat,Toothy,0.0467,0.028,0.0313,0.132,0.074,0.008,0.0107,0.0447,0.0253,0.0093,0.0187,0.0093,0.0267,0.0167,0.0533,0.1853,0.4247,0.1247,0.0593,0.08,0.3147
952,23.21,9.06,nan,Spiced Orange,Blue,Drowsy Cyclop,No Hat,Bubble Gum,0.0527,0.03,0.0033,0.132,0.0227,0.006,0.0007,0.032,0.0073,0.002,0.0207,0.0053,0.004,0.0013,0.0107,0.05,0.4247,0.118,0.0633,0.01,0.3147
952,7.73,4.48,nan,Spiced Orange,Blue,Drowsy Cyclop,No Hat,Bubble Gum,0.0527,0.03,0.0033,0.132,0.0227,0.006,0.0007,0.032,0.0073,0.002,0.0207,0.0053,0.004,0.0013,0.0107,0.05,0.4247,0.118,0.0633,0.01,0.3147
629,9.43,9.06,nan,Midnight Sapphire Blue,White,Normal,Pirate,Surprised,0.0567,0.028,0.102,0.03,0.056,0.008,0.03,0.0093,0.0133,0.0207,0.0047,0.0067,0.0153,0.03,0.0053,0.1187,0.4247,0.1167,0.0593,0.2567,0.06
629,1.5,1.5,nan,Midnight Sapphire Blue,White,Normal,Pirate,Surprised,0.0567,0.028,0.102,0.03,0.056,0.008,0.03,0.0093,0.0133,0.0207,0.0047,0.0067,0.0153,0.03,0.0053,0.1187,0.4247,0.1167,0.0593,0.2567,0.06
1310,9.06,9.06,nan,Stormcloud Grey,Black - Overweight,White Shades,Elvis,Sad,0.0467,0.08,0.066,0.0273,0.0447,0.018,0.02,0.01,0.016,0.0347,0.0127,0.0187,0.0113,0.0147,0.008,0.118,0.4247,0.1187,0.1773,0.148,0.07
329,9.06,9.06,Tie,Lavender Dusk Purple,Chocolate,Normal,Headphones,Bubble Gum,0.0087,0.0013,0.0187,0.0033,0.0027,0.0047,0.0353,0.0067,0.0073,0.0113,0.0027,0.0013,0.0153,0.0113,0.0033,0.05,0.0627,0.1187,0.0433,0.2567,0.05
1056,13.31,9.06,Wings,Rose Quartz Pink,Black - Overweight,Normal,Dreads,Vampire,0.0027,0.0027,0.0047,0.0007,0.0007,0.0187,0.0273,0.0033,0.0067,0.0393,0.0053,0.0073,0.0053,0.018,0.002,0.0593,0.0193,0.116,0.1773,0.2567,0.018
1056,8.43,5.07,Wings,Rose Quartz Pink,Black - Overweight,Normal,Dreads,Vampire,0.0027,0.0027,0.0047,0.0007,0.0007,0.0187,0.0273,0.0033,0.0067,0.0393,0.0053,0.0073,0.0053,0.018,0.002,0.0593,0.0193,0.116,0.1773,0.2567,0.018
1056,6.21,3.36,Wings,Rose Quartz Pink,Black - Overweight,Normal,Dreads,Vampire,0.0027,0.0027,0.0047,0.0007,0.0007,0.0187,0.0273,0.0033,0.0067,0.0393,0.0053,0.0073,0.0053,0.018,0.002,0.0593,0.0193,0.116,0.1773,0.2567,0.018
1056,3.47,1.76,Wings,Rose Quartz Pink,Black - Overweight,Normal,Dreads,Vampire,0.0027,0.0027,0.0047,0.0007,0.0007,0.0187,0.0273,0.0033,0.0067,0.0393,0.0053,0.0073,0.0053,0.018,0.002,0.0593,0.0193,0.116,0.1773,0.2567,0.018
1219,9.9,8.99,nan,Rose Quartz Pink,Tan,White Round Shades,Pirate,Toothy,0.048,0.066,0.0427,0.03,0.074,0.018,0.008,0.006,0.022,0.0207,0.008,0.032,0.0053,0.0147,0.01,0.1853,0.4247,0.116,0.1553,0.0987,0.06
226,27.65,8.99,Bow Tie,Lavender Dusk Purple,Black,Nouns Glasses,Fire,Mustache,0.01,0.022,0.0033,0.0033,0.004,0.03,0.0033,0.002,0.01,0.0087,0.0013,0.0213,0.0007,0.0067,0.0027,0.0767,0.0933,0.1187,0.2333,0.0393,0.0093
226,22.36,6.55,Bow Tie,Lavender Dusk Purple,Black,Nouns Glasses,Fire,Mustache,0.01,0.022,0.0033,0.0033,0.004,0.03,0.0033,0.002,0.01,0.0087,0.0013,0.0213,0.0007,0.0067,0.0027,0.0767,0.0933,0.1187,0.2333,0.0393,0.0093
226,10.73,3.97,Bow Tie,Lavender Dusk Purple,Black,Nouns Glasses,Fire,Mustache,0.01,0.022,0.0033,0.0033,0.004,0.03,0.0033,0.002,0.01,0.0087,0.0013,0.0213,0.0007,0.0067,0.0027,0.0767,0.0933,0.1187,0.2333,0.0393,0.0093
394,8.99,8.99,Neck Tattoo,Spiced Orange,Black,Eye Patch,Slickback,Vampire,0.0047,0.0087,0.002,0.0027,0.002,0.0267,0.0107,0.0073,0.0067,0.018,0.0147,0.0127,0.0053,0.0053,0.0067,0.0593,0.03,0.118,0.2333,0.08,0.0493
1471,8.99,8.99,Bow Tie,Rose Quartz Pink,Lilac,White Shades,No Hat,Toothy,0.0093,0.0033,0.0153,0.0307,0.018,0.0027,0.0207,0.0407,0.022,0.0067,0.016,0.006,0.0487,0.03,0.0533,0.1853,0.0933,0.116,0.0433,0.148,0.3147
1471,6.93,6.93,Bow Tie,Rose Quartz Pink,Lilac,White Shades,No Hat,Toothy,0.0093,0.0033,0.0153,0.0307,0.018,0.0027,0.0207,0.0407,0.022,0.0067,0.016,0.006,0.0487,0.03,0.0533,0.1853,0.0933,0.116,0.0433,0.148,0.3147
1471,4.24,4.14,Bow Tie,Rose Quartz Pink,Lilac,White Shades,No Hat,Toothy,0.0093,0.0033,0.0153,0.0307,0.018,0.0027,0.0207,0.0407,0.022,0.0067,0.016,0.006,0.0487,0.03,0.0533,0.1853,0.0933,0.116,0.0433,0.148,0.3147
1471,1.5,1.5,Bow Tie,Rose Quartz Pink,Lilac,White Shades,No Hat,Toothy,0.0093,0.0033,0.0153,0.0307,0.018,0.0027,0.0207,0.0407,0.022,0.0067,0.016,0.006,0.0487,0.03,0.0533,0.1853,0.0933,0.116,0.0433,0.148,0.3147
16,9.52,8.99,Bow Tie,Spiced Orange,Tan,Eye Patch,Headband,Happy,0.0133,0.018,0.0093,0.004,0.0207,0.0207,0.0107,0.006,0.0307,0.0113,0.012,0.028,0.0047,0.0173,0.0113,0.226,0.0933,0.118,0.1553,0.08,0.0447
1036,8.99,8.99,nan,Sunlit Gold,Black,3-D Glasses,Cowboy,Drooling,0.0673,0.0873,0.012,0.0253,0.032,0.0313,0.0047,0.01,0.0107,0.0067,0.0133,0.02,0.0027,0.0027,0.004,0.07,0.4247,0.15,0.2333,0.0293,0.058
581,8.99,8.99,nan,Stormcloud Grey,Black - Overweight,Normal,Sobrero,Toothy,0.0467,0.08,0.102,0.02,0.074,0.018,0.0287,0.0093,0.0193,0.0393,0.0093,0.0373,0.016,0.0513,0.0133,0.1853,0.4247,0.1187,0.1773,0.2567,0.06
581,2.71,2.71,nan,Stormcloud Grey,Black - Overweight,Normal,Sobrero,Toothy,0.0467,0.08,0.102,0.02,0.074,0.018,0.0287,0.0093,0.0193,0.0393,0.0093,0.0373,0.016,0.0513,0.0133,0.1853,0.4247,0.1187,0.1773,0.2567,0.06
70,9.59,8.99,nan,Rose Quartz Pink,Tan,Normal,Headphones,Feral,0.048,0.066,0.102,0.022,0.0187,0.018,0.0273,0.006,0.0053,0.038,0.0087,0.0067,0.0153,0.0147,0.0013,0.048,0.4247,0.116,0.1553,0.2567,0.05
1173,8.99,8.99,Scarf,Forest Moss Green,White,Normal,Headband,Panting,0.0233,0.0087,0.0467,0.0113,0.004,0.008,0.034,0.0073,0.0053,0.0207,0.0047,0.004,0.0127,0.0073,0.0027,0.048,0.1393,0.1247,0.0593,0.2567,0.0447
1173,6.56,6.56,Scarf,Forest Moss Green,White,Normal,Headband,Panting,0.0233,0.0087,0.0467,0.0113,0.004,0.008,0.034,0.0073,0.0053,0.0207,0.0047,0.004,0.0127,0.0073,0.0027,0.048,0.1393,0.1247,0.0593,0.2567,0.0447
790,8.99,8.99,nan,Sunlit Gold,Black,Nouns Glasses,Pirate,Surprised,0.0673,0.0873,0.018,0.03,0.056,0.0313,0.0067,0.0073,0.018,0.0087,0.0147,0.0267,0.0027,0.002,0.0053,0.1187,0.4247,0.15,0.2333,0.0393,0.06
183,8.89,8.89,Gold Chain,Spiced Orange,Cream,Concerned,No Hat,Surprised,0.0107,0.0067,0.004,0.0273,0.014,0.0087,0.0033,0.032,0.0153,0.004,0.0347,0.0133,0.008,0.002,0.0407,0.1187,0.09,0.118,0.0787,0.0293,0.3147
183,3.55,3.55,Gold Chain,Spiced Orange,Cream,Concerned,No Hat,Surprised,0.0107,0.0067,0.004,0.0273,0.014,0.0087,0.0033,0.032,0.0153,0.004,0.0347,0.0133,0.008,0.002,0.0407,0.1187,0.09,0.118,0.0787,0.0293,0.3147
1343,8.89,8.89,Red Bandana,Sunlit Gold,White,Drowsy,Party Hat,Happy,0.0147,0.0053,0.002,0.002,0.0267,0.0067,0.0047,0.008,0.04,0.0033,0.002,0.0113,0.0027,0.01,0.012,0.226,0.092,0.15,0.0593,0.0407,0.05
1343,8.83,8.83,Red Bandana,Sunlit Gold,White,Drowsy,Party Hat,Happy,0.0147,0.0053,0.002,0.002,0.0267,0.0067,0.0047,0.008,0.04,0.0033,0.002,0.0113,0.0027,0.01,0.012,0.226,0.092,0.15,0.0593,0.0407,0.05
1343,8.15,8.15,Red Bandana,Sunlit Gold,White,Drowsy,Party Hat,Happy,0.0147,0.0053,0.002,0.002,0.0267,0.0067,0.0047,0.008,0.04,0.0033,0.002,0.0113,0.0027,0.01,0.012,0.226,0.092,0.15,0.0593,0.0407,0.05
1343,3.83,3.83,Red Bandana,Sunlit Gold,White,Drowsy,Party Hat,Happy,0.0147,0.0053,0.002,0.002,0.0267,0.0067,0.0047,0.008,0.04,0.0033,0.002,0.0113,0.0027,0.01,0.012,0.226,0.092,0.15,0.0593,0.0407,0.05
1343,4.17,4.17,Red Bandana,Sunlit Gold,White,Drowsy,Party Hat,Happy,0.0147,0.0053,0.002,0.002,0.0267,0.0067,0.0047,0.008,0.04,0.0033,0.002,0.0113,0.0027,0.01,0.012,0.226,0.092,0.15,0.0593,0.0407,0.05
194,8.89,8.89,nan,Lavender Dusk Purple,Black,Goggles,No Hat,Surprised,0.0507,0.0873,0.0267,0.132,0.056,0.03,0.0047,0.0367,0.0127,0.016,0.0727,0.0267,0.0167,0.0067,0.0407,0.1187,0.4247,0.1187,0.2333,0.0573,0.3147
1204,8.89,8.89,nan,Forest Moss Green,Black,Red Round Shades,No Hat,Surprised,0.0467,0.0873,0.0233,0.132,0.056,0.032,0.0067,0.0447,0.0147,0.0107,0.0727,0.0267,0.0247,0.0087,0.0407,0.1187,0.4247,0.1247,0.2333,0.0587,0.3147
710,8.89,8.89,Gold Chain,Forest Moss Green,Chocolate,White Round Shades,Pirate,Mustache,0.006,0.0067,0.0073,0.0073,0.008,0.006,0.0093,0.0053,0.008,0.0067,0.002,0.004,0.0053,0.0073,0.0047,0.0767,0.09,0.1247,0.0433,0.0987,0.06
871,8.89,8.89,Bow Tie,Stormcloud Grey,Blue,White Round Shades,Headband,Vampire,0.012,0.008,0.0113,0.004,0.0073,0.0067,0.016,0.0047,0.0093,0.0107,0.004,0.004,0.004,0.0047,0.0013,0.0593,0.0933,0.1187,0.0633,0.0987,0.0447
871,3.4,3.4,Bow Tie,Stormcloud Grey,Blue,White Round Shades,Headband,Vampire,0.012,0.008,0.0113,0.004,0.0073,0.0067,0.016,0.0047,0.0093,0.0107,0.004,0.004,0.004,0.0047,0.0013,0.0593,0.0933,0.1187,0.0633,0.0987,0.0447
921,9.0,9.0,nan,Midnight Sapphire Blue,Tan,VR Headset,No Hat,Sad,0.0567,0.066,0.01,0.132,0.0447,0.0167,0.0033,0.0367,0.0153,0.0027,0.048,0.0167,0.006,0.002,0.0387,0.118,0.4247,0.1167,0.1553,0.0193,0.3147
545,11.84,9.0,Wings,Midnight Sapphire Blue,Lilac,Goggles,Afro,Toothy,0.0013,0.002,0.0013,0.002,0.0047,0.0053,0.0073,0.0107,0.0207,0.0027,0.0033,0.006,0.0047,0.012,0.0153,0.1853,0.0193,0.1167,0.0433,0.0573,0.07
992,12.93,9.0,Samurai Sword,Midnight Sapphire Blue,Blue,White Round Shades,Afro,Mustache,0.0027,0.002,0.0033,0.0013,0.0033,0.0093,0.0127,0.0107,0.0133,0.0107,0.0073,0.0053,0.0073,0.0073,0.01,0.0767,0.0187,0.1167,0.0633,0.0987,0.07
992,11.4,8.52,Samurai Sword,Midnight Sapphire Blue,Blue,White Round Shades,Afro,Mustache,0.0027,0.002,0.0033,0.0013,0.0033,0.0093,0.0127,0.0107,0.0133,0.0107,0.0073,0.0053,0.0073,0.0073,0.01,0.0767,0.0187,0.1167,0.0633,0.0987,0.07
992,1.9,1.7,Samurai Sword,Midnight Sapphire Blue,Blue,White Round Shades,Afro,Mustache,0.0027,0.002,0.0033,0.0013,0.0033,0.0093,0.0127,0.0107,0.0133,0.0107,0.0073,0.0053,0.0073,0.0073,0.01,0.0767,0.0187,0.1167,0.0633,0.0987,0.07
705,10.69,9.0,nan,Midnight Sapphire Blue,Lilac,Normal,No Hat,Happy,0.0567,0.018,0.102,0.132,0.0967,0.0053,0.03,0.0367,0.0253,0.0133,0.016,0.0133,0.0747,0.0553,0.0707,0.226,0.4247,0.1167,0.0433,0.2567,0.3147
1016,9.0,9.0,nan,Outer Space,Black - Overweight,Normal,No Hat,Mustache,0.0053,0.08,0.102,0.132,0.0347,0.0027,0.0013,0.0047,0.0013,0.0393,0.0607,0.0127,0.0747,0.022,0.022,0.0767,0.4247,0.0093,0.1773,0.2567,0.3147
1016,3.53,3.53,nan,Outer Space,Black - Overweight,Normal,No Hat,Mustache,0.0053,0.08,0.102,0.132,0.0347,0.0027,0.0013,0.0047,0.0013,0.0393,0.0607,0.0127,0.0747,0.022,0.022,0.0767,0.4247,0.0093,0.1773,0.2567,0.3147
1016,4.29,4.29,nan,Outer Space,Black - Overweight,Normal,No Hat,Mustache,0.0053,0.08,0.102,0.132,0.0347,0.0027,0.0013,0.0047,0.0013,0.0393,0.0607,0.0127,0.0747,0.022,0.022,0.0767,0.4247,0.0093,0.1773,0.2567,0.3147
848,9.08,9.08,Scarf,Forest Moss Green,Black - Overweight,Eye Patch,No Hat,Mustache,0.0233,0.0273,0.01,0.0473,0.008,0.026,0.0107,0.0447,0.008,0.018,0.0607,0.0127,0.0267,0.0067,0.022,0.0767,0.1393,0.1247,0.1773,0.08,0.3147
848,3.72,3.72,Scarf,Forest Moss Green,Black - Overweight,Eye Patch,No Hat,Mustache,0.0233,0.0273,0.01,0.0473,0.008,0.026,0.0107,0.0447,0.008,0.018,0.0607,0.0127,0.0267,0.0067,0.022,0.0767,0.1393,0.1247,0.1773,0.08,0.3147
242,9.08,9.08,Red Bandana,Midnight Sapphire Blue,Chocolate,Normal,Sobrero,Happy,0.0113,0.0033,0.02,0.0073,0.0267,0.008,0.03,0.0107,0.0253,0.0113,0.0013,0.01,0.016,0.0553,0.0173,0.226,0.092,0.1167,0.0433,0.2567,0.06
242,4.75,4.75,Red Bandana,Midnight Sapphire Blue,Chocolate,Normal,Sobrero,Happy,0.0113,0.0033,0.02,0.0073,0.0267,0.008,0.03,0.0107,0.0253,0.0113,0.0013,0.01,0.016,0.0553,0.0173,0.226,0.092,0.1167,0.0433,0.2567,0.06
242,2.89,2.78,Red Bandana,Midnight Sapphire Blue,Chocolate,Normal,Sobrero,Happy,0.0113,0.0033,0.02,0.0073,0.0267,0.008,0.03,0.0107,0.0253,0.0113,0.0013,0.01,0.016,0.0553,0.0173,0.226,0.092,0.1167,0.0433,0.2567,0.06
242,2.37,2.37,Red Bandana,Midnight Sapphire Blue,Chocolate,Normal,Sobrero,Happy,0.0113,0.0033,0.02,0.0073,0.0267,0.008,0.03,0.0107,0.0253,0.0113,0.0013,0.01,0.016,0.0553,0.0173,0.226,0.092,0.1167,0.0433,0.2567,0.06
966,9.15,9.15,Scarf,Sunlit Gold,Cream,Concerned,No Hat,Sad,0.0193,0.014,0.0053,0.0473,0.0187,0.0127,0.002,0.044,0.014,0.004,0.0347,0.0093,0.008,0.0047,0.0387,0.118,0.1393,0.15,0.0787,0.0293,0.3147
964,9.15,9.15,nan,Seashell Pink,Black,White Shades,No Hat,Toothy,0.046,0.0873,0.066,0.132,0.074,0.0253,0.02,0.0373,0.0247,0.0327,0.0727,0.0347,0.0487,0.03,0.0533,0.1853,0.4247,0.118,0.2333,0.148,0.3147
964,9.53,9.53,nan,Seashell Pink,Black,White Shades,No Hat,Toothy,0.046,0.0873,0.066,0.132,0.074,0.0253,0.02,0.0373,0.0247,0.0327,0.0727,0.0347,0.0487,0.03,0.0533,0.1853,0.4247,0.118,0.2333,0.148,0.3147
964,1.66,1.66,nan,Seashell Pink,Black,White Shades,No Hat,Toothy,0.046,0.0873,0.066,0.132,0.074,0.0253,0.02,0.0373,0.0247,0.0327,0.0727,0.0347,0.0487,0.03,0.0533,0.1853,0.4247,0.118,0.2333,0.148,0.3147
143,9.15,9.15,nan,Forest Moss Green,Black,White Shades,No Hat,Toothy,0.0467,0.0873,0.066,0.132,0.074,0.032,0.0133,0.0447,0.0253,0.0327,0.0727,0.0347,0.0487,0.03,0.0533,0.1853,0.4247,0.1247,0.2333,0.148,0.3147
67,9.15,9.15,Gold Chain,Sunlit Gold,Cream,Goggles,Headphones,Vampire,0.0133,0.0067,0.0067,0.002,0.0053,0.0127,0.0087,0.0053,0.0093,0.0067,0.0027,0.002,0.0047,0.004,0.0033,0.0593,0.09,0.15,0.0787,0.0573,0.05
1322,9.15,9.15,Scarf,Rose Quartz Pink,Black,White Shades,Afro,Happy,0.0167,0.0347,0.0187,0.0087,0.0353,0.032,0.0207,0.01,0.0247,0.0327,0.0193,0.0613,0.012,0.034,0.0113,0.226,0.1393,0.116,0.2333,0.148,0.07
1322,7.03,7.03,Scarf,Rose Quartz Pink,Black,White Shades,Afro,Happy,0.0167,0.0347,0.0187,0.0087,0.0353,0.032,0.0207,0.01,0.0247,0.0327,0.0193,0.0613,0.012,0.034,0.0113,0.226,0.1393,0.116,0.2333,0.148,0.07
561,9.15,9.15,Bow Tie,Sunlit Gold,Black - Overweight,Red Shades,Cowboy,Happy,0.0133,0.014,0.0073,0.0047,0.0207,0.032,0.0133,0.01,0.04,0.012,0.0147,0.042,0.0073,0.016,0.0127,0.226,0.0933,0.15,0.1773,0.0687,0.058
1338,9.15,9.15,Bow Tie,Midnight Sapphire Blue,Black,Eye Patch,Elvis,Surprised,0.0067,0.022,0.0093,0.0047,0.0107,0.0233,0.0107,0.008,0.0133,0.018,0.018,0.0267,0.006,0.0093,0.0067,0.1187,0.0933,0.1167,0.2333,0.08,0.07
1302,10.31,9.15,Tie,Rose Quartz Pink,Tan,Gold Shades,Pirate,Surprised,0.0087,0.01,0.0027,0.0033,0.008,0.018,0.002,0.006,0.0173,0.0033,0.008,0.02,0.0013,0.004,0.0053,0.1187,0.0627,0.116,0.1553,0.02,0.06
1477,18.06,9.15,nan,Seashell Pink,Chocolate,White Round Shades,Angel Halo,Happy,0.046,0.0173,0.0427,0.0033,0.0967,0.0027,0.01,0.0027,0.0307,0.0067,0.0013,0.01,0.0033,0.0207,0.0033,0.226,0.4247,0.118,0.0433,0.0987,0.01
1477,7.26,3.82,nan,Seashell Pink,Chocolate,White Round Shades,Angel Halo,Happy,0.046,0.0173,0.0427,0.0033,0.0967,0.0027,0.01,0.0027,0.0307,0.0067,0.0013,0.01,0.0033,0.0207,0.0033,0.226,0.4247,0.118,0.0433,0.0987,0.01
1477,3.14,1.54,nan,Seashell Pink,Chocolate,White Round Shades,Angel Halo,Happy,0.046,0.0173,0.0427,0.0033,0.0967,0.0027,0.01,0.0027,0.0307,0.0067,0.0013,0.01,0.0033,0.0207,0.0033,0.226,0.4247,0.118,0.0433,0.0987,0.01
8,9.54,9.15,Bow Tie,Rose Quartz Pink,Black - Overweight,Red Round Shades,Cowboy,Toothy,0.0093,0.014,0.0033,0.0047,0.018,0.0187,0.0107,0.0067,0.022,0.01,0.0147,0.0373,0.002,0.0127,0.0093,0.1853,0.0933,0.116,0.1773,0.0587,0.058
802,9.15,9.15,nan,Spiced Orange,Sable,Normal,Headphones,Mustache,0.0527,0.0293,0.102,0.022,0.0347,0.0113,0.0253,0.0053,0.0067,0.0193,0.004,0.0073,0.0153,0.022,0.0053,0.0767,0.4247,0.118,0.0633,0.2567,0.05
802,8.15,8.15,nan,Spiced Orange,Sable,Normal,Headphones,Mustache,0.0527,0.0293,0.102,0.022,0.0347,0.0113,0.0253,0.0053,0.0067,0.0193,0.004,0.0073,0.0153,0.022,0.0053,0.0767,0.4247,0.118,0.0633,0.2567,0.05
802,3.59,3.59,nan,Spiced Orange,Sable,Normal,Headphones,Mustache,0.0527,0.0293,0.102,0.022,0.0347,0.0113,0.0253,0.0053,0.0067,0.0193,0.004,0.0073,0.0153,0.022,0.0053,0.0767,0.4247,0.118,0.0633,0.2567,0.05
112,9.53,9.53,nan,Forest Moss Green,Sable,White Shades,Pirate,Toothy,0.0467,0.0293,0.066,0.03,0.074,0.0053,0.0133,0.0053,0.0253,0.01,0.006,0.0127,0.008,0.03,0.01,0.1853,0.4247,0.1247,0.0633,0.148,0.06
112,8.73,8.73,nan,Forest Moss Green,Sable,White Shades,Pirate,Toothy,0.0467,0.0293,0.066,0.03,0.074,0.0053,0.0133,0.0053,0.0253,0.01,0.006,0.0127,0.008,0.03,0.01,0.1853,0.4247,0.1247,0.0633,0.148,0.06
112,3.82,3.82,nan,Forest Moss Green,Sable,White Shades,Pirate,Toothy,0.0467,0.0293,0.066,0.03,0.074,0.0053,0.0133,0.0053,0.0253,0.01,0.006,0.0127,0.008,0.03,0.01,0.1853,0.4247,0.1247,0.0633,0.148,0.06
962,9.53,9.53,Red Bandana,Spiced Orange,Black - Overweight,Eye Patch,No Hat,Sad,0.0087,0.018,0.012,0.0307,0.0107,0.018,0.0107,0.032,0.0147,0.018,0.0607,0.0187,0.0267,0.0093,0.0387,0.118,0.092,0.118,0.1773,0.08,0.3147
962,8.39,8.39,Red Bandana,Spiced Orange,Black - Overweight,Eye Patch,No Hat,Sad,0.0087,0.018,0.012,0.0307,0.0107,0.018,0.0107,0.032,0.0147,0.018,0.0607,0.0187,0.0267,0.0093,0.0387,0.118,0.092,0.118,0.1773,0.08,0.3147
35,9.77,9.53,Bow Tie,Forest Moss Green,White,Concerned,Party Hat,Vampire,0.0147,0.0047,0.0007,0.0067,0.0073,0.008,0.0087,0.004,0.008,0.002,0.002,0.0073,0.0007,0.0007,0.004,0.0593,0.0933,0.1247,0.0593,0.0293,0.05
35,7.26,6.56,Bow Tie,Forest Moss Green,White,Concerned,Party Hat,Vampire,0.0147,0.0047,0.0007,0.0067,0.0073,0.008,0.0087,0.004,0.008,0.002,0.002,0.0073,0.0007,0.0007,0.004,0.0593,0.0933,0.1247,0.0593,0.0293,0.05
135,11.93,9.53,nan,Seashell Pink,Tan,White Round Shades,Top Hat,Happy,0.046,0.066,0.0427,0.0047,0.0967,0.0193,0.01,0.0027,0.0307,0.0207,0.0033,0.028,0.0007,0.0207,0.002,0.226,0.4247,0.118,0.1553,0.0987,0.01
487,9.53,9.53,nan,Forest Moss Green,Lilac,Red Shades,Elvis,Surprised,0.0467,0.018,0.0293,0.0273,0.056,0.0047,0.01,0.0107,0.0147,0.0027,0.0027,0.004,0.0053,0.0093,0.0067,0.1187,0.4247,0.1247,0.0433,0.0687,0.07
487,1.66,1.66,nan,Forest Moss Green,Lilac,Red Shades,Elvis,Surprised,0.0467,0.018,0.0293,0.0273,0.056,0.0047,0.01,0.0107,0.0147,0.0027,0.0027,0.004,0.0053,0.0093,0.0067,0.1187,0.4247,0.1247,0.0433,0.0687,0.07
898,9.45,9.45,Red Bandana,Rose Quartz Pink,Blue,Eye Patch,No Hat,Panting,0.0113,0.0053,0.012,0.0307,0.0073,0.0093,0.014,0.0407,0.0053,0.0053,0.0207,0.002,0.0267,0.002,0.0173,0.048,0.092,0.116,0.0633,0.08,0.3147
898,2.37,2.37,Red Bandana,Rose Quartz Pink,Blue,Eye Patch,No Hat,Panting,0.0113,0.0053,0.012,0.0307,0.0073,0.0093,0.014,0.0407,0.0053,0.0053,0.0207,0.002,0.0267,0.002,0.0173,0.048,0.092,0.116,0.0633,0.08,0.3147
1171,9.45,9.45,Bow Tie,Lavender Dusk Purple,Black,White Shades,Afro,Drooling,0.01,0.022,0.0153,0.0067,0.0067,0.03,0.014,0.006,0.0087,0.0327,0.0193,0.02,0.012,0.0067,0.0047,0.07,0.0933,0.1187,0.2333,0.148,0.07
1171,1.54,1.54,Bow Tie,Lavender Dusk Purple,Black,White Shades,Afro,Drooling,0.01,0.022,0.0153,0.0067,0.0067,0.03,0.014,0.006,0.0087,0.0327,0.0193,0.02,0.012,0.0067,0.0047,0.07,0.0933,0.1187,0.2333,0.148,0.07
1171,1.8,1.8,Bow Tie,Lavender Dusk Purple,Black,White Shades,Afro,Drooling,0.01,0.022,0.0153,0.0067,0.0067,0.03,0.014,0.006,0.0087,0.0327,0.0193,0.02,0.012,0.0067,0.0047,0.07,0.0933,0.1187,0.2333,0.148,0.07
230,9.45,9.45,Scarf,Forest Moss Green,Black,3-D Glasses,No Hat,Toothy,0.0233,0.0347,0.0047,0.0473,0.0367,0.032,0.0027,0.0447,0.0253,0.0067,0.0727,0.0347,0.008,0.004,0.0533,0.1853,0.1393,0.1247,0.2333,0.0293,0.3147
185,49.01,9.45,Wings,Rose Quartz Pink,Black - Overweight,Laser Eyes,Napoleon,Toothy,0.0027,0.0027,0.0013,0.0007,0.0047,0.0187,0.0013,0.0007,0.022,0.0053,0.002,0.0373,0.0007,0.0033,0.0033,0.1853,0.0193,0.116,0.1773,0.0167,0.0093
726,9.45,9.45,Gold Chain,Midnight Sapphire Blue,White,Eye Patch,Pirate,Toothy,0.0127,0.0053,0.0073,0.0073,0.018,0.008,0.0107,0.0093,0.0207,0.0093,0.0047,0.0093,0.006,0.0167,0.01,0.1853,0.09,0.1167,0.0593,0.08,0.06
326,10.24,9.45,nan,Rose Quartz Pink,Black,Red Round Shades,No Hat,Toothy,0.048,0.0873,0.0233,0.132,0.074,0.032,0.0107,0.0407,0.022,0.0107,0.0727,0.0347,0.0247,0.0127,0.0533,0.1853,0.4247,0.116,0.2333,0.0587,0.3147
634,9.36,9.36,nan,Midnight Sapphire Blue,Cream,Normal,Elvis,Drooling,0.0567,0.0327,0.102,0.0273,0.032,0.0093,0.03,0.008,0.01,0.0227,0.004,0.0033,0.0167,0.0173,0.0053,0.07,0.4247,0.1167,0.0787,0.2567,0.07
481,9.36,9.36,Gold Chain,Midnight Sapphire Blue,Chocolate,Red Round Shades,No Hat,Toothy,0.0127,0.0067,0.0067,0.0273,0.018,0.008,0.0053,0.0367,0.0207,0.0033,0.0113,0.0087,0.0247,0.0127,0.0533,0.1853,0.09,0.1167,0.0433,0.0587,0.3147
1098,9.36,9.36,nan,Midnight Sapphire Blue,Black - Overweight,Drowsy,No Hat,Happy,0.0567,0.08,0.0233,0.132,0.0967,0.0173,0.004,0.0367,0.0253,0.01,0.0607,0.042,0.012,0.01,0.0707,0.226,0.4247,0.1167,0.1773,0.0407,0.3147
1098,8.79,8.54,nan,Midnight Sapphire Blue,Black - Overweight,Drowsy,No Hat,Happy,0.0567,0.08,0.0233,0.132,0.0967,0.0173,0.004,0.0367,0.0253,0.01,0.0607,0.042,0.012,0.01,0.0707,0.226,0.4247,0.1167,0.1773,0.0407,0.3147
1098,3.1,3.1,nan,Midnight Sapphire Blue,Black - Overweight,Drowsy,No Hat,Happy,0.0567,0.08,0.0233,0.132,0.0967,0.0173,0.004,0.0367,0.0253,0.01,0.0607,0.042,0.012,0.01,0.0707,0.226,0.4247,0.1167,0.1773,0.0407,0.3147
868,9.36,9.36,nan,Spiced Orange,Sable,Red Shades,Afro,Happy,0.0527,0.0293,0.0293,0.034,0.0967,0.0113,0.008,0.006,0.0307,0.0047,0.004,0.012,0.0053,0.016,0.0113,0.226,0.4247,0.118,0.0633,0.0687,0.07
1439,9.43,9.16,nan,Stormcloud Grey,Cream,Goggles,No Hat,Happy,0.0467,0.0327,0.0267,0.132,0.0967,0.0107,0.0073,0.0367,0.022,0.0067,0.0347,0.018,0.0167,0.0113,0.0707,0.226,0.4247,0.1187,0.0787,0.0573,0.3147
1439,3.73,3.73,nan,Stormcloud Grey,Cream,Goggles,No Hat,Happy,0.0467,0.0327,0.0267,0.132,0.0967,0.0107,0.0073,0.0367,0.022,0.0067,0.0347,0.018,0.0167,0.0113,0.0707,0.226,0.4247,0.1187,0.0787,0.0573,0.3147
991,9.16,9.16,Bow Tie,Forest Moss Green,Black,Normal,Afro,Bubble Gum,0.0147,0.022,0.02,0.0067,0.004,0.032,0.034,0.006,0.0093,0.0613,0.0193,0.012,0.0173,0.0113,0.0047,0.05,0.0933,0.1247,0.2333,0.2567,0.07
991,8.44,8.44,Bow Tie,Forest Moss Green,Black,Normal,Afro,Bubble Gum,0.0147,0.022,0.02,0.0067,0.004,0.032,0.034,0.006,0.0093,0.0613,0.0193,0.012,0.0173,0.0113,0.0047,0.05,0.0933,0.1247,0.2333,0.2567,0.07
991,5.45,5.45,Bow Tie,Forest Moss Green,Black,Normal,Afro,Bubble Gum,0.0147,0.022,0.02,0.0067,0.004,0.032,0.034,0.006,0.0093,0.0613,0.0193,0.012,0.0173,0.0113,0.0047,0.05,0.0933,0.1247,0.2333,0.2567,0.07
991,5.36,5.36,Bow Tie,Forest Moss Green,Black,Normal,Afro,Bubble Gum,0.0147,0.022,0.02,0.0067,0.004,0.032,0.034,0.006,0.0093,0.0613,0.0193,0.012,0.0173,0.0113,0.0047,0.05,0.0933,0.1247,0.2333,0.2567,0.07
991,4.7,4.48,Bow Tie,Forest Moss Green,Black,Normal,Afro,Bubble Gum,0.0147,0.022,0.02,0.0067,0.004,0.032,0.034,0.006,0.0093,0.0613,0.0193,0.012,0.0173,0.0113,0.0047,0.05,0.0933,0.1247,0.2333,0.2567,0.07
944,9.16,9.16,nan,Spiced Orange,Black,Nouns Glasses,Elvis,Mustache,0.0527,0.0873,0.018,0.0273,0.0347,0.0267,0.004,0.0093,0.0067,0.0087,0.018,0.0213,0.0027,0.0067,0.0047,0.0767,0.4247,0.118,0.2333,0.0393,0.07
1236,8.8,8.8,nan,Seashell Pink,Black,White Round Shades,Pirate,Bubble Gum,0.046,0.0873,0.0427,0.03,0.0227,0.0253,0.01,0.0093,0.0053,0.024,0.0147,0.012,0.0053,0.0067,0.0033,0.05,0.4247,0.118,0.2333,0.0987,0.06
1236,3.83,3.83,nan,Seashell Pink,Black,White Round Shades,Pirate,Bubble Gum,0.046,0.0873,0.0427,0.03,0.0227,0.0253,0.01,0.0093,0.0053,0.024,0.0147,0.012,0.0053,0.0067,0.0033,0.05,0.4247,0.118,0.2333,0.0987,0.06
1236,3.82,3.82,nan,Seashell Pink,Black,White Round Shades,Pirate,Bubble Gum,0.046,0.0873,0.0427,0.03,0.0227,0.0253,0.01,0.0093,0.0053,0.024,0.0147,0.012,0.0053,0.0067,0.0033,0.05,0.4247,0.118,0.2333,0.0987,0.06
365,20.51,8.8,Earrings,Stormcloud Grey,Sable,Normal,Slickback,Vampire,0.002,0.0007,0.0053,0.0013,0.0013,0.006,0.0287,0.0067,0.0093,0.0193,0.0033,0.004,0.018,0.018,0.0067,0.0593,0.01,0.1187,0.0633,0.2567,0.0493
61,24.27,8.8,Samurai Sword,"Red, White, and Blue",Sable,White Shades,Party Hat,Feral,0.0007,0.0027,0.002,0.0007,0.002,0.002,0.0027,0.0013,0.0013,0.01,0.0033,0.0053,0.0067,0.008,0.004,0.048,0.0187,0.01,0.0633,0.148,0.05
61,11.29,3.59,Samurai Sword,"Red, White, and Blue",Sable,White Shades,Party Hat,Feral,0.0007,0.0027,0.002,0.0007,0.002,0.002,0.0027,0.0013,0.0013,0.01,0.0033,0.0053,0.0067,0.008,0.004,0.048,0.0187,0.01,0.0633,0.148,0.05
909,8.83,8.83,Scarf,Seashell Pink,Blue,White Shades,Headphones,Toothy,0.022,0.006,0.0187,0.0067,0.0367,0.008,0.02,0.0073,0.0247,0.008,0.0027,0.0113,0.0087,0.03,0.0087,0.1853,0.1393,0.118,0.0633,0.148,0.05
445,8.83,8.83,nan,Lavender Dusk Purple,Black,VR Headset,Party Hat,Happy,0.0507,0.0873,0.01,0.0247,0.0967,0.03,0.0033,0.0067,0.0213,0.0047,0.014,0.0613,0.0013,0.006,0.012,0.226,0.4247,0.1187,0.2333,0.0193,0.05
1165,8.83,8.83,Gold Chain,Midnight Sapphire Blue,Black,Normal,Slickback,Mustache,0.0127,0.0267,0.0233,0.0033,0.008,0.0233,0.03,0.0053,0.0133,0.0613,0.0147,0.0213,0.018,0.022,0.0033,0.0767,0.09,0.1167,0.2333,0.2567,0.0493
704,8.83,8.83,nan,Rose Quartz Pink,Tan,Nouns Glasses,Afro,Happy,0.048,0.066,0.018,0.034,0.0967,0.018,0.004,0.01,0.0247,0.006,0.014,0.028,0.002,0.008,0.0113,0.226,0.4247,0.116,0.1553,0.0393,0.07
704,4.51,4.51,nan,Rose Quartz Pink,Tan,Nouns Glasses,Afro,Happy,0.048,0.066,0.018,0.034,0.0967,0.018,0.004,0.01,0.0247,0.006,0.014,0.028,0.002,0.008,0.0113,0.226,0.4247,0.116,0.1553,0.0393,0.07
704,4.48,4.48,nan,Rose Quartz Pink,Tan,Nouns Glasses,Afro,Happy,0.048,0.066,0.018,0.034,0.0967,0.018,0.004,0.01,0.0247,0.006,0.014,0.028,0.002,0.008,0.0113,0.226,0.4247,0.116,0.1553,0.0393,0.07
895,8.83,8.83,Bow Tie,Lavender Dusk Purple,Tan - Overweight,Red Shades,Slickback,Vampire,0.01,0.0067,0.0073,0.0067,0.0073,0.008,0.0093,0.006,0.0073,0.0067,0.0047,0.0047,0.0033,0.0053,0.0067,0.0593,0.0933,0.1187,0.0727,0.0687,0.0493
567,8.83,8.83,nan,Forest Moss Green,Black - Overweight,Normal,Afro,Vampire,0.0467,0.08,0.102,0.034,0.026,0.026,0.034,0.006,0.008,0.0393,0.008,0.0073,0.0173,0.018,0.0047,0.0593,0.4247,0.1247,0.1773,0.2567,0.07
567,7.59,7.59,nan,Forest Moss Green,Black - Overweight,Normal,Afro,Vampire,0.0467,0.08,0.102,0.034,0.026,0.026,0.034,0.006,0.008,0.0393,0.008,0.0073,0.0173,0.018,0.0047,0.0593,0.4247,0.1247,0.1773,0.2567,0.07
567,0.91,0.91,nan,Forest Moss Green,Black - Overweight,Normal,Afro,Vampire,0.0467,0.08,0.102,0.034,0.026,0.026,0.034,0.006,0.008,0.0393,0.008,0.0073,0.0173,0.018,0.0047,0.0593,0.4247,0.1247,0.1773,0.2567,0.07
1141,8.83,8.83,Red Bandana,Lavender Dusk Purple,Blue,Eye Patch,Pirate,Happy,0.0113,0.0053,0.012,0.004,0.0267,0.0073,0.0093,0.0107,0.0213,0.0053,0.0027,0.012,0.006,0.0173,0.014,0.226,0.092,0.1187,0.0633,0.08,0.06
359,27.64,8.83,nan,Forest Moss Green,Tan,Concerned,Napoleon,Mustache,0.0467,0.066,0.0127,0.0053,0.0347,0.0173,0.0087,0.0007,0.008,0.0027,0.002,0.012,0.0007,0.0033,0.0007,0.0767,0.4247,0.1247,0.1553,0.0293,0.0093
920,8.83,8.83,Gold Chain,Spiced Orange,Black,White Round Shades,Wizard,Toothy,0.0107,0.0267,0.0073,0.0027,0.018,0.0267,0.018,0.004,0.02,0.024,0.0033,0.0347,0.0027,0.0147,0.0033,0.1853,0.09,0.118,0.2333,0.0987,0.02
670,30.64,8.83,nan,Seashell Pink,Tan,Drowsy Laser Eyes,Top Hat,Surprised,0.046,0.066,0.0047,0.0047,0.056,0.0193,0.0007,0.0027,0.0113,0.0027,0.0033,0.02,0.0007,0.0013,0.002,0.1187,0.4247,0.118,0.1553,0.0087,0.01
670,34.4,8.44,nan,Seashell Pink,Tan,Drowsy Laser Eyes,Top Hat,Surprised,0.046,0.066,0.0047,0.0047,0.056,0.0193,0.0007,0.0027,0.0113,0.0027,0.0033,0.02,0.0007,0.0013,0.002,0.1187,0.4247,0.118,0.1553,0.0087,0.01
670,17.89,3.83,nan,Seashell Pink,Tan,Drowsy Laser Eyes,Top Hat,Surprised,0.046,0.066,0.0047,0.0047,0.056,0.0193,0.0007,0.0027,0.0113,0.0027,0.0033,0.02,0.0007,0.0013,0.002,0.1187,0.4247,0.118,0.1553,0.0087,0.01
1246,8.83,8.83,Bow Tie,Seashell Pink,Black - Overweight,White Shades,Pirate,Sad,0.0127,0.014,0.0153,0.0047,0.0127,0.0253,0.02,0.0093,0.0147,0.0347,0.008,0.0187,0.008,0.0147,0.0073,0.118,0.0933,0.118,0.1773,0.148,0.06
1246,3.67,3.67,Bow Tie,Seashell Pink,Black - Overweight,White Shades,Pirate,Sad,0.0127,0.014,0.0153,0.0047,0.0127,0.0253,0.02,0.0093,0.0147,0.0347,0.008,0.0187,0.008,0.0147,0.0073,0.118,0.0933,0.118,0.1773,0.148,0.06
388,10.32,8.81,nan,Rose Quartz Pink,Black,Drowsy,No Hat,Toothy,0.048,0.0873,0.0233,0.132,0.074,0.032,0.006,0.0407,0.022,0.0087,0.0727,0.0347,0.012,0.008,0.0533,0.1853,0.4247,0.116,0.2333,0.0407,0.3147
388,6.18,5.36,nan,Rose Quartz Pink,Black,Drowsy,No Hat,Toothy,0.048,0.0873,0.0233,0.132,0.074,0.032,0.006,0.0407,0.022,0.0087,0.0727,0.0347,0.012,0.008,0.0533,0.1853,0.4247,0.116,0.2333,0.0407,0.3147
388,2.07,2.07,nan,Rose Quartz Pink,Black,Drowsy,No Hat,Toothy,0.048,0.0873,0.0233,0.132,0.074,0.032,0.006,0.0407,0.022,0.0087,0.0727,0.0347,0.012,0.008,0.0533,0.1853,0.4247,0.116,0.2333,0.0407,0.3147
388,1.66,1.66,nan,Rose Quartz Pink,Black,Drowsy,No Hat,Toothy,0.048,0.0873,0.0233,0.132,0.074,0.032,0.006,0.0407,0.022,0.0087,0.0727,0.0347,0.012,0.008,0.0533,0.1853,0.4247,0.116,0.2333,0.0407,0.3147
121,8.81,8.81,nan,Forest Moss Green,White,White Shades,No Hat,Vampire,0.0467,0.028,0.066,0.132,0.026,0.008,0.0133,0.0447,0.008,0.006,0.0187,0.0073,0.0487,0.0107,0.0207,0.0593,0.4247,0.1247,0.0593,0.148,0.3147
1383,8.81,8.81,Red Bandana,Spiced Orange,Tan,Goggles,Slickback,Toothy,0.0087,0.0127,0.004,0.0053,0.0133,0.0207,0.0073,0.0073,0.02,0.008,0.0073,0.032,0.004,0.012,0.0107,0.1853,0.092,0.118,0.1553,0.0573,0.0493
1383,9.35,8.44,Red Bandana,Spiced Orange,Tan,Goggles,Slickback,Toothy,0.0087,0.0127,0.004,0.0053,0.0133,0.0207,0.0073,0.0073,0.02,0.008,0.0073,0.032,0.004,0.012,0.0107,0.1853,0.092,0.118,0.1553,0.0573,0.0493
1225,8.81,8.81,Bow Tie,Spiced Orange,Black,Normal,No Hat,Happy,0.0133,0.022,0.02,0.0307,0.0207,0.0267,0.0253,0.032,0.0307,0.0613,0.0727,0.0613,0.0747,0.0553,0.0707,0.226,0.0933,0.118,0.2333,0.2567,0.3147
867,8.73,8.73,Bow Tie,Forest Moss Green,Black - Overweight,White Round Shades,No Hat,Bubble Gum,0.0147,0.014,0.0113,0.0307,0.004,0.026,0.0093,0.0447,0.0093,0.012,0.0607,0.01,0.0327,0.0067,0.0107,0.05,0.0933,0.1247,0.1773,0.0987,0.3147
867,2.78,2.78,Bow Tie,Forest Moss Green,Black - Overweight,White Round Shades,No Hat,Bubble Gum,0.0147,0.014,0.0113,0.0307,0.004,0.026,0.0093,0.0447,0.0093,0.012,0.0607,0.01,0.0327,0.0067,0.0107,0.05,0.0933,0.1247,0.1773,0.0987,0.3147
1038,8.68,8.68,nan,Sunlit Gold,Tan,White Round Shades,Pirate,Drooling,0.0673,0.066,0.0427,0.03,0.032,0.0267,0.0147,0.0073,0.0107,0.0207,0.008,0.008,0.0053,0.0073,0.0053,0.07,0.4247,0.15,0.1553,0.0987,0.06
1038,3.97,3.97,nan,Sunlit Gold,Tan,White Round Shades,Pirate,Drooling,0.0673,0.066,0.0427,0.03,0.032,0.0267,0.0147,0.0073,0.0107,0.0207,0.008,0.008,0.0053,0.0073,0.0053,0.07,0.4247,0.15,0.1553,0.0987,0.06
263,8.68,8.68,nan,Spiced Orange,Black,Goggles,Afro,Surprised,0.0527,0.0873,0.0267,0.034,0.056,0.0267,0.0073,0.006,0.0153,0.016,0.0193,0.0267,0.0047,0.0067,0.008,0.1187,0.4247,0.118,0.2333,0.0573,0.07
263,2.64,2.64,nan,Spiced Orange,Black,Goggles,Afro,Surprised,0.0527,0.0873,0.0267,0.034,0.056,0.0267,0.0073,0.006,0.0153,0.016,0.0193,0.0267,0.0047,0.0067,0.008,0.1187,0.4247,0.118,0.2333,0.0573,0.07
263,1.7,1.7,nan,Spiced Orange,Black,Goggles,Afro,Surprised,0.0527,0.0873,0.0267,0.034,0.056,0.0267,0.0073,0.006,0.0153,0.016,0.0193,0.0267,0.0047,0.0067,0.008,0.1187,0.4247,0.118,0.2333,0.0573,0.07
1363,8.58,8.58,nan,Rose Quartz Pink,Blue,White Shades,No Hat,Mustache,0.048,0.03,0.066,0.132,0.0347,0.0093,0.0207,0.0407,0.0093,0.008,0.0207,0.0053,0.0487,0.01,0.022,0.0767,0.4247,0.116,0.0633,0.148,0.3147
604,15.55,8.58,nan,Sunlit Gold,Black - Overweight,Drowsy,Top Hat,Happy,0.0673,0.08,0.0233,0.0047,0.0967,0.032,0.0047,0.002,0.04,0.01,0.0013,0.042,0.0007,0.01,0.002,0.226,0.4247,0.15,0.1773,0.0407,0.01
1083,8.58,8.58,nan,Sunlit Gold,Black - Overweight,Goggles,No Hat,Sad,0.0673,0.08,0.0267,0.132,0.0447,0.032,0.0087,0.044,0.014,0.0067,0.0607,0.0187,0.0167,0.0073,0.0387,0.118,0.4247,0.15,0.1773,0.0573,0.3147
1211,8.58,8.58,nan,Stormcloud Grey,White,Normal,Dreads,Sad,0.0467,0.028,0.102,0.0067,0.0447,0.0107,0.0287,0.0053,0.016,0.0207,0.0007,0.0067,0.0053,0.0293,0.0033,0.118,0.4247,0.1187,0.0593,0.2567,0.018
1211,5.06,5.06,nan,Stormcloud Grey,White,Normal,Dreads,Sad,0.0467,0.028,0.102,0.0067,0.0447,0.0107,0.0287,0.0053,0.016,0.0207,0.0007,0.0067,0.0053,0.0293,0.0033,0.118,0.4247,0.1187,0.0593,0.2567,0.018
1211,1.7,1.7,nan,Stormcloud Grey,White,Normal,Dreads,Sad,0.0467,0.028,0.102,0.0067,0.0447,0.0107,0.0287,0.0053,0.016,0.0207,0.0007,0.0067,0.0053,0.0293,0.0033,0.118,0.4247,0.1187,0.0593,0.2567,0.018
1211,1.54,1.54,nan,Stormcloud Grey,White,Normal,Dreads,Sad,0.0467,0.028,0.102,0.0067,0.0447,0.0107,0.0287,0.0053,0.016,0.0207,0.0007,0.0067,0.0053,0.0293,0.0033,0.118,0.4247,0.1187,0.0593,0.2567,0.018
1138,8.58,8.58,Tie,Stormcloud Grey,Black,Concerned,No Hat,Happy,0.0133,0.0167,0.002,0.024,0.01,0.0287,0.0033,0.0367,0.022,0.0047,0.0727,0.0613,0.008,0.0073,0.0707,0.226,0.0627,0.1187,0.2333,0.0293,0.3147
1324,8.57,8.57,nan,Sunlit Gold,Tan,White Round Shades,Slickback,Surprised,0.0673,0.066,0.0427,0.016,0.056,0.0267,0.0147,0.0087,0.018,0.0207,0.0073,0.02,0.0033,0.014,0.0053,0.1187,0.4247,0.15,0.1553,0.0987,0.0493
1324,5.22,4.94,nan,Sunlit Gold,Tan,White Round Shades,Slickback,Surprised,0.0673,0.066,0.0427,0.016,0.056,0.0267,0.0147,0.0087,0.018,0.0207,0.0073,0.02,0.0033,0.014,0.0053,0.1187,0.4247,0.15,0.1553,0.0987,0.0493
1228,8.57,8.57,Tie,Stormcloud Grey,Black - Overweight,Eye Patch,No Hat,Surprised,0.0133,0.0127,0.004,0.024,0.008,0.018,0.0087,0.0367,0.0127,0.018,0.0607,0.0213,0.0267,0.0093,0.0407,0.1187,0.0627,0.1187,0.1773,0.08,0.3147
1228,8.18,7.03,Tie,Stormcloud Grey,Black - Overweight,Eye Patch,No Hat,Surprised,0.0133,0.0127,0.004,0.024,0.008,0.018,0.0087,0.0367,0.0127,0.018,0.0607,0.0213,0.0267,0.0093,0.0407,0.1187,0.0627,0.1187,0.1773,0.08,0.3147
936,8.59,8.57,nan,Midnight Sapphire Blue,White,Eye Patch,No Hat,Drooling,0.0567,0.028,0.0313,0.132,0.032,0.008,0.0107,0.0367,0.01,0.0093,0.0187,0.006,0.0267,0.0073,0.0253,0.07,0.4247,0.1167,0.0593,0.08,0.3147
885,8.57,8.57,Scarf,Forest Moss Green,Black,Normal,No Hat,Surprised,0.0233,0.0347,0.0467,0.0473,0.0133,0.032,0.034,0.0447,0.0147,0.0613,0.0727,0.0267,0.0747,0.03,0.0407,0.1187,0.1393,0.1247,0.2333,0.2567,0.3147
217,8.57,8.57,nan,Midnight Sapphire Blue,Tan,Normal,Afro,Sad,0.0567,0.066,0.102,0.034,0.0447,0.0167,0.03,0.0107,0.0153,0.038,0.014,0.0167,0.0173,0.0293,0.006,0.118,0.4247,0.1167,0.1553,0.2567,0.07
71,9.87,8.57,Scarf,Midnight Sapphire Blue,Tan - Overweight,Normal,Pirate,Toothy,0.0133,0.01,0.0467,0.0053,0.0367,0.0093,0.03,0.0093,0.0207,0.016,0.006,0.0147,0.0153,0.0513,0.01,0.1853,0.1393,0.1167,0.0727,0.2567,0.06
340,8.57,8.57,Tie,Midnight Sapphire Blue,Black - Overweight,Drowsy,Party Hat,Toothy,0.0073,0.0127,0.0013,0.004,0.0107,0.0173,0.004,0.0073,0.0207,0.01,0.008,0.0373,0.0027,0.008,0.0073,0.1853,0.0627,0.1167,0.1773,0.0407,0.05
340,3.94,3.94,Tie,Midnight Sapphire Blue,Black - Overweight,Drowsy,Party Hat,Toothy,0.0073,0.0127,0.0013,0.004,0.0107,0.0173,0.004,0.0073,0.0207,0.01,0.008,0.0373,0.0027,0.008,0.0073,0.1853,0.0627,0.1167,0.1773,0.0407,0.05
1458,8.36,8.36,Scarf,Rose Quartz Pink,Black,White Shades,Headband,Mustache,0.0167,0.0347,0.0187,0.0113,0.008,0.032,0.0207,0.0033,0.0093,0.0327,0.0087,0.0213,0.0087,0.01,0.004,0.0767,0.1393,0.116,0.2333,0.148,0.0447
635,8.39,8.39,nan,Forest Moss Green,Black - Overweight,3-D Glasses,Elvis,Happy,0.0467,0.08,0.012,0.0273,0.0967,0.026,0.0027,0.0107,0.0267,0.0073,0.0127,0.042,0.0027,0.0107,0.0207,0.226,0.4247,0.1247,0.1773,0.0293,0.07
163,8.39,8.39,nan,Seashell Pink,Tan - Overweight,White Shades,No Hat,Vampire,0.046,0.0313,0.066,0.132,0.026,0.008,0.02,0.0373,0.0067,0.0153,0.016,0.0047,0.0487,0.0107,0.0207,0.0593,0.4247,0.118,0.0727,0.148,0.3147
163,6.55,6.55,nan,Seashell Pink,Tan - Overweight,White Shades,No Hat,Vampire,0.046,0.0313,0.066,0.132,0.026,0.008,0.02,0.0373,0.0067,0.0153,0.016,0.0047,0.0487,0.0107,0.0207,0.0593,0.4247,0.118,0.0727,0.148,0.3147
163,3.73,3.73,nan,Seashell Pink,Tan - Overweight,White Shades,No Hat,Vampire,0.046,0.0313,0.066,0.132,0.026,0.008,0.02,0.0373,0.0067,0.0153,0.016,0.0047,0.0487,0.0107,0.0207,0.0593,0.4247,0.118,0.0727,0.148,0.3147
773,8.39,8.39,nan,Sunlit Gold,Tan,Red Shades,Headband,Toothy,0.0673,0.066,0.0293,0.016,0.074,0.0267,0.0133,0.0093,0.0293,0.0093,0.012,0.032,0.0013,0.0113,0.0107,0.1853,0.4247,0.15,0.1553,0.0687,0.0447
773,4.31,4.31,nan,Sunlit Gold,Tan,Red Shades,Headband,Toothy,0.0673,0.066,0.0293,0.016,0.074,0.0267,0.0133,0.0093,0.0293,0.0093,0.012,0.032,0.0013,0.0113,0.0107,0.1853,0.4247,0.15,0.1553,0.0687,0.0447
1371,8.74,8.39,nan,Forest Moss Green,Blue,Nouns Glasses,Party Hat,Happy,0.0467,0.03,0.018,0.0247,0.0967,0.0093,0.0067,0.004,0.0267,0.0033,0.004,0.012,0.0033,0.008,0.012,0.226,0.4247,0.1247,0.0633,0.0393,0.05
829,8.39,8.39,nan,Rose Quartz Pink,Black,White Round Shades,No Hat,Surprised,0.048,0.0873,0.0427,0.132,0.056,0.032,0.008,0.0407,0.0173,0.024,0.0727,0.0267,0.0327,0.014,0.0407,0.1187,0.4247,0.116,0.2333,0.0987,0.3147
829,8.39,8.39,nan,Rose Quartz Pink,Black,White Round Shades,No Hat,Surprised,0.048,0.0873,0.0427,0.132,0.056,0.032,0.008,0.0407,0.0173,0.024,0.0727,0.0267,0.0327,0.014,0.0407,0.1187,0.4247,0.116,0.2333,0.0987,0.3147
829,2.37,2.37,nan,Rose Quartz Pink,Black,White Round Shades,No Hat,Surprised,0.048,0.0873,0.0427,0.132,0.056,0.032,0.008,0.0407,0.0173,0.024,0.0727,0.0267,0.0327,0.014,0.0407,0.1187,0.4247,0.116,0.2333,0.0987,0.3147
386,8.39,8.39,Bow Tie,Spiced Orange,Black,Normal,Pirate,Drooling,0.0133,0.022,0.02,0.0047,0.0067,0.0267,0.0253,0.006,0.008,0.0613,0.0147,0.02,0.0153,0.0173,0.0053,0.07,0.0933,0.118,0.2333,0.2567,0.06
605,8.39,8.39,Bow Tie,Seashell Pink,Black - Overweight,Eye Patch,No Hat,Surprised,0.0127,0.014,0.0093,0.0307,0.0107,0.0253,0.0047,0.0373,0.0113,0.018,0.0607,0.0213,0.0267,0.0093,0.0407,0.1187,0.0933,0.118,0.1773,0.08,0.3147
605,4.05,4.05,Bow Tie,Seashell Pink,Black - Overweight,Eye Patch,No Hat,Surprised,0.0127,0.014,0.0093,0.0307,0.0107,0.0253,0.0047,0.0373,0.0113,0.018,0.0607,0.0213,0.0267,0.0093,0.0407,0.1187,0.0933,0.118,0.1773,0.08,0.3147
783,17.02,8.52,nan,Spiced Orange,Tan,Goggles,Bone,Happy,0.0527,0.066,0.0267,0.0053,0.0967,0.0207,0.0073,0.004,0.0307,0.008,0.0027,0.028,0.0013,0.0113,0.002,0.226,0.4247,0.118,0.1553,0.0573,0.0093
960,8.52,8.52,nan,Seashell Pink,Black - Overweight,Red Shades,Slickback,Toothy,0.046,0.08,0.0293,0.016,0.074,0.0253,0.0067,0.004,0.0247,0.012,0.0067,0.0373,0.0033,0.0113,0.0107,0.1853,0.4247,0.118,0.1773,0.0687,0.0493
960,3.59,3.59,nan,Seashell Pink,Black - Overweight,Red Shades,Slickback,Toothy,0.046,0.08,0.0293,0.016,0.074,0.0253,0.0067,0.004,0.0247,0.012,0.0067,0.0373,0.0033,0.0113,0.0107,0.1853,0.4247,0.118,0.1773,0.0687,0.0493
278,8.52,8.52,nan,Spiced Orange,Black,White Round Shades,Elvis,Sad,0.0527,0.0873,0.0427,0.0273,0.0447,0.0267,0.018,0.0093,0.0147,0.024,0.018,0.0247,0.008,0.012,0.008,0.118,0.4247,0.118,0.2333,0.0987,0.07
3,10.13,8.52,Red Bandana,Forest Moss Green,White,Concerned,Headband,Bubble Gum,0.0167,0.0053,0.0033,0.0047,0.0047,0.008,0.0087,0.0073,0.0093,0.002,0.0047,0.0033,0.0033,0.002,0.002,0.05,0.092,0.1247,0.0593,0.0293,0.0447
3,9.08,7.89,Red Bandana,Forest Moss Green,White,Concerned,Headband,Bubble Gum,0.0167,0.0053,0.0033,0.0047,0.0047,0.008,0.0087,0.0073,0.0093,0.002,0.0047,0.0033,0.0033,0.002,0.002,0.05,0.092,0.1247,0.0593,0.0293,0.0447
3,2.91,2.64,Red Bandana,Forest Moss Green,White,Concerned,Headband,Bubble Gum,0.0167,0.0053,0.0033,0.0047,0.0047,0.008,0.0087,0.0073,0.0093,0.002,0.0047,0.0033,0.0033,0.002,0.002,0.05,0.092,0.1247,0.0593,0.0293,0.0447
1266,8.54,8.54,nan,Lavender Dusk Purple,Black,Red Shades,Cowboy,Mustache,0.0507,0.0873,0.0293,0.0253,0.0347,0.03,0.0093,0.0073,0.01,0.016,0.0133,0.0213,0.0073,0.0053,0.0047,0.0767,0.4247,0.1187,0.2333,0.0687,0.058
1266,4.57,4.57,nan,Lavender Dusk Purple,Black,Red Shades,Cowboy,Mustache,0.0507,0.0873,0.0293,0.0253,0.0347,0.03,0.0093,0.0073,0.01,0.016,0.0133,0.0213,0.0073,0.0053,0.0047,0.0767,0.4247,0.1187,0.2333,0.0687,0.058
1266,4.05,4.05,nan,Lavender Dusk Purple,Black,Red Shades,Cowboy,Mustache,0.0507,0.0873,0.0293,0.0253,0.0347,0.03,0.0093,0.0073,0.01,0.016,0.0133,0.0213,0.0073,0.0053,0.0047,0.0767,0.4247,0.1187,0.2333,0.0687,0.058
647,16.08,8.54,Earrings,Seashell Pink,Black,White Shades,Elvis,Vampire,0.0007,0.0013,0.0013,0.0007,0.0013,0.0253,0.02,0.0093,0.0067,0.0327,0.018,0.0127,0.0113,0.0107,0.002,0.0593,0.01,0.118,0.2333,0.148,0.07
1287,10.6,8.54,Bow Tie,Rose Quartz Pink,Blue,Gold Shades,Cylinder,Drooling,0.0093,0.008,0.004,0.0033,0.0067,0.0093,0.002,0.004,0.0087,0.0027,0.0033,0.0033,0.0033,0.0013,0.0027,0.07,0.0933,0.116,0.0633,0.02,0.0493
1248,10.08,8.5,Scarf,Lavender Dusk Purple,Black,Nouns Glasses,No Hat,Sad,0.0173,0.0347,0.004,0.0473,0.0187,0.03,0.0033,0.0367,0.0147,0.0087,0.0727,0.0247,0.012,0.0053,0.0387,0.118,0.1393,0.1187,0.2333,0.0393,0.3147
1399,8.49,8.49,nan,Seashell Pink,Blue,Nouns Glasses,Pirate,Happy,0.046,0.03,0.018,0.03,0.0967,0.008,0.004,0.0093,0.0307,0.0033,0.0027,0.012,0.0027,0.008,0.014,0.226,0.4247,0.118,0.0633,0.0393,0.06
1399,3.97,3.97,nan,Seashell Pink,Blue,Nouns Glasses,Pirate,Happy,0.046,0.03,0.018,0.03,0.0967,0.008,0.004,0.0093,0.0307,0.0033,0.0027,0.012,0.0027,0.008,0.014,0.226,0.4247,0.118,0.0633,0.0393,0.06
577,8.49,8.49,Tie,Rose Quartz Pink,Tan,Red Round Shades,No Hat,Vampire,0.0087,0.01,0.006,0.024,0.0047,0.018,0.0107,0.0407,0.0067,0.014,0.048,0.012,0.0247,0.002,0.0207,0.0593,0.0627,0.116,0.1553,0.0587,0.3147
845,8.44,8.44,Bow Tie,Midnight Sapphire Blue,Black,Eye Patch,Headphones,Happy,0.0067,0.022,0.0093,0.0047,0.0207,0.0233,0.0107,0.0053,0.0253,0.018,0.01,0.0613,0.0067,0.0173,0.0107,0.226,0.0933,0.1167,0.2333,0.08,0.05
517,12.37,8.44,Earrings,Stormcloud Grey,Cream,Normal,No Hat,Happy,0.002,0.0007,0.0053,0.0027,0.004,0.0107,0.0287,0.0367,0.022,0.0227,0.0347,0.018,0.0747,0.0553,0.0707,0.226,0.01,0.1187,0.0787,0.2567,0.3147
600,8.44,8.44,Bow Tie,Forest Moss Green,Black,Goggles,Slickback,Toothy,0.0147,0.022,0.008,0.0067,0.018,0.032,0.008,0.0053,0.0253,0.016,0.0147,0.0347,0.004,0.012,0.0107,0.1853,0.0933,0.1247,0.2333,0.0573,0.0493
600,6.55,6.55,Bow Tie,Forest Moss Green,Black,Goggles,Slickback,Toothy,0.0147,0.022,0.008,0.0067,0.018,0.032,0.008,0.0053,0.0253,0.016,0.0147,0.0347,0.004,0.012,0.0107,0.1853,0.0933,0.1247,0.2333,0.0573,0.0493
600,4.29,4.29,Bow Tie,Forest Moss Green,Black,Goggles,Slickback,Toothy,0.0147,0.022,0.008,0.0067,0.018,0.032,0.008,0.0053,0.0253,0.016,0.0147,0.0347,0.004,0.012,0.0107,0.1853,0.0933,0.1247,0.2333,0.0573,0.0493
1362,8.44,8.44,nan,Sunlit Gold,Black,Eye Patch,Headband,Drooling,0.0673,0.0873,0.0313,0.016,0.032,0.0313,0.0107,0.0093,0.0107,0.018,0.0087,0.02,0.0047,0.0073,0.002,0.07,0.4247,0.15,0.2333,0.08,0.0447
1362,4.51,4.51,nan,Sunlit Gold,Black,Eye Patch,Headband,Drooling,0.0673,0.0873,0.0313,0.016,0.032,0.0313,0.0107,0.0093,0.0107,0.018,0.0087,0.02,0.0047,0.0073,0.002,0.07,0.4247,0.15,0.2333,0.08,0.0447
675,8.15,8.15,Neck Tattoo,Seashell Pink,White,Normal,Afro,Drooling,0.0047,0.0027,0.0047,0.0007,0.0033,0.0087,0.0307,0.008,0.0053,0.0207,0.0047,0.006,0.0173,0.0173,0.0047,0.07,0.03,0.118,0.0593,0.2567,0.07
675,4.13,4.13,Neck Tattoo,Seashell Pink,White,Normal,Afro,Drooling,0.0047,0.0027,0.0047,0.0007,0.0033,0.0087,0.0307,0.008,0.0053,0.0207,0.0047,0.006,0.0173,0.0173,0.0047,0.07,0.03,0.118,0.0593,0.2567,0.07
1424,8.15,8.15,Gold Chain,Stormcloud Grey,Tan,Normal,No Hat,Toothy,0.0153,0.0113,0.0233,0.0273,0.018,0.0167,0.0287,0.0367,0.0193,0.038,0.048,0.032,0.0747,0.0513,0.0533,0.1853,0.09,0.1187,0.1553,0.2567,0.3147
1181,7.89,7.89,nan,Stormcloud Grey,Black,Drowsy,Pirate,Panting,0.0467,0.0873,0.0233,0.03,0.0193,0.0287,0.004,0.0053,0.01,0.0087,0.0147,0.0127,0.0033,0.0027,0.0033,0.048,0.4247,0.1187,0.2333,0.0407,0.06
1181,3.36,3.36,nan,Stormcloud Grey,Black,Drowsy,Pirate,Panting,0.0467,0.0873,0.0233,0.03,0.0193,0.0287,0.004,0.0053,0.01,0.0087,0.0147,0.0127,0.0033,0.0027,0.0033,0.048,0.4247,0.1187,0.2333,0.0407,0.06
132,7.89,7.89,Scarf,Sunlit Gold,Tan,Eye Patch,Headband,Bubble Gum,0.0193,0.0227,0.01,0.0113,0.0073,0.0267,0.0107,0.0093,0.0073,0.0113,0.012,0.008,0.0047,0.0053,0.002,0.05,0.1393,0.15,0.1553,0.08,0.0447
132,6.93,6.93,Scarf,Sunlit Gold,Tan,Eye Patch,Headband,Bubble Gum,0.0193,0.0227,0.01,0.0113,0.0073,0.0267,0.0107,0.0093,0.0073,0.0113,0.012,0.008,0.0047,0.0053,0.002,0.05,0.1393,0.15,0.1553,0.08,0.0447
243,7.89,7.89,Red Bandana,Rose Quartz Pink,Black,Cyclop,No Hat,Happy,0.0113,0.0253,0.002,0.0307,0.0267,0.032,0.0013,0.0407,0.0247,0.0087,0.0727,0.0613,0.006,0.0047,0.0707,0.226,0.092,0.116,0.2333,0.0187,0.3147
243,7.0,6.93,Red Bandana,Rose Quartz Pink,Black,Cyclop,No Hat,Happy,0.0113,0.0253,0.002,0.0307,0.0267,0.032,0.0013,0.0407,0.0247,0.0087,0.0727,0.0613,0.006,0.0047,0.0707,0.226,0.092,0.116,0.2333,0.0187,0.3147
1124,9.17,7.89,Samurai Sword,Midnight Sapphire Blue,Chocolate,Red Shades,No Hat,Mustache,0.0027,0.0013,0.0013,0.0047,0.0033,0.008,0.0073,0.0367,0.0133,0.004,0.0113,0.004,0.0213,0.0053,0.022,0.0767,0.0187,0.1167,0.0433,0.0687,0.3147
1124,6.14,4.43,Samurai Sword,Midnight Sapphire Blue,Chocolate,Red Shades,No Hat,Mustache,0.0027,0.0013,0.0013,0.0047,0.0033,0.008,0.0073,0.0367,0.0133,0.004,0.0113,0.004,0.0213,0.0053,0.022,0.0767,0.0187,0.1167,0.0433,0.0687,0.3147
1124,2.03,1.64,Samurai Sword,Midnight Sapphire Blue,Chocolate,Red Shades,No Hat,Mustache,0.0027,0.0013,0.0013,0.0047,0.0033,0.008,0.0073,0.0367,0.0133,0.004,0.0113,0.004,0.0213,0.0053,0.022,0.0767,0.0187,0.1167,0.0433,0.0687,0.3147
1402,7.89,7.89,nan,Spiced Orange,White,White Shades,No Hat,Surprised,0.0527,0.028,0.066,0.132,0.056,0.0053,0.0147,0.032,0.0153,0.006,0.0187,0.0067,0.0487,0.0167,0.0407,0.1187,0.4247,0.118,0.0593,0.148,0.3147
382,7.89,7.89,Scarf,Lavender Dusk Purple,Black - Overweight,Laser Eyes,Slickback,Toothy,0.0173,0.0273,0.0033,0.0093,0.0367,0.0187,0.0033,0.006,0.022,0.0053,0.0067,0.0373,0.0007,0.0033,0.0107,0.1853,0.1393,0.1187,0.1773,0.0167,0.0493
715,7.89,7.89,Tie,Seashell Pink,Blue,Normal,Afro,Surprised,0.0067,0.0027,0.0187,0.0027,0.008,0.008,0.0307,0.008,0.0113,0.0133,0.0073,0.0087,0.0173,0.03,0.008,0.1187,0.0627,0.118,0.0633,0.2567,0.07
305,7.89,7.89,nan,Forest Moss Green,Blue,Red Shades,Wizard,Happy,0.0467,0.03,0.0293,0.0093,0.0967,0.0093,0.01,0.004,0.0267,0.0053,0.0007,0.012,0.0013,0.016,0.006,0.226,0.4247,0.1247,0.0633,0.0687,0.02
236,7.57,7.57,nan,Forest Moss Green,Black,White Round Shades,No Hat,Sad,0.0467,0.0873,0.0427,0.132,0.0447,0.032,0.0093,0.0447,0.0127,0.024,0.0727,0.0247,0.0327,0.012,0.0387,0.118,0.4247,0.1247,0.2333,0.0987,0.3147
236,4.48,4.48,nan,Forest Moss Green,Black,White Round Shades,No Hat,Sad,0.0467,0.0873,0.0427,0.132,0.0447,0.032,0.0093,0.0447,0.0127,0.024,0.0727,0.0247,0.0327,0.012,0.0387,0.118,0.4247,0.1247,0.2333,0.0987,0.3147
236,4.35,4.35,nan,Forest Moss Green,Black,White Round Shades,No Hat,Sad,0.0467,0.0873,0.0427,0.132,0.0447,0.032,0.0093,0.0447,0.0127,0.024,0.0727,0.0247,0.0327,0.012,0.0387,0.118,0.4247,0.1247,0.2333,0.0987,0.3147
905,7.58,7.58,Scarf,Midnight Sapphire Blue,Cream,Red Round Shades,Cylinder,Happy,0.0133,0.014,0.0087,0.0087,0.0353,0.0093,0.0053,0.0053,0.0253,0.004,0.004,0.018,0.006,0.0073,0.0087,0.226,0.1393,0.1167,0.0787,0.0587,0.0493
905,1.66,1.66,Scarf,Midnight Sapphire Blue,Cream,Red Round Shades,Cylinder,Happy,0.0133,0.014,0.0087,0.0087,0.0353,0.0093,0.0053,0.0053,0.0253,0.004,0.004,0.018,0.006,0.0073,0.0087,0.226,0.1393,0.1167,0.0787,0.0587,0.0493
788,7.58,7.58,nan,Sunlit Gold,Blue,Red Round Shades,No Hat,Mustache,0.0673,0.03,0.0233,0.132,0.0347,0.0067,0.0053,0.044,0.0113,0.004,0.0207,0.0053,0.0247,0.004,0.022,0.0767,0.4247,0.15,0.0633,0.0587,0.3147
810,7.59,7.59,Scarf,Seashell Pink,Black,White Round Shades,Afro,Sad,0.022,0.0347,0.012,0.0087,0.0187,0.0253,0.01,0.008,0.0147,0.024,0.0193,0.0247,0.0073,0.012,0.006,0.118,0.1393,0.118,0.2333,0.0987,0.07
810,4.28,4.28,Scarf,Seashell Pink,Black,White Round Shades,Afro,Sad,0.022,0.0347,0.012,0.0087,0.0187,0.0253,0.01,0.008,0.0147,0.024,0.0193,0.0247,0.0073,0.012,0.006,0.118,0.1393,0.118,0.2333,0.0987,0.07
1150,9.61,7.59,Wings,Spiced Orange,Chocolate,Red Shades,Cowboy,Toothy,0.004,0.0013,0.0013,0.0013,0.0047,0.008,0.008,0.0093,0.02,0.004,0.0033,0.0087,0.0073,0.0113,0.0093,0.1853,0.0193,0.118,0.0433,0.0687,0.058
1150,4.18,3.67,Wings,Spiced Orange,Chocolate,Red Shades,Cowboy,Toothy,0.004,0.0013,0.0013,0.0013,0.0047,0.008,0.008,0.0093,0.02,0.004,0.0033,0.0087,0.0073,0.0113,0.0093,0.1853,0.0193,0.118,0.0433,0.0687,0.058
519,7.59,7.59,Gold Chain,Rose Quartz Pink,Sable,Eye Patch,Elvis,Mustache,0.01,0.01,0.0073,0.012,0.008,0.008,0.014,0.0067,0.0093,0.0053,0.0067,0.0073,0.006,0.0067,0.0047,0.0767,0.09,0.116,0.0633,0.08,0.07
1010,7.59,7.59,Neck Tattoo,Forest Moss Green,Black,White Round Shades,No Hat,Toothy,0.004,0.0087,0.004,0.0067,0.0027,0.032,0.0093,0.0447,0.0253,0.024,0.0727,0.0347,0.0327,0.0147,0.0533,0.1853,0.03,0.1247,0.2333,0.0987,0.3147
596,7.59,7.59,nan,Rose Quartz Pink,Cream,Normal,No Hat,Bubble Gum,0.048,0.0327,0.102,0.132,0.0227,0.0093,0.0273,0.0407,0.0047,0.0227,0.0347,0.0053,0.0747,0.0113,0.0107,0.05,0.4247,0.116,0.0787,0.2567,0.3147
596,4.14,4.14,nan,Rose Quartz Pink,Cream,Normal,No Hat,Bubble Gum,0.048,0.0327,0.102,0.132,0.0227,0.0093,0.0273,0.0407,0.0047,0.0227,0.0347,0.0053,0.0747,0.0113,0.0107,0.05,0.4247,0.116,0.0787,0.2567,0.3147
1356,43.9,7.59,Cape,Rose Quartz Pink,Chocolate,Red Shades,Angel Halo,Happy,0.0007,0.0013,0.002,0.0007,0.0013,0.0053,0.0053,0.002,0.0247,0.004,0.0013,0.01,0.0013,0.016,0.0033,0.226,0.01,0.116,0.0433,0.0687,0.01
916,7.03,7.03,Gold Chain,Stormcloud Grey,Black,White Round Shades,No Hat,Panting,0.0153,0.0267,0.0073,0.0273,0.0053,0.0287,0.016,0.0367,0.01,0.024,0.0727,0.0127,0.0327,0.004,0.0173,0.048,0.09,0.1187,0.2333,0.0987,0.3147
666,7.83,7.03,nan,Forest Moss Green,Sable,Normal,No Hat,Drooling,0.0467,0.0293,0.102,0.132,0.032,0.0053,0.034,0.0447,0.008,0.0193,0.014,0.0067,0.0747,0.0173,0.0253,0.07,0.4247,0.1247,0.0633,0.2567,0.3147
666,3.75,3.75,nan,Forest Moss Green,Sable,Normal,No Hat,Drooling,0.0467,0.0293,0.102,0.132,0.032,0.0053,0.034,0.0447,0.008,0.0193,0.014,0.0067,0.0747,0.0173,0.0253,0.07,0.4247,0.1247,0.0633,0.2567,0.3147
179,15.79,7.03,Red Bandana,Rose Quartz Pink,Cream,White Shades,Devil Horns,Bubble Gum,0.0113,0.006,0.0133,0.0007,0.0047,0.0093,0.0207,0.0013,0.0047,0.01,0.0013,0.0053,0.0013,0.0087,0.002,0.05,0.092,0.116,0.0787,0.148,0.0093
179,10.68,4.31,Red Bandana,Rose Quartz Pink,Cream,White Shades,Devil Horns,Bubble Gum,0.0113,0.006,0.0133,0.0007,0.0047,0.0093,0.0207,0.0013,0.0047,0.01,0.0013,0.0053,0.0013,0.0087,0.002,0.05,0.092,0.116,0.0787,0.148,0.0093
17,6.93,6.93,Gold Chain,Seashell Pink,White,Drowsy,Elvis,Toothy,0.0113,0.0053,0.0027,0.012,0.018,0.0087,0.0087,0.0093,0.0247,0.0033,0.0053,0.0093,0.004,0.008,0.0113,0.1853,0.09,0.118,0.0593,0.0407,0.07
17,1.02,1.02,Gold Chain,Seashell Pink,White,Drowsy,Elvis,Toothy,0.0113,0.0053,0.0027,0.012,0.018,0.0087,0.0087,0.0093,0.0247,0.0033,0.0053,0.0093,0.004,0.008,0.0113,0.1853,0.09,0.118,0.0593,0.0407,0.07
552,6.93,6.93,Gold Chain,Midnight Sapphire Blue,Tan,Normal,Cowboy,Sad,0.0127,0.0113,0.0233,0.0087,0.0093,0.0167,0.03,0.01,0.0153,0.038,0.0047,0.0167,0.0167,0.0293,0.0073,0.118,0.09,0.1167,0.1553,0.2567,0.058
552,5.05,5.03,Gold Chain,Midnight Sapphire Blue,Tan,Normal,Cowboy,Sad,0.0127,0.0113,0.0233,0.0087,0.0093,0.0167,0.03,0.01,0.0153,0.038,0.0047,0.0167,0.0167,0.0293,0.0073,0.118,0.09,0.1167,0.1553,0.2567,0.058
493,48.41,6.93,Cape,Outer Space,Black - Overweight,White Shades,Leprechaun,Sad,0.0007,0.0033,0.0027,0.0007,0.0007,0.0027,0.002,0.0007,0.002,0.0347,0.0027,0.0187,0.0027,0.0147,0.0013,0.118,0.01,0.0093,0.1773,0.148,0.01
6,6.93,6.93,nan,Forest Moss Green,Lilac,Red Round Shades,No Hat,Toothy,0.0467,0.018,0.0233,0.132,0.074,0.0047,0.0067,0.0447,0.0253,0.0027,0.016,0.006,0.0247,0.0127,0.0533,0.1853,0.4247,0.1247,0.0433,0.0587,0.3147
776,6.72,6.72,Tie,Forest Moss Green,Black,Nouns Glasses,Sobrero,Happy,0.0073,0.0167,0.004,0.0053,0.01,0.032,0.0067,0.006,0.0267,0.0087,0.018,0.0613,0.0027,0.008,0.0173,0.226,0.0627,0.1247,0.2333,0.0393,0.06
1113,6.72,6.72,Bow Tie,Seashell Pink,Cream,Normal,No Hat,Drooling,0.0127,0.008,0.02,0.0307,0.0067,0.008,0.0307,0.0373,0.0053,0.0227,0.0347,0.0033,0.0747,0.0173,0.0253,0.07,0.0933,0.118,0.0787,0.2567,0.3147
1113,3.73,3.73,Bow Tie,Seashell Pink,Cream,Normal,No Hat,Drooling,0.0127,0.008,0.02,0.0307,0.0067,0.008,0.0307,0.0373,0.0053,0.0227,0.0347,0.0033,0.0747,0.0173,0.0253,0.07,0.0933,0.118,0.0787,0.2567,0.3147
1113,1.7,1.7,Bow Tie,Seashell Pink,Cream,Normal,No Hat,Drooling,0.0127,0.008,0.02,0.0307,0.0067,0.008,0.0307,0.0373,0.0053,0.0227,0.0347,0.0033,0.0747,0.0173,0.0253,0.07,0.0933,0.118,0.0787,0.2567,0.3147
133,7.16,6.72,Scarf,Sunlit Gold,Black - Overweight,Red Round Shades,Headphones,Toothy,0.0193,0.0273,0.0087,0.0067,0.0367,0.032,0.0053,0.0053,0.0293,0.01,0.01,0.0373,0.002,0.0127,0.0087,0.1853,0.1393,0.15,0.1773,0.0587,0.05
663,6.72,6.72,nan,Lavender Dusk Purple,Sable,Normal,Cylinder,Mustache,0.0507,0.0293,0.102,0.0193,0.0347,0.008,0.0353,0.0047,0.01,0.0193,0.0027,0.0073,0.012,0.022,0.0047,0.0767,0.4247,0.1187,0.0633,0.2567,0.0493
626,6.65,6.65,Gold Chain,Sunlit Gold,Sable,White Shades,Party Hat,Happy,0.0133,0.01,0.0133,0.006,0.0147,0.0087,0.026,0.008,0.04,0.01,0.0033,0.012,0.0067,0.034,0.012,0.226,0.09,0.15,0.0633,0.148,0.05
638,6.56,6.56,nan,Midnight Sapphire Blue,Blue,Goggles,Slickback,Toothy,0.0567,0.03,0.0267,0.016,0.074,0.0093,0.0073,0.0053,0.0207,0.0033,0.002,0.0113,0.004,0.012,0.0107,0.1853,0.4247,0.1167,0.0633,0.0573,0.0493
768,6.56,6.56,Scarf,Stormcloud Grey,Tan - Overweight,Eye Patch,Party Hat,Toothy,0.01,0.01,0.01,0.0033,0.0367,0.0127,0.0087,0.0053,0.0193,0.0047,0.0033,0.0147,0.0027,0.0167,0.0073,0.1853,0.1393,0.1187,0.0727,0.08,0.05
768,3.67,3.67,Scarf,Stormcloud Grey,Tan - Overweight,Eye Patch,Party Hat,Toothy,0.01,0.01,0.01,0.0033,0.0367,0.0127,0.0087,0.0053,0.0193,0.0047,0.0033,0.0147,0.0027,0.0167,0.0073,0.1853,0.1393,0.1187,0.0727,0.08,0.05
1121,6.97,6.56,Scarf,Rose Quartz Pink,Black - Overweight,Eye Patch,No Hat,Surprised,0.0167,0.0273,0.01,0.0473,0.0133,0.0187,0.014,0.0407,0.0173,0.018,0.0607,0.0213,0.0267,0.0093,0.0407,0.1187,0.1393,0.116,0.1773,0.08,0.3147
91,6.56,6.56,nan,Lavender Dusk Purple,Sable,Normal,Elvis,Happy,0.0507,0.0293,0.102,0.0273,0.0967,0.008,0.0353,0.0067,0.0213,0.0193,0.0067,0.012,0.0167,0.0553,0.0207,0.226,0.4247,0.1187,0.0633,0.2567,0.07
227,6.55,6.55,nan,Seashell Pink,Tan - Overweight,Nouns Glasses,Pirate,Sad,0.046,0.0313,0.018,0.03,0.0447,0.008,0.004,0.0093,0.0147,0.0033,0.006,0.0127,0.0027,0.0053,0.0073,0.118,0.4247,0.118,0.0727,0.0393,0.06
1479,7.12,6.55,nan,Lavender Dusk Purple,Sable,White Round Shades,Wizard,Bubble Gum,0.0507,0.0293,0.0427,0.0093,0.0227,0.008,0.01,0.0027,0.0073,0.0047,0.002,0.0013,0.0027,0.0067,0.0033,0.05,0.4247,0.1187,0.0633,0.0987,0.02
1479,4.43,4.43,nan,Lavender Dusk Purple,Sable,White Round Shades,Wizard,Bubble Gum,0.0507,0.0293,0.0427,0.0093,0.0227,0.008,0.01,0.0027,0.0073,0.0047,0.002,0.0013,0.0027,0.0067,0.0033,0.05,0.4247,0.1187,0.0633,0.0987,0.02
1479,2.98,2.43,nan,Lavender Dusk Purple,Sable,White Round Shades,Wizard,Bubble Gum,0.0507,0.0293,0.0427,0.0093,0.0227,0.008,0.01,0.0027,0.0073,0.0047,0.002,0.0013,0.0027,0.0067,0.0033,0.05,0.4247,0.1187,0.0633,0.0987,0.02
77,7.12,6.55,Wings,Spiced Orange,Cream,White Shades,Cylinder,Toothy,0.004,0.0033,0.002,0.0007,0.0047,0.0087,0.0147,0.0073,0.02,0.01,0.004,0.018,0.0053,0.03,0.0107,0.1853,0.0193,0.118,0.0787,0.148,0.0493
77,5.36,5.36,Wings,Spiced Orange,Cream,White Shades,Cylinder,Toothy,0.004,0.0033,0.002,0.0007,0.0047,0.0087,0.0147,0.0073,0.02,0.01,0.004,0.018,0.0053,0.03,0.0107,0.1853,0.0193,0.118,0.0787,0.148,0.0493
77,3.9,2.78,Wings,Spiced Orange,Cream,White Shades,Cylinder,Toothy,0.004,0.0033,0.002,0.0007,0.0047,0.0087,0.0147,0.0073,0.02,0.01,0.004,0.018,0.0053,0.03,0.0107,0.1853,0.0193,0.118,0.0787,0.148,0.0493
1359,6.55,6.55,Bow Tie,Midnight Sapphire Blue,Black - Overweight,Eye Patch,Afro,Toothy,0.0067,0.014,0.0093,0.0067,0.018,0.0173,0.0107,0.0107,0.0207,0.018,0.008,0.0373,0.006,0.0167,0.0153,0.1853,0.0933,0.1167,0.1773,0.08,0.07
1425,6.55,6.55,Scarf,Sunlit Gold,Tan - Overweight,White Shades,No Hat,Happy,0.0193,0.01,0.0187,0.0473,0.0353,0.0113,0.026,0.044,0.04,0.0153,0.016,0.016,0.0487,0.034,0.0707,0.226,0.1393,0.15,0.0727,0.148,0.3147
1425,4.14,4.14,Scarf,Sunlit Gold,Tan - Overweight,White Shades,No Hat,Happy,0.0193,0.01,0.0187,0.0473,0.0353,0.0113,0.026,0.044,0.04,0.0153,0.016,0.016,0.0487,0.034,0.0707,0.226,0.1393,0.15,0.0727,0.148,0.3147
849,7.19,6.55,nan,Rose Quartz Pink,Black - Overweight,Red Round Shades,No Hat,Mustache,0.048,0.08,0.0233,0.132,0.0347,0.0187,0.0107,0.0407,0.0093,0.01,0.0607,0.0127,0.0247,0.004,0.022,0.0767,0.4247,0.116,0.1773,0.0587,0.3147
849,3.97,3.97,nan,Rose Quartz Pink,Black - Overweight,Red Round Shades,No Hat,Mustache,0.048,0.08,0.0233,0.132,0.0347,0.0187,0.0107,0.0407,0.0093,0.01,0.0607,0.0127,0.0247,0.004,0.022,0.0767,0.4247,0.116,0.1773,0.0587,0.3147
667,7.32,6.55,Tie,Lavender Dusk Purple,Black - Overweight,White Round Shades,Party Hat,Bubble Gum,0.0087,0.0127,0.0047,0.004,0.0027,0.0187,0.01,0.0067,0.0073,0.012,0.008,0.01,0.004,0.0067,0.004,0.05,0.0627,0.1187,0.1773,0.0987,0.05
1207,5.36,5.36,Tie,Sunlit Gold,Lilac,White Shades,Cowboy,Mustache,0.006,0.0053,0.0087,0.0033,0.0067,0.0087,0.026,0.01,0.0113,0.0067,0.0047,0.0027,0.0073,0.01,0.0047,0.0767,0.0627,0.15,0.0433,0.148,0.058
1475,5.36,5.36,Bow Tie,Sunlit Gold,Tan - Overweight,Normal,Slickback,Happy,0.0133,0.0067,0.02,0.0067,0.0207,0.0113,0.0427,0.0087,0.04,0.016,0.0047,0.016,0.018,0.0553,0.0073,0.226,0.0933,0.15,0.0727,0.2567,0.0493
1145,5.36,5.36,Samurai Sword,Spiced Orange,Sable,White Shades,No Hat,Sad,0.0027,0.0027,0.002,0.0047,0.0027,0.0113,0.0147,0.032,0.0147,0.01,0.014,0.0073,0.0487,0.0147,0.0387,0.118,0.0187,0.118,0.0633,0.148,0.3147
1145,3.2,3.2,Samurai Sword,Spiced Orange,Sable,White Shades,No Hat,Sad,0.0027,0.0027,0.002,0.0047,0.0027,0.0113,0.0147,0.032,0.0147,0.01,0.014,0.0073,0.0487,0.0147,0.0387,0.118,0.0187,0.118,0.0633,0.148,0.3147
523,5.36,5.36,nan,Seashell Pink,Sable,Normal,Headphones,Panting,0.046,0.0293,0.102,0.022,0.0193,0.006,0.0307,0.0073,0.004,0.0193,0.004,0.002,0.0153,0.0073,0.004,0.048,0.4247,0.118,0.0633,0.2567,0.05
523,3.44,3.44,nan,Seashell Pink,Sable,Normal,Headphones,Panting,0.046,0.0293,0.102,0.022,0.0193,0.006,0.0307,0.0073,0.004,0.0193,0.004,0.002,0.0153,0.0073,0.004,0.048,0.4247,0.118,0.0633,0.2567,0.05
1203,5.67,5.36,Scarf,Lavender Dusk Purple,Cream,Drowsy,Wizard,Toothy,0.0173,0.014,0.0073,0.004,0.0367,0.0087,0.0047,0.0027,0.022,0.0013,0.002,0.018,0.002,0.008,0.0033,0.1853,0.1393,0.1187,0.0787,0.0407,0.02
1221,5.36,5.36,Gold Chain,Seashell Pink,Tan,Red Round Shades,Pirate,Surprised,0.0113,0.0113,0.0067,0.0073,0.014,0.0193,0.0087,0.0093,0.0113,0.014,0.008,0.02,0.004,0.0087,0.0053,0.1187,0.09,0.118,0.1553,0.0587,0.06
861,5.36,5.36,Scarf,Forest Moss Green,Black,Eye Patch,No Hat,Toothy,0.0233,0.0347,0.01,0.0473,0.0367,0.032,0.0107,0.0447,0.0253,0.018,0.0727,0.0347,0.0267,0.0167,0.0533,0.1853,0.1393,0.1247,0.2333,0.08,0.3147
21,5.36,5.36,nan,Lavender Dusk Purple,Black - Overweight,Drowsy,Cowboy,Mustache,0.0507,0.08,0.0233,0.0253,0.0347,0.0187,0.0047,0.0073,0.01,0.01,0.0147,0.0127,0.002,0.002,0.0047,0.0767,0.4247,0.1187,0.1773,0.0407,0.058
1157,12.82,5.33,Bow Tie,Midnight Sapphire Blue,Blue,Drowsy Cyclop,Party Hat,Sad,0.0067,0.008,0.002,0.0067,0.0127,0.0093,0.0007,0.0073,0.0153,0.002,0.004,0.0073,0.0007,0.0013,0.0053,0.118,0.0933,0.1167,0.0633,0.01,0.05
1129,5.32,5.32,nan,Forest Moss Green,White,Goggles,Pirate,Feral,0.0467,0.028,0.0267,0.03,0.0187,0.008,0.008,0.0053,0.0067,0.0033,0.0047,0.0033,0.0033,0.0033,0.0033,0.048,0.4247,0.1247,0.0593,0.0573,0.06
653,5.05,5.05,nan,Lavender Dusk Purple,Black - Overweight,Red Shades,Cowboy,Feral,0.0507,0.08,0.0293,0.0253,0.0187,0.0187,0.0093,0.0073,0.0067,0.012,0.0147,0.0093,0.0073,0.0033,0.0033,0.048,0.4247,0.1187,0.1773,0.0687,0.058
653,2.37,2.37,nan,Lavender Dusk Purple,Black - Overweight,Red Shades,Cowboy,Feral,0.0507,0.08,0.0293,0.0253,0.0187,0.0187,0.0093,0.0073,0.0067,0.012,0.0147,0.0093,0.0073,0.0033,0.0033,0.048,0.4247,0.1187,0.1773,0.0687,0.058
1192,5.07,5.07,nan,Spiced Orange,Black - Overweight,Cyclop,Cowboy,Toothy,0.0527,0.08,0.0067,0.0253,0.074,0.018,0.0027,0.0093,0.02,0.002,0.0147,0.0373,0.0013,0.0027,0.0093,0.1853,0.4247,0.118,0.1773,0.0187,0.058
688,5.1,5.1,nan,Rose Quartz Pink,Sable,Concerned,Slickback,Drooling,0.048,0.0293,0.0127,0.016,0.032,0.008,0.0033,0.006,0.0087,0.0033,0.0033,0.0067,0.0027,0.0027,0.004,0.07,0.4247,0.116,0.0633,0.0293,0.0493
688,4.14,4.14,nan,Rose Quartz Pink,Sable,Concerned,Slickback,Drooling,0.048,0.0293,0.0127,0.016,0.032,0.008,0.0033,0.006,0.0087,0.0033,0.0033,0.0067,0.0027,0.0027,0.004,0.07,0.4247,0.116,0.0633,0.0293,0.0493
258,8.55,5.1,Tie,"Red, White, and Blue",Cream,Nouns Glasses,No Hat,Mustache,0.0007,0.0027,0.004,0.024,0.0067,0.0013,0.0007,0.0013,0.0007,0.004,0.0347,0.0047,0.012,0.0067,0.022,0.0767,0.0627,0.01,0.0787,0.0393,0.3147
258,4.05,2.37,Tie,"Red, White, and Blue",Cream,Nouns Glasses,No Hat,Mustache,0.0007,0.0027,0.004,0.024,0.0067,0.0013,0.0007,0.0013,0.0007,0.004,0.0347,0.0047,0.012,0.0067,0.022,0.0767,0.0627,0.01,0.0787,0.0393,0.3147
751,5.1,5.1,Red Bandana,Stormcloud Grey,Black,3-D Glasses,No Hat,Happy,0.01,0.0253,0.0047,0.0307,0.0267,0.0287,0.004,0.0367,0.022,0.0067,0.0727,0.0613,0.008,0.0107,0.0707,0.226,0.092,0.1187,0.2333,0.0293,0.3147
1435,5.1,5.1,nan,Midnight Sapphire Blue,Black,Eye Patch,Afro,Drooling,0.0567,0.0873,0.0313,0.034,0.032,0.0233,0.0107,0.0107,0.01,0.018,0.0193,0.02,0.006,0.0073,0.0047,0.07,0.4247,0.1167,0.2333,0.08,0.07
1435,3.56,3.56,nan,Midnight Sapphire Blue,Black,Eye Patch,Afro,Drooling,0.0567,0.0873,0.0313,0.034,0.032,0.0233,0.0107,0.0107,0.01,0.018,0.0193,0.02,0.006,0.0073,0.0047,0.07,0.4247,0.1167,0.2333,0.08,0.07
778,5.05,5.05,Scarf,Midnight Sapphire Blue,Black - Overweight,Concerned,Cowboy,Happy,0.0133,0.0273,0.0053,0.0073,0.0353,0.0173,0.004,0.01,0.0253,0.008,0.0147,0.042,0.0013,0.0073,0.0127,0.226,0.1393,0.1167,0.1773,0.0293,0.058
590,5.46,4.98,Bow Tie,Rose Quartz Pink,Black,White Shades,No Hat,Sad,0.0093,0.022,0.0153,0.0307,0.0127,0.032,0.0207,0.0407,0.012,0.0327,0.0727,0.0247,0.0487,0.0147,0.0387,0.118,0.0933,0.116,0.2333,0.148,0.3147
1336,5.9,4.98,Scarf,Spiced Orange,Tan,Eye Patch,Cylinder,Toothy,0.014,0.0227,0.01,0.0087,0.0367,0.0207,0.0107,0.0073,0.02,0.0113,0.0107,0.032,0.002,0.0167,0.0107,0.1853,0.1393,0.118,0.1553,0.08,0.0493
267,4.94,4.94,nan,Midnight Sapphire Blue,Tan,White Round Shades,Headband,Toothy,0.0567,0.066,0.0427,0.016,0.074,0.0167,0.0127,0.0027,0.0207,0.0207,0.012,0.032,0.004,0.0147,0.0107,0.1853,0.4247,0.1167,0.1553,0.0987,0.0447
1306,4.94,4.94,Gold Chain,Rose Quartz Pink,Tan - Overweight,Concerned,Pirate,Happy,0.01,0.0067,0.004,0.0073,0.0147,0.008,0.0033,0.006,0.0247,0.0033,0.006,0.016,0.002,0.0073,0.014,0.226,0.09,0.116,0.0727,0.0293,0.06
174,4.92,4.92,Gold Chain,Midnight Sapphire Blue,Chocolate,White Round Shades,No Hat,Drooling,0.0127,0.0067,0.0073,0.0273,0.0073,0.008,0.0127,0.0367,0.01,0.0067,0.0113,0.0027,0.0327,0.0073,0.0253,0.07,0.09,0.1167,0.0433,0.0987,0.3147
174,3.36,3.36,Gold Chain,Midnight Sapphire Blue,Chocolate,White Round Shades,No Hat,Drooling,0.0127,0.0067,0.0073,0.0273,0.0073,0.008,0.0127,0.0367,0.01,0.0067,0.0113,0.0027,0.0327,0.0073,0.0253,0.07,0.09,0.1167,0.0433,0.0987,0.3147
693,21.48,4.92,nan,Lavender Dusk Purple,Zombie,Drowsy Cyclop,No Hat,Happy,0.0507,0.0047,0.0033,0.132,0.0967,0.002,0.0013,0.0367,0.0213,0.0007,0.002,0.002,0.004,0.004,0.0707,0.226,0.4247,0.1187,0.01,0.01,0.3147
219,4.92,4.92,nan,Sunlit Gold,Black,Red Shades,No Hat,Toothy,0.0673,0.0873,0.0293,0.132,0.074,0.0313,0.0133,0.044,0.0293,0.016,0.0727,0.0347,0.0213,0.0113,0.0533,0.1853,0.4247,0.15,0.2333,0.0687,0.3147
219,4.31,4.31,nan,Sunlit Gold,Black,Red Shades,No Hat,Toothy,0.0673,0.0873,0.0293,0.132,0.074,0.0313,0.0133,0.044,0.0293,0.016,0.0727,0.0347,0.0213,0.0113,0.0533,0.1853,0.4247,0.15,0.2333,0.0687,0.3147
219,4.05,4.05,nan,Sunlit Gold,Black,Red Shades,No Hat,Toothy,0.0673,0.0873,0.0293,0.132,0.074,0.0313,0.0133,0.044,0.0293,0.016,0.0727,0.0347,0.0213,0.0113,0.0533,0.1853,0.4247,0.15,0.2333,0.0687,0.3147
1404,4.7,4.7,Scarf,Stormcloud Grey,Black - Overweight,Concerned,No Hat,Bubble Gum,0.01,0.0273,0.0053,0.0473,0.0073,0.018,0.0033,0.0367,0.0053,0.008,0.0607,0.01,0.008,0.002,0.0107,0.05,0.1393,0.1187,0.1773,0.0293,0.3147
1404,3.41,3.41,Scarf,Stormcloud Grey,Black - Overweight,Concerned,No Hat,Bubble Gum,0.01,0.0273,0.0053,0.0473,0.0073,0.018,0.0033,0.0367,0.0053,0.008,0.0607,0.01,0.008,0.002,0.0107,0.05,0.1393,0.1187,0.1773,0.0293,0.3147
1044,4.95,4.7,nan,Rose Quartz Pink,Tan,White Shades,Afro,Toothy,0.048,0.066,0.066,0.034,0.074,0.018,0.0207,0.01,0.022,0.0207,0.014,0.032,0.012,0.03,0.0153,0.1853,0.4247,0.116,0.1553,0.148,0.07
1044,4.14,4.14,nan,Rose Quartz Pink,Tan,White Shades,Afro,Toothy,0.048,0.066,0.066,0.034,0.074,0.018,0.0207,0.01,0.022,0.0207,0.014,0.032,0.012,0.03,0.0153,0.1853,0.4247,0.116,0.1553,0.148,0.07
189,4.7,4.7,Red Bandana,Forest Moss Green,Tan,White Round Shades,Pirate,Bubble Gum,0.0167,0.0127,0.008,0.004,0.0047,0.0173,0.0093,0.0053,0.0093,0.0207,0.008,0.008,0.0053,0.0067,0.0033,0.05,0.092,0.1247,0.1553,0.0987,0.06
189,4.14,4.14,Red Bandana,Forest Moss Green,Tan,White Round Shades,Pirate,Bubble Gum,0.0167,0.0127,0.008,0.004,0.0047,0.0173,0.0093,0.0053,0.0093,0.0207,0.008,0.008,0.0053,0.0067,0.0033,0.05,0.092,0.1247,0.1553,0.0987,0.06
595,4.61,4.61,Bow Tie,Spiced Orange,Tan,Goggles,No Hat,Toothy,0.0133,0.018,0.008,0.0307,0.018,0.0207,0.0073,0.032,0.02,0.008,0.048,0.032,0.0167,0.012,0.0533,0.1853,0.0933,0.118,0.1553,0.0573,0.3147
504,4.48,4.48,Bow Tie,Seashell Pink,Black,Eye Patch,Elvis,Vampire,0.0127,0.022,0.0093,0.0047,0.0073,0.0253,0.0047,0.0093,0.0067,0.018,0.018,0.0127,0.006,0.0053,0.002,0.0593,0.0933,0.118,0.2333,0.08,0.07
504,4.13,4.13,Bow Tie,Seashell Pink,Black,Eye Patch,Elvis,Vampire,0.0127,0.022,0.0093,0.0047,0.0073,0.0253,0.0047,0.0093,0.0067,0.018,0.018,0.0127,0.006,0.0053,0.002,0.0593,0.0933,0.118,0.2333,0.08,0.07
619,4.48,4.48,Gold Chain,Rose Quartz Pink,Black,Nouns Glasses,No Hat,Vampire,0.01,0.0267,0.0033,0.0273,0.0053,0.032,0.004,0.0407,0.0067,0.0087,0.0727,0.0127,0.012,0.002,0.0207,0.0593,0.09,0.116,0.2333,0.0393,0.3147
619,2.43,2.43,Gold Chain,Rose Quartz Pink,Black,Nouns Glasses,No Hat,Vampire,0.01,0.0267,0.0033,0.0273,0.0053,0.032,0.004,0.0407,0.0067,0.0087,0.0727,0.0127,0.012,0.002,0.0207,0.0593,0.09,0.116,0.2333,0.0393,0.3147
54,4.48,4.48,nan,Rose Quartz Pink,Black - Overweight,Drowsy,No Hat,Sad,0.048,0.08,0.0233,0.132,0.0447,0.0187,0.006,0.0407,0.012,0.01,0.0607,0.0187,0.012,0.0047,0.0387,0.118,0.4247,0.116,0.1773,0.0407,0.3147
1285,4.48,4.48,Bow Tie,Rose Quartz Pink,Tan,White Shades,Headphones,Toothy,0.0093,0.018,0.0153,0.0047,0.018,0.018,0.0207,0.006,0.022,0.0207,0.0087,0.032,0.0087,0.03,0.0087,0.1853,0.0933,0.116,0.1553,0.148,0.05
1292,4.48,4.48,Neck Tattoo,Rose Quartz Pink,Tan,Red Shades,Pirate,Happy,0.0027,0.0033,0.0033,0.002,0.006,0.018,0.0053,0.006,0.0247,0.0093,0.008,0.028,0.004,0.016,0.014,0.226,0.03,0.116,0.1553,0.0687,0.06
851,9.86,4.48,Earrings,Stormcloud Grey,Black,Red Shades,Sobrero,Happy,0.002,0.0013,0.0007,0.0027,0.004,0.0287,0.008,0.0093,0.022,0.016,0.018,0.0613,0.0053,0.016,0.0173,0.226,0.01,0.1187,0.2333,0.0687,0.06
851,1.55,0.91,Earrings,Stormcloud Grey,Black,Red Shades,Sobrero,Happy,0.002,0.0013,0.0007,0.0027,0.004,0.0287,0.008,0.0093,0.022,0.016,0.018,0.0613,0.0053,0.016,0.0173,0.226,0.01,0.1187,0.2333,0.0687,0.06
273,4.48,4.48,Scarf,Rose Quartz Pink,Tan,White Round Shades,Afro,Panting,0.0167,0.0227,0.012,0.0087,0.004,0.018,0.008,0.01,0.0053,0.0207,0.014,0.012,0.0073,0.004,0.0027,0.048,0.1393,0.116,0.1553,0.0987,0.07
807,4.37,4.37,nan,Midnight Sapphire Blue,Tan - Overweight,Red Shades,Elvis,Toothy,0.0567,0.0313,0.0293,0.0273,0.074,0.0093,0.0073,0.008,0.0207,0.0067,0.0053,0.0147,0.0053,0.0113,0.0113,0.1853,0.4247,0.1167,0.0727,0.0687,0.07
1017,4.69,4.37,Bow Tie,Rose Quartz Pink,Tan,Red Round Shades,Dreads,Happy,0.0093,0.018,0.0033,0.0007,0.0207,0.018,0.0107,0.0033,0.0247,0.014,0.002,0.028,0.0013,0.0073,0.0027,0.226,0.0933,0.116,0.1553,0.0587,0.018
159,9.92,4.36,nan,Forest Moss Green,Blue,White Shades,Angel Halo,Bubble Gum,0.0467,0.03,0.066,0.0033,0.0227,0.0093,0.0133,0.002,0.0093,0.008,0.0013,0.0053,0.0013,0.0087,0.0007,0.05,0.4247,0.1247,0.0633,0.148,0.01
357,4.31,4.31,Gold Chain,Stormcloud Grey,Chocolate,Eye Patch,No Hat,Toothy,0.0153,0.0067,0.0073,0.0273,0.018,0.004,0.0087,0.0367,0.0193,0.002,0.0113,0.0087,0.0267,0.0167,0.0533,0.1853,0.09,0.1187,0.0433,0.08,0.3147
357,3.67,3.67,Gold Chain,Stormcloud Grey,Chocolate,Eye Patch,No Hat,Toothy,0.0153,0.0067,0.0073,0.0273,0.018,0.004,0.0087,0.0367,0.0193,0.002,0.0113,0.0087,0.0267,0.0167,0.0533,0.1853,0.09,0.1187,0.0433,0.08,0.3147
977,4.15,4.15,Bow Tie,Midnight Sapphire Blue,Black - Overweight,Goggles,Slickback,Vampire,0.0067,0.014,0.008,0.0067,0.0073,0.0173,0.0073,0.0053,0.0047,0.0067,0.0067,0.0073,0.004,0.004,0.0067,0.0593,0.0933,0.1167,0.1773,0.0573,0.0493
977,1.76,1.76,Bow Tie,Midnight Sapphire Blue,Black - Overweight,Goggles,Slickback,Vampire,0.0067,0.014,0.008,0.0067,0.0073,0.0173,0.0073,0.0053,0.0047,0.0067,0.0067,0.0073,0.004,0.004,0.0067,0.0593,0.0933,0.1167,0.1773,0.0573,0.0493
716,4.89,4.14,Red Bandana,Stormcloud Grey,Black,Red Shades,Headphones,Sad,0.01,0.0253,0.0067,0.006,0.0107,0.0287,0.008,0.006,0.016,0.016,0.01,0.0247,0.0027,0.0093,0.0093,0.118,0.092,0.1187,0.2333,0.0687,0.05
1091,4.14,4.14,Neck Tattoo,Rose Quartz Pink,Tan,Normal,Cowboy,Drooling,0.0027,0.0033,0.0047,0.0013,0.0033,0.018,0.0273,0.0067,0.0087,0.038,0.0047,0.008,0.0167,0.0173,0.004,0.07,0.03,0.116,0.1553,0.2567,0.058
625,4.14,4.14,nan,Seashell Pink,Cream,White Shades,No Hat,Happy,0.046,0.0327,0.066,0.132,0.0967,0.008,0.02,0.0373,0.0307,0.01,0.0347,0.018,0.0487,0.034,0.0707,0.226,0.4247,0.118,0.0787,0.148,0.3147
625,0.91,0.91,nan,Seashell Pink,Cream,White Shades,No Hat,Happy,0.046,0.0327,0.066,0.132,0.0967,0.008,0.02,0.0373,0.0307,0.01,0.0347,0.018,0.0487,0.034,0.0707,0.226,0.4247,0.118,0.0787,0.148,0.3147
26,8.15,4.14,nan,Seashell Pink,Tan - Overweight,Red Round Shades,Top Hat,Sad,0.046,0.0313,0.0233,0.0047,0.0447,0.008,0.0087,0.0027,0.0147,0.0033,0.002,0.0127,0.0007,0.0067,0.0013,0.118,0.4247,0.118,0.0727,0.0587,0.01
969,4.14,4.14,Red Bandana,Lavender Dusk Purple,Cream,Normal,Slickback,Toothy,0.0113,0.006,0.02,0.0053,0.0133,0.0087,0.0353,0.006,0.022,0.0227,0.0033,0.018,0.018,0.0513,0.0107,0.1853,0.092,0.1187,0.0787,0.2567,0.0493
1210,4.14,4.14,nan,Spiced Orange,Black,White Round Shades,Wizard,Toothy,0.0527,0.0873,0.0427,0.0093,0.074,0.0267,0.018,0.004,0.02,0.024,0.0033,0.0347,0.0027,0.0147,0.0033,0.1853,0.4247,0.118,0.2333,0.0987,0.02
1210,2.86,2.78,nan,Spiced Orange,Black,White Round Shades,Wizard,Toothy,0.0527,0.0873,0.0427,0.0093,0.074,0.0267,0.018,0.004,0.02,0.024,0.0033,0.0347,0.0027,0.0147,0.0033,0.1853,0.4247,0.118,0.2333,0.0987,0.02
1149,6.05,3.83,Scarf,Rose Quartz Pink,Tan,Drowsy Cyclop,Elvis,Surprised,0.0167,0.0227,0.0027,0.006,0.0133,0.018,0.0007,0.0067,0.0173,0.0013,0.0073,0.02,0.0013,0.0007,0.0067,0.1187,0.1393,0.116,0.1553,0.01,0.07
107,3.83,3.83,nan,Lavender Dusk Purple,Tan - Overweight,Concerned,Afro,Mustache,0.0507,0.0313,0.0127,0.034,0.0347,0.008,0.0013,0.006,0.01,0.0033,0.0067,0.0047,0.0013,0.0033,0.01,0.0767,0.4247,0.1187,0.0727,0.0293,0.07
107,1.5,1.5,nan,Lavender Dusk Purple,Tan - Overweight,Concerned,Afro,Mustache,0.0507,0.0313,0.0127,0.034,0.0347,0.008,0.0013,0.006,0.01,0.0033,0.0067,0.0047,0.0013,0.0033,0.01,0.0767,0.4247,0.1187,0.0727,0.0293,0.07
435,3.83,3.83,Scarf,Rose Quartz Pink,Tan,Normal,Elvis,Happy,0.0167,0.0227,0.0467,0.006,0.0353,0.018,0.0273,0.0067,0.0247,0.038,0.0073,0.028,0.0167,0.0553,0.0207,0.226,0.1393,0.116,0.1553,0.2567,0.07
733,3.83,3.83,Wings,Sunlit Gold,Black,Normal,No Hat,Happy,0.0053,0.0033,0.0047,0.004,0.0067,0.0313,0.0427,0.044,0.04,0.0613,0.0727,0.0613,0.0747,0.0553,0.0707,0.226,0.0193,0.15,0.2333,0.2567,0.3147
611,6.67,3.75,nan,Outer Space,Black - Overweight,Laser Eyes,No Hat,Toothy,0.0053,0.08,0.0067,0.132,0.074,0.0027,0.0007,0.0047,0.0007,0.0053,0.0607,0.0373,0.006,0.0033,0.0533,0.1853,0.4247,0.0093,0.1773,0.0167,0.3147
426,3.75,3.75,nan,Spiced Orange,White,Eye Patch,Headband,Sad,0.0527,0.028,0.0313,0.016,0.0447,0.0053,0.0107,0.006,0.0147,0.0093,0.0047,0.0067,0.0047,0.0093,0.0033,0.118,0.4247,0.118,0.0593,0.08,0.0447
426,1.7,1.7,nan,Spiced Orange,White,Eye Patch,Headband,Sad,0.0527,0.028,0.0313,0.016,0.0447,0.0053,0.0107,0.006,0.0147,0.0093,0.0047,0.0067,0.0047,0.0093,0.0033,0.118,0.4247,0.118,0.0593,0.08,0.0447
426,0.91,0.91,nan,Spiced Orange,White,Eye Patch,Headband,Sad,0.0527,0.028,0.0313,0.016,0.0447,0.0053,0.0107,0.006,0.0147,0.0093,0.0047,0.0067,0.0047,0.0093,0.0033,0.118,0.4247,0.118,0.0593,0.08,0.0447
443,3.74,3.74,nan,Midnight Sapphire Blue,Black - Overweight,Normal,Cylinder,Mustache,0.0567,0.08,0.102,0.0193,0.0347,0.0173,0.03,0.0053,0.0133,0.0393,0.0067,0.0127,0.012,0.022,0.0047,0.0767,0.4247,0.1167,0.1773,0.2567,0.0493
240,3.74,3.74,nan,Rose Quartz Pink,Blue,Normal,Slickback,Sad,0.048,0.03,0.102,0.016,0.0447,0.0093,0.0273,0.006,0.012,0.0133,0.002,0.0073,0.018,0.0293,0.0073,0.118,0.4247,0.116,0.0633,0.2567,0.0493
240,3.67,3.67,nan,Rose Quartz Pink,Blue,Normal,Slickback,Sad,0.048,0.03,0.102,0.016,0.0447,0.0093,0.0273,0.006,0.012,0.0133,0.002,0.0073,0.018,0.0293,0.0073,0.118,0.4247,0.116,0.0633,0.2567,0.0493
240,1.66,1.66,nan,Rose Quartz Pink,Blue,Normal,Slickback,Sad,0.048,0.03,0.102,0.016,0.0447,0.0093,0.0273,0.006,0.012,0.0133,0.002,0.0073,0.018,0.0293,0.0073,0.118,0.4247,0.116,0.0633,0.2567,0.0493
297,3.73,3.73,nan,Sunlit Gold,Tan,Red Shades,Party Hat,Mustache,0.0673,0.066,0.0293,0.0247,0.0347,0.0267,0.0133,0.008,0.0113,0.0093,0.006,0.012,0.0033,0.0053,0.0027,0.0767,0.4247,0.15,0.1553,0.0687,0.05
297,4.14,4.14,nan,Sunlit Gold,Tan,Red Shades,Party Hat,Mustache,0.0673,0.066,0.0293,0.0247,0.0347,0.0267,0.0133,0.008,0.0113,0.0093,0.006,0.012,0.0033,0.0053,0.0027,0.0767,0.4247,0.15,0.1553,0.0687,0.05
602,3.72,3.72,Wings,Rose Quartz Pink,Cream,Normal,Headphones,Toothy,0.0027,0.0033,0.0047,0.0027,0.0047,0.0093,0.0273,0.006,0.022,0.0227,0.0027,0.018,0.0153,0.0513,0.0087,0.1853,0.0193,0.116,0.0787,0.2567,0.05
602,4.35,4.35,Wings,Rose Quartz Pink,Cream,Normal,Headphones,Toothy,0.0027,0.0033,0.0047,0.0027,0.0047,0.0093,0.0273,0.006,0.022,0.0227,0.0027,0.018,0.0153,0.0513,0.0087,0.1853,0.0193,0.116,0.0787,0.2567,0.05
186,4.38,3.72,nan,Spiced Orange,Black - Overweight,Red Shades,Dreads,Drooling,0.0527,0.08,0.0293,0.0067,0.032,0.018,0.008,0.0033,0.008,0.012,0.0053,0.0133,0.0013,0.0033,0.0027,0.07,0.4247,0.118,0.1773,0.0687,0.018
186,3.53,3.53,nan,Spiced Orange,Black - Overweight,Red Shades,Dreads,Drooling,0.0527,0.08,0.0293,0.0067,0.032,0.018,0.008,0.0033,0.008,0.012,0.0053,0.0133,0.0013,0.0033,0.0027,0.07,0.4247,0.118,0.1773,0.0687,0.018
1200,3.72,3.72,nan,Rose Quartz Pink,Blue,Eye Patch,Cowboy,Toothy,0.048,0.03,0.0313,0.0253,0.074,0.0093,0.014,0.0067,0.022,0.0053,0.004,0.0113,0.0047,0.0167,0.0093,0.1853,0.4247,0.116,0.0633,0.08,0.058
1339,4.13,3.64,nan,Rose Quartz Pink,Black - Overweight,Concerned,No Hat,Toothy,0.048,0.08,0.0127,0.132,0.074,0.0187,0.0033,0.0407,0.022,0.008,0.0607,0.0373,0.008,0.0047,0.0533,0.1853,0.4247,0.116,0.1773,0.0293,0.3147
1339,3.53,3.53,nan,Rose Quartz Pink,Black - Overweight,Concerned,No Hat,Toothy,0.048,0.08,0.0127,0.132,0.074,0.0187,0.0033,0.0407,0.022,0.008,0.0607,0.0373,0.008,0.0047,0.0533,0.1853,0.4247,0.116,0.1773,0.0293,0.3147
207,3.59,3.59,Tie,Spiced Orange,Black - Overweight,White Shades,Headband,Happy,0.004,0.0127,0.0087,0.0027,0.01,0.018,0.0147,0.006,0.0307,0.0347,0.006,0.042,0.0087,0.034,0.0113,0.226,0.0627,0.118,0.1773,0.148,0.0447
1453,3.55,3.55,Bow Tie,Rose Quartz Pink,Cream,White Round Shades,No Hat,Happy,0.0093,0.008,0.0113,0.0307,0.0207,0.0093,0.008,0.0407,0.0247,0.0053,0.0347,0.018,0.0327,0.0207,0.0707,0.226,0.0933,0.116,0.0787,0.0987,0.3147
636,3.55,3.55,Neck Tattoo,Midnight Sapphire Blue,Black,White Round Shades,No Hat,Bubble Gum,0.002,0.0087,0.004,0.0067,0.004,0.0233,0.0127,0.0367,0.0033,0.024,0.0727,0.012,0.0327,0.0067,0.0107,0.05,0.03,0.1167,0.2333,0.0987,0.3147
636,3.38,3.38,Neck Tattoo,Midnight Sapphire Blue,Black,White Round Shades,No Hat,Bubble Gum,0.002,0.0087,0.004,0.0067,0.004,0.0233,0.0127,0.0367,0.0033,0.024,0.0727,0.012,0.0327,0.0067,0.0107,0.05,0.03,0.1167,0.2333,0.0987,0.3147
347,4.46,3.55,Samurai Sword,Midnight Sapphire Blue,Black - Overweight,Drowsy,Elvis,Drooling,0.0027,0.0027,0.0013,0.0027,0.0007,0.0173,0.004,0.008,0.01,0.01,0.0127,0.0133,0.004,0.0053,0.0053,0.07,0.0187,0.1167,0.1773,0.0407,0.07
347,4.21,2.71,Samurai Sword,Midnight Sapphire Blue,Black - Overweight,Drowsy,Elvis,Drooling,0.0027,0.0027,0.0013,0.0027,0.0007,0.0173,0.004,0.008,0.01,0.01,0.0127,0.0133,0.004,0.0053,0.0053,0.07,0.0187,0.1167,0.1773,0.0407,0.07
582,3.41,3.41,Tie,Stormcloud Grey,Black,White Shades,No Hat,Surprised,0.0133,0.0167,0.0087,0.024,0.008,0.0287,0.02,0.0367,0.0127,0.0327,0.0727,0.0267,0.0487,0.0167,0.0407,0.1187,0.0627,0.1187,0.2333,0.148,0.3147
373,3.44,3.44,nan,Midnight Sapphire Blue,Tan - Overweight,3-D Glasses,Party Hat,Feral,0.0567,0.0313,0.012,0.0247,0.0187,0.0093,0.0033,0.0073,0.0053,0.004,0.0033,0.004,0.0013,0.002,0.004,0.048,0.4247,0.1167,0.0727,0.0293,0.05
373,3.67,3.67,nan,Midnight Sapphire Blue,Tan - Overweight,3-D Glasses,Party Hat,Feral,0.0567,0.0313,0.012,0.0247,0.0187,0.0093,0.0033,0.0073,0.0053,0.004,0.0033,0.004,0.0013,0.002,0.004,0.048,0.4247,0.1167,0.0727,0.0293,0.05
1198,3.38,3.38,Red Bandana,Midnight Sapphire Blue,Black,White Shades,No Hat,Happy,0.0113,0.0253,0.0133,0.0307,0.0267,0.0233,0.0147,0.0367,0.0253,0.0327,0.0727,0.0613,0.0487,0.034,0.0707,0.226,0.092,0.1167,0.2333,0.148,0.3147
981,3.84,3.38,nan,Outer Space,Tan - Overweight,Goggles,No Hat,Drooling,0.0053,0.0313,0.0267,0.132,0.032,0.0013,0.0013,0.0047,0.0013,0.004,0.016,0.004,0.0167,0.0047,0.0253,0.07,0.4247,0.0093,0.0727,0.0573,0.3147
209,3.38,3.38,nan,Seashell Pink,Sable,Red Round Shades,No Hat,Sad,0.046,0.0293,0.0233,0.132,0.0447,0.006,0.0087,0.0373,0.0147,0.0033,0.014,0.0073,0.0247,0.0067,0.0387,0.118,0.4247,0.118,0.0633,0.0587,0.3147
209,3.36,3.36,nan,Seashell Pink,Sable,Red Round Shades,No Hat,Sad,0.046,0.0293,0.0233,0.132,0.0447,0.006,0.0087,0.0373,0.0147,0.0033,0.014,0.0073,0.0247,0.0067,0.0387,0.118,0.4247,0.118,0.0633,0.0587,0.3147
608,3.38,3.38,Scarf,Midnight Sapphire Blue,Black,White Shades,Sobrero,Panting,0.0133,0.0347,0.0187,0.0067,0.004,0.0233,0.0147,0.0107,0.0053,0.0327,0.018,0.0127,0.01,0.0087,0.0013,0.048,0.1393,0.1167,0.2333,0.148,0.06
608,3.67,3.67,Scarf,Midnight Sapphire Blue,Black,White Shades,Sobrero,Panting,0.0133,0.0347,0.0187,0.0067,0.004,0.0233,0.0147,0.0107,0.0053,0.0327,0.018,0.0127,0.01,0.0087,0.0013,0.048,0.1393,0.1167,0.2333,0.148,0.06
434,3.45,3.38,nan,Rose Quartz Pink,Black,Nouns Glasses,Party Hat,Sad,0.048,0.0873,0.018,0.0247,0.0447,0.032,0.004,0.0053,0.012,0.0087,0.014,0.0247,0.0033,0.0053,0.0053,0.118,0.4247,0.116,0.2333,0.0393,0.05
295,6.5,3.38,Cape,Sunlit Gold,Cream,Goggles,Pirate,Toothy,0.0027,0.0007,0.0007,0.002,0.002,0.0127,0.0087,0.0073,0.0293,0.0067,0.004,0.018,0.0033,0.012,0.01,0.1853,0.01,0.15,0.0787,0.0573,0.06
535,3.4,3.4,nan,Rose Quartz Pink,Tan - Overweight,Normal,No Hat,Happy,0.048,0.0313,0.102,0.132,0.0967,0.008,0.0273,0.0407,0.0247,0.016,0.016,0.016,0.0747,0.0553,0.0707,0.226,0.4247,0.116,0.0727,0.2567,0.3147
502,3.4,3.4,Bow Tie,Stormcloud Grey,Black,Normal,Cowboy,Surprised,0.012,0.022,0.02,0.0047,0.0107,0.0287,0.0287,0.0047,0.0127,0.0613,0.0133,0.0267,0.0167,0.03,0.008,0.1187,0.0933,0.1187,0.2333,0.2567,0.058
946,3.4,3.4,Bow Tie,Seashell Pink,White,White Round Shades,Elvis,Feral,0.0127,0.0047,0.0113,0.0047,0.004,0.0087,0.01,0.0093,0.008,0.0053,0.0053,0.0033,0.008,0.0073,0.0053,0.048,0.0933,0.118,0.0593,0.0987,0.07
946,4.75,4.75,Bow Tie,Seashell Pink,White,White Round Shades,Elvis,Feral,0.0127,0.0047,0.0113,0.0047,0.004,0.0087,0.01,0.0093,0.008,0.0053,0.0053,0.0033,0.008,0.0073,0.0053,0.048,0.0933,0.118,0.0593,0.0987,0.07
645,3.4,3.4,Gold Chain,Midnight Sapphire Blue,Blue,Eye Patch,Cowboy,Surprised,0.0127,0.0053,0.0073,0.0087,0.014,0.0093,0.0107,0.01,0.0133,0.0053,0.004,0.0087,0.0047,0.0093,0.008,0.1187,0.09,0.1167,0.0633,0.08,0.058
1201,3.4,3.4,Red Bandana,Forest Moss Green,Black,Normal,Elvis,Panting,0.0167,0.0253,0.02,0.0067,0.0073,0.032,0.034,0.0107,0.0053,0.0613,0.018,0.0127,0.0167,0.0073,0.0047,0.048,0.092,0.1247,0.2333,0.2567,0.07
1243,5.94,3.4,Samurai Sword,Spiced Orange,Black,Cyclop,Sobrero,Toothy,0.0027,0.0053,0.0007,0.0007,0.0033,0.0267,0.0027,0.0053,0.02,0.0087,0.018,0.0347,0.0027,0.0027,0.0133,0.1853,0.0187,0.118,0.2333,0.0187,0.06
358,3.53,3.53,nan,Midnight Sapphire Blue,Sable,Concerned,Pirate,Feral,0.0567,0.0293,0.0127,0.03,0.0187,0.0073,0.004,0.0093,0.0053,0.0033,0.006,0.0053,0.002,0.0007,0.0033,0.048,0.4247,0.1167,0.0633,0.0293,0.06
1431,3.53,3.53,Scarf,Sunlit Gold,Tan - Overweight,3-D Glasses,Headband,Toothy,0.0193,0.01,0.0047,0.0113,0.0367,0.0113,0.0047,0.0093,0.0293,0.004,0.002,0.0147,0.002,0.004,0.0107,0.1853,0.1393,0.15,0.0727,0.0293,0.0447
425,3.53,3.53,Scarf,Spiced Orange,Black,Normal,Headband,Happy,0.014,0.0347,0.0467,0.0113,0.0353,0.0267,0.0253,0.006,0.0307,0.0613,0.0087,0.0613,0.0127,0.0553,0.0113,0.226,0.1393,0.118,0.2333,0.2567,0.0447
171,3.65,3.65,nan,Seashell Pink,Blue,Goggles,Afro,Panting,0.046,0.03,0.0267,0.034,0.0193,0.008,0.0053,0.008,0.004,0.0033,0.0073,0.002,0.0047,0.0027,0.0027,0.048,0.4247,0.118,0.0633,0.0573,0.07
1233,3.67,3.67,nan,Forest Moss Green,Black,Normal,Sobrero,Sad,0.0467,0.0873,0.102,0.02,0.0447,0.032,0.034,0.006,0.0127,0.0613,0.018,0.0247,0.016,0.0293,0.0067,0.118,0.4247,0.1247,0.2333,0.2567,0.06
1233,4.14,4.14,nan,Forest Moss Green,Black,Normal,Sobrero,Sad,0.0467,0.0873,0.102,0.02,0.0447,0.032,0.034,0.006,0.0127,0.0613,0.018,0.0247,0.016,0.0293,0.0067,0.118,0.4247,0.1247,0.2333,0.2567,0.06
500,9.6,3.67,nan,Sunlit Gold,Tan,Red Round Shades,Devil Horns,Bubble Gum,0.0673,0.066,0.0233,0.006,0.0227,0.0267,0.0053,0.004,0.0073,0.014,0.0013,0.008,0.0013,0.0027,0.002,0.05,0.4247,0.15,0.1553,0.0587,0.0093
622,3.67,3.67,nan,Lavender Dusk Purple,Tan,Nouns Glasses,No Hat,Toothy,0.0507,0.066,0.018,0.132,0.074,0.018,0.0033,0.0367,0.022,0.006,0.048,0.032,0.012,0.0067,0.0533,0.1853,0.4247,0.1187,0.1553,0.0393,0.3147
447,3.67,3.67,nan,Midnight Sapphire Blue,Tan - Overweight,Gold Shades,No Hat,Drooling,0.0567,0.0313,0.006,0.132,0.032,0.0093,0.002,0.0367,0.01,0.002,0.016,0.004,0.004,0.0013,0.0253,0.07,0.4247,0.1167,0.0727,0.02,0.3147
1447,3.85,3.85,Bow Tie,Forest Moss Green,Black - Overweight,White Shades,No Hat,Panting,0.0147,0.014,0.0153,0.0307,0.0053,0.026,0.0133,0.0447,0.0053,0.0347,0.0607,0.0053,0.0487,0.0087,0.0173,0.048,0.0933,0.1247,0.1773,0.148,0.3147
29,6.01,3.85,Gold Chain,Spiced Orange,Chocolate,Gold Shades,Cylinder,Happy,0.0107,0.0067,0.0027,0.0027,0.0147,0.008,0.0033,0.0073,0.0307,0.0007,0.006,0.01,0.0033,0.0067,0.0087,0.226,0.09,0.118,0.0433,0.02,0.0493
29,5.17,4.16,Gold Chain,Spiced Orange,Chocolate,Gold Shades,Cylinder,Happy,0.0107,0.0067,0.0027,0.0027,0.0147,0.008,0.0033,0.0073,0.0307,0.0007,0.006,0.01,0.0033,0.0067,0.0087,0.226,0.09,0.118,0.0433,0.02,0.0493
113,8.34,3.94,nan,Forest Moss Green,Zombie,Red Round Shades,Pirate,Drooling,0.0467,0.0047,0.0233,0.03,0.032,0.0007,0.0067,0.0053,0.008,0.0013,0.0013,0.0007,0.004,0.0033,0.0053,0.07,0.4247,0.1247,0.01,0.0587,0.06
113,10.18,4.14,nan,Forest Moss Green,Zombie,Red Round Shades,Pirate,Drooling,0.0467,0.0047,0.0233,0.03,0.032,0.0007,0.0067,0.0053,0.008,0.0013,0.0013,0.0007,0.004,0.0033,0.0053,0.07,0.4247,0.1247,0.01,0.0587,0.06
113,1.87,0.94,nan,Forest Moss Green,Zombie,Red Round Shades,Pirate,Drooling,0.0467,0.0047,0.0233,0.03,0.032,0.0007,0.0067,0.0053,0.008,0.0013,0.0013,0.0007,0.004,0.0033,0.0053,0.07,0.4247,0.1247,0.01,0.0587,0.06
564,3.94,3.94,Red Bandana,Lavender Dusk Purple,Sable,Normal,Sobrero,Toothy,0.0113,0.004,0.02,0.0073,0.0133,0.008,0.0353,0.0067,0.022,0.0193,0.0047,0.0127,0.016,0.0513,0.0133,0.1853,0.092,0.1187,0.0633,0.2567,0.06
1275,5.06,3.94,nan,Sunlit Gold,Black - Overweight,Red Shades,Leprechaun,Surprised,0.0673,0.08,0.0293,0.0053,0.056,0.032,0.0133,0.002,0.018,0.012,0.0027,0.0213,0.0007,0.0093,0.002,0.1187,0.4247,0.15,0.1773,0.0687,0.01
1209,3.97,3.97,Tie,Forest Moss Green,Tan,Normal,Headphones,Toothy,0.0073,0.01,0.0187,0.0033,0.0107,0.0173,0.034,0.0073,0.0253,0.038,0.0087,0.032,0.0153,0.0513,0.0087,0.1853,0.0627,0.1247,0.1553,0.2567,0.05
232,3.97,3.97,Red Bandana,Lavender Dusk Purple,Sable,Normal,Pirate,Happy,0.0113,0.004,0.02,0.004,0.0267,0.008,0.0353,0.0107,0.0213,0.0193,0.006,0.012,0.0153,0.0553,0.014,0.226,0.092,0.1187,0.0633,0.2567,0.06
142,3.97,3.97,Neck Tattoo,Sunlit Gold,Tan - Overweight,Goggles,Cowboy,Surprised,0.0047,0.0033,0.0013,0.0013,0.0033,0.0113,0.0087,0.01,0.018,0.004,0.0033,0.0067,0.004,0.0067,0.008,0.1187,0.03,0.15,0.0727,0.0573,0.058
142,5.04,4.16,Neck Tattoo,Sunlit Gold,Tan - Overweight,Goggles,Cowboy,Surprised,0.0047,0.0033,0.0013,0.0013,0.0033,0.0113,0.0087,0.01,0.018,0.004,0.0033,0.0067,0.004,0.0067,0.008,0.1187,0.03,0.15,0.0727,0.0573,0.058
142,1.54,1.54,Neck Tattoo,Sunlit Gold,Tan - Overweight,Goggles,Cowboy,Surprised,0.0047,0.0033,0.0013,0.0013,0.0033,0.0113,0.0087,0.01,0.018,0.004,0.0033,0.0067,0.004,0.0067,0.008,0.1187,0.03,0.15,0.0727,0.0573,0.058
210,3.97,3.97,Scarf,Rose Quartz Pink,Black,Eye Patch,Slickback,Toothy,0.0167,0.0347,0.01,0.0093,0.0367,0.032,0.014,0.006,0.022,0.018,0.0147,0.0347,0.0053,0.0167,0.0107,0.1853,0.1393,0.116,0.2333,0.08,0.0493
210,4.05,4.05,Scarf,Rose Quartz Pink,Black,Eye Patch,Slickback,Toothy,0.0167,0.0347,0.01,0.0093,0.0367,0.032,0.014,0.006,0.022,0.018,0.0147,0.0347,0.0053,0.0167,0.0107,0.1853,0.1393,0.116,0.2333,0.08,0.0493
210,0.94,0.94,Scarf,Rose Quartz Pink,Black,Eye Patch,Slickback,Toothy,0.0167,0.0347,0.01,0.0093,0.0367,0.032,0.014,0.006,0.022,0.018,0.0147,0.0347,0.0053,0.0167,0.0107,0.1853,0.1393,0.116,0.2333,0.08,0.0493
1289,4.47,3.97,nan,Lavender Dusk Purple,Black - Overweight,Normal,Dreads,Toothy,0.0507,0.08,0.102,0.0067,0.074,0.0187,0.0353,0.002,0.022,0.0393,0.0053,0.0373,0.0053,0.0513,0.0047,0.1853,0.4247,0.1187,0.1773,0.2567,0.018
833,4.23,4.23,nan,Sunlit Gold,Tan,Eye Patch,Sobrero,Toothy,0.0673,0.066,0.0313,0.02,0.074,0.0267,0.0107,0.0073,0.0293,0.0113,0.0067,0.032,0.0033,0.0167,0.0133,0.1853,0.4247,0.15,0.1553,0.08,0.06
569,5.13,4.29,Scarf,Rose Quartz Pink,Tan - Overweight,3-D Glasses,Cylinder,Surprised,0.0167,0.01,0.0047,0.0087,0.0133,0.008,0.0027,0.004,0.0173,0.004,0.0053,0.0067,0.0033,0.0047,0.0073,0.1187,0.1393,0.116,0.0727,0.0293,0.0493
1055,5.89,4.29,Red Bandana,Rose Quartz Pink,Black,Normal,Top Hat,Sad,0.0113,0.0253,0.02,0.002,0.0107,0.032,0.0273,0.0013,0.012,0.0613,0.002,0.0247,0.0033,0.0293,0.0013,0.118,0.092,0.116,0.2333,0.2567,0.01
681,4.17,4.17,Gold Chain,Seashell Pink,Tan - Overweight,Concerned,Sobrero,Sad,0.0113,0.0067,0.004,0.0053,0.0093,0.008,0.002,0.006,0.0147,0.0033,0.006,0.0127,0.002,0.0047,0.0067,0.118,0.09,0.118,0.0727,0.0293,0.06
681,4.14,4.14,Gold Chain,Seashell Pink,Tan - Overweight,Concerned,Sobrero,Sad,0.0113,0.0067,0.004,0.0053,0.0093,0.008,0.002,0.006,0.0147,0.0033,0.006,0.0127,0.002,0.0047,0.0067,0.118,0.09,0.118,0.0727,0.0293,0.06
558,5.23,4.17,nan,Outer Space,Tan,White Shades,Headband,Surprised,0.0053,0.066,0.066,0.016,0.056,0.0013,0.002,0.0007,0.002,0.0207,0.012,0.02,0.0087,0.0167,0.0053,0.1187,0.4247,0.0093,0.1553,0.148,0.0447
852,4.17,4.17,Scarf,Spiced Orange,Black - Overweight,White Round Shades,Headband,Happy,0.014,0.0273,0.012,0.0113,0.0353,0.018,0.018,0.006,0.0307,0.012,0.006,0.042,0.004,0.0207,0.0113,0.226,0.1393,0.118,0.1773,0.0987,0.0447
852,4.4,4.31,Scarf,Spiced Orange,Black - Overweight,White Round Shades,Headband,Happy,0.014,0.0273,0.012,0.0113,0.0353,0.018,0.018,0.006,0.0307,0.012,0.006,0.042,0.004,0.0207,0.0113,0.226,0.1393,0.118,0.1773,0.0987,0.0447
416,4.16,4.16,nan,Lavender Dusk Purple,Black - Overweight,Normal,Pirate,Happy,0.0507,0.08,0.102,0.03,0.0967,0.0187,0.0353,0.0107,0.0213,0.0393,0.008,0.042,0.0153,0.0553,0.014,0.226,0.4247,0.1187,0.1773,0.2567,0.06
915,4.16,4.16,nan,Seashell Pink,Sable,Normal,No Hat,Feral,0.046,0.0293,0.102,0.132,0.0187,0.006,0.0307,0.0373,0.008,0.0193,0.014,0.0053,0.0747,0.0147,0.0153,0.048,0.4247,0.118,0.0633,0.2567,0.3147
466,4.14,4.14,nan,Lavender Dusk Purple,Blue,Red Shades,Elvis,Happy,0.0507,0.03,0.0293,0.0273,0.0967,0.0073,0.0093,0.0067,0.0213,0.0053,0.0033,0.012,0.0053,0.016,0.0207,0.226,0.4247,0.1187,0.0633,0.0687,0.07
1474,4.31,4.31,nan,Stormcloud Grey,White,White Shades,Afro,Feral,0.0467,0.028,0.066,0.034,0.0187,0.0107,0.02,0.0087,0.006,0.006,0.0047,0.0033,0.012,0.008,0.0027,0.048,0.4247,0.1187,0.0593,0.148,0.07
1474,2.71,2.71,nan,Stormcloud Grey,White,White Shades,Afro,Feral,0.0467,0.028,0.066,0.034,0.0187,0.0107,0.02,0.0087,0.006,0.006,0.0047,0.0033,0.012,0.008,0.0027,0.048,0.4247,0.1187,0.0593,0.148,0.07
972,4.43,4.43,nan,Seashell Pink,Black - Overweight,Normal,Headphones,Bubble Gum,0.046,0.08,0.102,0.022,0.0227,0.0253,0.0307,0.0073,0.0053,0.0393,0.01,0.01,0.0153,0.0113,0.0033,0.05,0.4247,0.118,0.1773,0.2567,0.05
1497,4.43,4.43,nan,Forest Moss Green,Cream,Red Shades,No Hat,Happy,0.0467,0.0327,0.0293,0.132,0.0967,0.0087,0.01,0.0447,0.0267,0.0067,0.0347,0.018,0.0213,0.016,0.0707,0.226,0.4247,0.1247,0.0787,0.0687,0.3147
1208,4.75,4.75,Gold Chain,Stormcloud Grey,Tan - Overweight,VR Headset,Headphones,Toothy,0.0153,0.0067,0.0013,0.002,0.018,0.0127,0.002,0.006,0.0193,0.0013,0.004,0.0147,0.0007,0.004,0.0087,0.1853,0.09,0.1187,0.0727,0.0193,0.05
12,4.35,4.35,Red Bandana,Forest Moss Green,Cream,Concerned,No Hat,Toothy,0.0167,0.006,0.0033,0.0307,0.0133,0.0087,0.0087,0.0447,0.0253,0.004,0.0347,0.018,0.008,0.0047,0.0533,0.1853,0.092,0.1247,0.0787,0.0293,0.3147
1061,4.28,4.28,Scarf,Seashell Pink,White,Drowsy,Pirate,Happy,0.022,0.0087,0.0073,0.0053,0.0353,0.0087,0.0087,0.0093,0.0307,0.0033,0.0047,0.0113,0.0033,0.01,0.014,0.226,0.1393,0.118,0.0593,0.0407,0.06
288,4.14,4.14,Bow Tie,Sunlit Gold,Tan,White Round Shades,No Hat,Toothy,0.0133,0.018,0.0113,0.0307,0.018,0.0267,0.0147,0.044,0.0293,0.0207,0.048,0.032,0.0327,0.0147,0.0533,0.1853,0.0933,0.15,0.1553,0.0987,0.3147
9,8.4,4.14,Scarf,Seashell Pink,Black - Overweight,Drowsy Cyclop,No Hat,Feral,0.022,0.0273,0.0027,0.0473,0.006,0.0253,0.0033,0.0373,0.008,0.0013,0.0607,0.0093,0.004,0.0007,0.0153,0.048,0.1393,0.118,0.1773,0.01,0.3147
632,7.07,4.02,Scarf,Sunlit Gold,Black,Normal,Fire,Mustache,0.0193,0.0347,0.0467,0.0013,0.008,0.0313,0.0427,0.0007,0.0113,0.0613,0.0013,0.0213,0.0027,0.022,0.0027,0.0767,0.1393,0.15,0.2333,0.2567,0.0093
1035,16.35,4.04,Samurai Sword,Sunlit Gold,Black,Goggles,Angel Halo,Sad,0.0013,0.0053,0.0007,0.0007,0.0027,0.0313,0.0087,0.0013,0.014,0.016,0.0013,0.0247,0.0007,0.0073,0.002,0.118,0.0187,0.15,0.2333,0.0573,0.01
755,6.7,4.04,Red Bandana,Sunlit Gold,Tan - Overweight,White Shades,Leprechaun,Happy,0.0147,0.006,0.0133,0.002,0.0267,0.0113,0.026,0.002,0.04,0.0153,0.0013,0.016,0.0027,0.034,0.0013,0.226,0.092,0.15,0.0727,0.148,0.01
418,4.04,4.04,Scarf,Rose Quartz Pink,Tan - Overweight,Red Round Shades,Afro,Toothy,0.0167,0.01,0.0087,0.0087,0.0367,0.008,0.0107,0.01,0.022,0.0033,0.0067,0.0147,0.002,0.0127,0.0153,0.1853,0.1393,0.116,0.0727,0.0587,0.07
298,3.82,3.82,Gold Chain,Spiced Orange,Tan - Overweight,Concerned,Slickback,Sad,0.0107,0.0067,0.004,0.0033,0.0093,0.0053,0.0033,0.0073,0.0147,0.0033,0.0047,0.0127,0.0027,0.0047,0.0073,0.118,0.09,0.118,0.0727,0.0293,0.0493
323,4.02,3.82,nan,Forest Moss Green,Tan - Overweight,Normal,Cylinder,Happy,0.0467,0.0313,0.102,0.0193,0.0967,0.0067,0.034,0.01,0.0267,0.016,0.0053,0.016,0.012,0.0553,0.0087,0.226,0.4247,0.1247,0.0727,0.2567,0.0493
1429,3.96,3.82,nan,Spiced Orange,Tan - Overweight,Eye Patch,Pirate,Happy,0.0527,0.0313,0.0313,0.03,0.0967,0.0053,0.0107,0.006,0.0307,0.0047,0.006,0.016,0.006,0.0173,0.014,0.226,0.4247,0.118,0.0727,0.08,0.06
187,3.2,3.2,nan,Seashell Pink,Tan,Goggles,Cowboy,Sad,0.046,0.066,0.0267,0.0253,0.0447,0.0193,0.0053,0.004,0.0147,0.008,0.0047,0.0167,0.004,0.0073,0.0073,0.118,0.4247,0.118,0.1553,0.0573,0.058
872,3.2,3.2,Neck Tattoo,Sunlit Gold,White,Normal,No Hat,Surprised,0.0047,0.0027,0.0047,0.0067,0.0033,0.0067,0.0427,0.044,0.018,0.0207,0.0187,0.0067,0.0747,0.03,0.0407,0.1187,0.03,0.15,0.0593,0.2567,0.3147
1226,2.71,2.71,Gold Chain,Forest Moss Green,Tan,Normal,No Hat,Drooling,0.006,0.0113,0.0233,0.0273,0.0073,0.0173,0.034,0.0447,0.008,0.038,0.048,0.008,0.0747,0.0173,0.0253,0.07,0.09,0.1247,0.1553,0.2567,0.3147
763,2.71,2.71,Gold Chain,Seashell Pink,Cream,Red Round Shades,No Hat,Feral,0.0113,0.0067,0.0067,0.0273,0.0047,0.008,0.0087,0.0373,0.008,0.004,0.0347,0.0033,0.0247,0.0033,0.0153,0.048,0.09,0.118,0.0787,0.0587,0.3147
771,4.6,2.71,nan,Sunlit Gold,Black - Overweight,Goggles,Baseball Cap,Sad,0.0673,0.08,0.0267,0.0047,0.0447,0.032,0.0087,0.002,0.014,0.0067,0.002,0.0187,0.0007,0.0073,0.0007,0.118,0.4247,0.15,0.1773,0.0573,0.0093
917,2.82,2.78,Scarf,Sunlit Gold,Cream,Red Shades,Party Hat,Drooling,0.0193,0.014,0.0067,0.0033,0.006,0.0127,0.0133,0.008,0.0107,0.0067,0.002,0.0033,0.0033,0.0033,0.004,0.07,0.1393,0.15,0.0787,0.0687,0.05
525,2.78,2.78,nan,Rose Quartz Pink,Black - Overweight,White Shades,Headphones,Sad,0.048,0.08,0.066,0.022,0.0447,0.0187,0.0207,0.006,0.012,0.0347,0.01,0.0187,0.0087,0.0147,0.0093,0.118,0.4247,0.116,0.1773,0.148,0.05
454,2.78,2.78,nan,Midnight Sapphire Blue,Blue,Normal,Cowboy,Bubble Gum,0.0567,0.03,0.102,0.0253,0.0227,0.0093,0.03,0.01,0.0033,0.0133,0.004,0.0053,0.0167,0.0113,0.004,0.05,0.4247,0.1167,0.0633,0.2567,0.058
1161,3.58,2.43,nan,Lavender Dusk Purple,Black,Eye Patch,Leprechaun,Surprised,0.0507,0.0873,0.0313,0.0053,0.056,0.03,0.0093,0.0027,0.0127,0.018,0.002,0.0267,0.0007,0.0093,0.002,0.1187,0.4247,0.1187,0.2333,0.08,0.01
408,2.72,2.37,Bow Tie,Sunlit Gold,Sable,White Round Shades,Afro,Vampire,0.0133,0.002,0.0113,0.0067,0.0073,0.0087,0.0147,0.0133,0.0093,0.0047,0.004,0.004,0.0073,0.0047,0.0047,0.0593,0.0933,0.15,0.0633,0.0987,0.07
412,2.37,2.37,nan,Spiced Orange,Tan,Eye Patch,No Hat,Sad,0.0527,0.066,0.0313,0.132,0.0447,0.0207,0.0107,0.032,0.0147,0.0113,0.048,0.0167,0.0267,0.0093,0.0387,0.118,0.4247,0.118,0.1553,0.08,0.3147
1041,2.37,2.37,nan,Lavender Dusk Purple,Tan - Overweight,Normal,Afro,Vampire,0.0507,0.0313,0.102,0.034,0.026,0.008,0.0353,0.006,0.0073,0.016,0.0067,0.0047,0.0173,0.018,0.0047,0.0593,0.4247,0.1187,0.0727,0.2567,0.07
96,2.07,2.07,nan,Sunlit Gold,Black,Normal,Pirate,Happy,0.0673,0.0873,0.102,0.03,0.0967,0.0313,0.0427,0.0073,0.04,0.0613,0.0147,0.0613,0.0153,0.0553,0.014,0.226,0.4247,0.15,0.2333,0.2567,0.06
1438,2.07,2.07,nan,Lavender Dusk Purple,Tan - Overweight,White Round Shades,No Hat,Mustache,0.0507,0.0313,0.0427,0.132,0.0347,0.008,0.01,0.0367,0.01,0.0027,0.016,0.0047,0.0327,0.0073,0.022,0.0767,0.4247,0.1187,0.0727,0.0987,0.3147
446,2.07,2.07,nan,Sunlit Gold,Lilac,Normal,Pirate,Drooling,0.0673,0.018,0.102,0.03,0.032,0.0087,0.0427,0.0073,0.0107,0.0133,0.0027,0.002,0.0153,0.0173,0.0053,0.07,0.4247,0.15,0.0433,0.2567,0.06
310,1.64,1.64,nan,Stormcloud Grey,Blue,Drowsy,No Hat,Toothy,0.0467,0.03,0.0233,0.132,0.074,0.0067,0.004,0.0367,0.0193,0.0027,0.0207,0.0113,0.012,0.008,0.0533,0.1853,0.4247,0.1187,0.0633,0.0407,0.3147
586,1.71,1.54,Neck Tattoo,Sunlit Gold,Black - Overweight,Normal,Wizard,Bubble Gum,0.0047,0.0033,0.0047,0.0007,0.004,0.032,0.0427,0.002,0.0073,0.0393,0.004,0.01,0.0033,0.0113,0.0033,0.05,0.03,0.15,0.1773,0.2567,0.02
586,2.24,1.8,Neck Tattoo,Sunlit Gold,Black - Overweight,Normal,Wizard,Bubble Gum,0.0047,0.0033,0.0047,0.0007,0.004,0.032,0.0427,0.002,0.0073,0.0393,0.004,0.01,0.0033,0.0113,0.0033,0.05,0.03,0.15,0.1773,0.2567,0.02
385,1.54,1.54,Bow Tie,Lavender Dusk Purple,White,White Shades,No Hat,Panting,0.01,0.0047,0.0153,0.0307,0.0053,0.008,0.014,0.0367,0.008,0.006,0.0187,0.004,0.0487,0.0087,0.0173,0.048,0.0933,0.1187,0.0593,0.148,0.3147
1419,1.7,1.7,Scarf,Rose Quartz Pink,Black,White Shades,Afro,Toothy,0.0167,0.0347,0.0187,0.0087,0.0367,0.032,0.0207,0.01,0.022,0.0327,0.0193,0.0347,0.012,0.03,0.0153,0.1853,0.1393,0.116,0.2333,0.148,0.07
1068,1.76,1.7,Scarf,Midnight Sapphire Blue,Black - Overweight,Goggles,No Hat,Happy,0.0133,0.0273,0.004,0.0473,0.0353,0.0173,0.0073,0.0367,0.0253,0.0067,0.0607,0.042,0.0167,0.0113,0.0707,0.226,0.1393,0.1167,0.1773,0.0573,0.3147
20,1.7,1.7,nan,Rose Quartz Pink,White,Normal,Elvis,Happy,0.048,0.028,0.102,0.0273,0.0967,0.004,0.0273,0.0067,0.0247,0.0207,0.0053,0.0113,0.0167,0.0553,0.0207,0.226,0.4247,0.116,0.0593,0.2567,0.07
786,1.7,1.7,Gold Chain,Spiced Orange,Black,Gold Shades,Party Hat,Happy,0.0107,0.0267,0.0027,0.006,0.0147,0.0267,0.0033,0.0067,0.0307,0.0047,0.014,0.0613,0.0027,0.0067,0.012,0.226,0.09,0.118,0.2333,0.02,0.05
303,2.32,1.7,Samurai Sword,Lavender Dusk Purple,Blue,Normal,Slickback,Mustache,0.0027,0.002,0.006,0.0007,0.0033,0.0073,0.0353,0.006,0.01,0.0133,0.002,0.0053,0.018,0.022,0.0033,0.0767,0.0187,0.1187,0.0633,0.2567,0.0493
1282,2.73,1.7,nan,Forest Moss Green,Black,Red Shades,Top Hat,Toothy,0.0467,0.0873,0.0293,0.0047,0.074,0.032,0.01,0.0007,0.0253,0.016,0.002,0.0347,0.0013,0.0113,0.002,0.1853,0.4247,0.1247,0.2333,0.0687,0.01
1456,2.03,1.7,nan,Lavender Dusk Purple,Black,Concerned,Wizard,Panting,0.0507,0.0873,0.0127,0.0093,0.0193,0.03,0.0013,0.0027,0.008,0.0047,0.0033,0.0127,0.0013,0.0013,0.0013,0.048,0.4247,0.1187,0.2333,0.0293,0.02
1472,4.97,1.75,nan,Stormcloud Grey,Lilac,Goggles,Bone,Surprised,0.0467,0.018,0.0267,0.0053,0.056,0.0033,0.0073,0.0007,0.0127,0.0027,0.0007,0.004,0.0013,0.0067,0.0027,0.1187,0.4247,0.1187,0.0433,0.0573,0.0093
617,2.43,1.8,Red Bandana,Seashell Pink,White,VR Headset,Headband,Toothy,0.008,0.0053,0.0013,0.0047,0.0133,0.0087,0.0027,0.0047,0.0247,0.0013,0.0047,0.0093,0.0013,0.004,0.0107,0.1853,0.092,0.118,0.0593,0.0193,0.0447
1405,1.8,1.8,Scarf,Rose Quartz Pink,Tan,Normal,No Hat,Toothy,0.0167,0.0227,0.0467,0.0473,0.0367,0.018,0.0273,0.0407,0.022,0.038,0.048,0.032,0.0747,0.0513,0.0533,0.1853,0.1393,0.116,0.1553,0.2567,0.3147
389,1.6,1.6,Tie,Lavender Dusk Purple,Black,Normal,No Hat,Surprised,0.0087,0.0167,0.0187,0.024,0.008,0.03,0.0353,0.0367,0.0127,0.0613,0.0727,0.0267,0.0747,0.03,0.0407,0.1187,0.0627,0.1187,0.2333,0.2567,0.3147
393,1.5,1.5,Red Bandana,Midnight Sapphire Blue,Black,White Shades,Elvis,Mustache,0.0113,0.0253,0.0133,0.0067,0.0087,0.0233,0.0147,0.008,0.0133,0.0327,0.018,0.0213,0.0113,0.01,0.0047,0.0767,0.092,0.1167,0.2333,0.148,0.07
732,1.5,1.5,nan,Forest Moss Green,Sable,Eye Patch,Afro,Mustache,0.0467,0.0293,0.0313,0.034,0.0347,0.0053,0.0107,0.006,0.008,0.0053,0.004,0.0073,0.006,0.0067,0.01,0.0767,0.4247,0.1247,0.0633,0.08,0.07
234,1.57,1.5,nan,Sunlit Gold,Black - Overweight,White Shades,Cowboy,Happy,0.0673,0.08,0.066,0.0253,0.0967,0.032,0.026,0.01,0.04,0.0347,0.0147,0.042,0.0073,0.034,0.0127,0.226,0.4247,0.15,0.1773,0.148,0.058
983,1.5,1.5,Red Bandana,Midnight Sapphire Blue,Cream,Normal,No Hat,Sad,0.0113,0.006,0.02,0.0307,0.0107,0.0093,0.03,0.0367,0.0153,0.0227,0.0347,0.0093,0.0747,0.0293,0.0387,0.118,0.092,0.1167,0.0787,0.2567,0.3147
714,1.09,1.02,nan,Spiced Orange,Tan - Overweight,Drowsy,Cylinder,Drooling,0.0527,0.0313,0.0233,0.0193,0.032,0.0053,0.004,0.0073,0.008,0.002,0.0053,0.004,0.002,0.0053,0.0027,0.07,0.4247,0.118,0.0727,0.0407,0.0493
36,1.51,0.95,Wings,Lavender Dusk Purple,Tan,Laser Eyes,No Hat,Sad,0.0013,0.0033,0.0013,0.004,0.0027,0.018,0.0033,0.0367,0.0147,0.0027,0.048,0.0167,0.006,0.0013,0.0387,0.118,0.0193,0.1187,0.1553,0.0167,0.3147
1028,0.94,0.94,Red Bandana,Forest Moss Green,Black - Overweight,Red Round Shades,Cylinder,Toothy,0.0167,0.018,0.006,0.0067,0.0133,0.026,0.0067,0.01,0.0253,0.01,0.0067,0.0373,0.006,0.0127,0.0107,0.1853,0.092,0.1247,0.1773,0.0587,0.0493
59,0.94,0.94,nan,Sunlit Gold,Tan,Drowsy,Party Hat,Drooling,0.0673,0.066,0.0233,0.0247,0.032,0.0267,0.0047,0.008,0.0107,0.008,0.006,0.008,0.0027,0.0053,0.004,0.07,0.4247,0.15,0.1553,0.0407,0.05
614,0.91,0.91,Neck Tattoo,Lavender Dusk Purple,Black,White Round Shades,Slickback,Toothy,0.0047,0.0087,0.004,0.0027,0.0027,0.03,0.01,0.006,0.022,0.024,0.0147,0.0347,0.0033,0.0147,0.0107,0.1853,0.03,0.1187,0.2333,0.0987,0.0493
683,1.07,0.91,Gold Chain,Spiced Orange,Sable,Goggles,No Hat,Toothy,0.0107,0.01,0.0067,0.0273,0.018,0.0113,0.0073,0.032,0.02,0.0033,0.014,0.0127,0.0167,0.012,0.0533,0.1853,0.09,0.118,0.0633,0.0573,0.3147
